{
  "hash": "364b676f86fbaa7e641e67d1eb506921",
  "metadata": {
    "deltaPath": [
      0,
      36
    ],
    "activeScriptHash": "6a47bfc5b7667a5df7fe5439ea897b73"
  },
  "delta": {
    "newElement": {
      "plotlyChart": {
        "useContainerWidth": true,
        "theme": "streamlit",
        "id": "$$ID-c59937223d63b397f58d40f743776bf4-None",
        "spec": "{\"data\":[{\"histfunc\":\"sum\",\"hovertemplate\":\"ROI bin: %{x}%\\u003cbr\\u003eTotal Invested: %{y:,.0f} USD\\u003cextra\\u003e\\u003c\\u002fextra\\u003e\",\"marker\":{\"color\":\"green\"},\"name\":\"Positive\",\"x\":[53.84638948755652,256.86500519789354,51.51537842460547,454.1424670786793,177.77853333559997,60.839702077279135,500.0,500.0,44.87021445106505,98.58921984590337,58.730405714730296,54.5332259521892,104.0820102050255,112.76640967216656,500.0,42.857142857142854,85.24933602272033,92.13550904559199,92.30805734338742,213.48060813794604,63.93466880363761,72.41401724205173,500.0,47.05903529445648,19.047759319912245,67.63953115890604,176.51579363790475,292.1674567723948,219.36943232008736,122.22270555676388,8.695752174053045,86.05850370430926,71.79385228335676,426.3185131721942,426.3185821203435],\"xbins\":{\"end\":500,\"size\":10,\"start\":-100},\"y\":[29.999952,13.999902,24.99996,6.999947,2.999991,9.999956,5.999945,4.999954,10.999992,20.999941,9.999982,13.999975,1.999995,10.999976,1.0,0.999999,29.999897,41.999794,10.999978,19.999936,0.999998,0.999997,0.999992,4.999992,34.999954,14.999965,9.999976,1.999972,7.999966,1.999995,4.999993,1.999995,22.999954,3.999979,4.999973],\"type\":\"histogram\"},{\"histfunc\":\"sum\",\"hovertemplate\":\"ROI bin: %{x}%\\u003cbr\\u003eTotal Invested: %{y:,.0f} USD\\u003cextra\\u003e\\u003c\\u002fextra\\u003e\",\"marker\":{\"color\":\"red\"},\"name\":\"Negative\",\"x\":[-99.99997999996401,-99.9999892760606,-99.999962428174,-99.9999789090102,-99.999989999996,-100.0,-99.99994999955,-100.0,-99.9998999992,-100.0,-100.0,-100.0,-100.0,-99.99996666648889,-100.0,-100.0,-100.0,-99.99996777773555,-100.0,-100.0,-100.0,-100.0,-99.99998749990469,-99.99999189062567,-99.99989999969999,-100.0,-100.0,-100.0,-99.9998999991,-93.62885604658294,-100.0,-100.0,-100.0,-100.0,-100.0,-99.9999789090102,-99.999949999575,-100.0,-63.75133676841682,-99.99998241785605,-99.99994999984999,-100.0,-100.0],\"xbins\":{\"end\":500,\"size\":10,\"start\":-100},\"y\":[4.999991,0.999987,0.999986,0.999991,9.999996,11.999982,1.999982,9.999969,0.999992,2.999978,3.0,0.999997,1.0,2.999984,4.999977,5.999988,5.999951,0.999998,1.999956,4.999983,0.999996,20.999992,7.999939,5.999945,0.999997,1.999982,4.999961,0.99999,0.999991,10.999907,4.99999,2.999983,0.999983,0.999987,0.999993,0.999991,1.999983,3.0,6.999956,1.999995,1.999994,10.999943,3.0],\"type\":\"histogram\"}],\"layout\":{\"template\":{\"data\":{\"candlestick\":[{\"decreasing\":{\"line\":{\"color\":\"#000033\"}},\"increasing\":{\"line\":{\"color\":\"#000032\"}},\"type\":\"candlestick\"}],\"contourcarpet\":[{\"colorscale\":[[0.0,\"#000011\"],[0.1111111111111111,\"#000012\"],[0.2222222222222222,\"#000013\"],[0.3333333333333333,\"#000014\"],[0.4444444444444444,\"#000015\"],[0.5555555555555556,\"#000016\"],[0.6666666666666666,\"#000017\"],[0.7777777777777778,\"#000018\"],[0.8888888888888888,\"#000019\"],[1.0,\"#000020\"]],\"type\":\"contourcarpet\"}],\"contour\":[{\"colorscale\":[[0.0,\"#000011\"],[0.1111111111111111,\"#000012\"],[0.2222222222222222,\"#000013\"],[0.3333333333333333,\"#000014\"],[0.4444444444444444,\"#000015\"],[0.5555555555555556,\"#000016\"],[0.6666666666666666,\"#000017\"],[0.7777777777777778,\"#000018\"],[0.8888888888888888,\"#000019\"],[1.0,\"#000020\"]],\"type\":\"contour\"}],\"heatmap\":[{\"colorscale\":[[0.0,\"#000011\"],[0.1111111111111111,\"#000012\"],[0.2222222222222222,\"#000013\"],[0.3333333333333333,\"#000014\"],[0.4444444444444444,\"#000015\"],[0.5555555555555556,\"#000016\"],[0.6666666666666666,\"#000017\"],[0.7777777777777778,\"#000018\"],[0.8888888888888888,\"#000019\"],[1.0,\"#000020\"]],\"type\":\"heatmap\"}],\"histogram2d\":[{\"colorscale\":[[0.0,\"#000011\"],[0.1111111111111111,\"#000012\"],[0.2222222222222222,\"#000013\"],[0.3333333333333333,\"#000014\"],[0.4444444444444444,\"#000015\"],[0.5555555555555556,\"#000016\"],[0.6666666666666666,\"#000017\"],[0.7777777777777778,\"#000018\"],[0.8888888888888888,\"#000019\"],[1.0,\"#000020\"]],\"type\":\"histogram2d\"}],\"icicle\":[{\"textfont\":{\"color\":\"white\"},\"type\":\"icicle\"}],\"sankey\":[{\"textfont\":{\"color\":\"#000036\"},\"type\":\"sankey\"}],\"scatter\":[{\"marker\":{\"line\":{\"width\":0}},\"type\":\"scatter\"}],\"table\":[{\"cells\":{\"fill\":{\"color\":\"#000038\"},\"font\":{\"color\":\"#000037\"},\"line\":{\"color\":\"#000039\"}},\"header\":{\"fill\":{\"color\":\"#000040\"},\"font\":{\"color\":\"#000036\"},\"line\":{\"color\":\"#000039\"}},\"type\":\"table\"}],\"waterfall\":[{\"connector\":{\"line\":{\"color\":\"#000036\",\"width\":2}},\"decreasing\":{\"marker\":{\"color\":\"#000033\"}},\"increasing\":{\"marker\":{\"color\":\"#000032\"}},\"totals\":{\"marker\":{\"color\":\"#000034\"}},\"type\":\"waterfall\"}]},\"layout\":{\"coloraxis\":{\"colorscale\":[[0.0,\"#000011\"],[0.1111111111111111,\"#000012\"],[0.2222222222222222,\"#000013\"],[0.3333333333333333,\"#000014\"],[0.4444444444444444,\"#000015\"],[0.5555555555555556,\"#000016\"],[0.6666666666666666,\"#000017\"],[0.7777777777777778,\"#000018\"],[0.8888888888888888,\"#000019\"],[1.0,\"#000020\"]]},\"colorscale\":{\"diverging\":[[0.0,\"#000021\"],[0.1,\"#000022\"],[0.2,\"#000023\"],[0.3,\"#000024\"],[0.4,\"#000025\"],[0.5,\"#000026\"],[0.6,\"#000027\"],[0.7,\"#000028\"],[0.8,\"#000029\"],[0.9,\"#000030\"],[1.0,\"#000031\"]],\"sequential\":[[0.0,\"#000011\"],[0.1111111111111111,\"#000012\"],[0.2222222222222222,\"#000013\"],[0.3333333333333333,\"#000014\"],[0.4444444444444444,\"#000015\"],[0.5555555555555556,\"#000016\"],[0.6666666666666666,\"#000017\"],[0.7777777777777778,\"#000018\"],[0.8888888888888888,\"#000019\"],[1.0,\"#000020\"]],\"sequentialminus\":[[0.0,\"#000011\"],[0.1111111111111111,\"#000012\"],[0.2222222222222222,\"#000013\"],[0.3333333333333333,\"#000014\"],[0.4444444444444444,\"#000015\"],[0.5555555555555556,\"#000016\"],[0.6666666666666666,\"#000017\"],[0.7777777777777778,\"#000018\"],[0.8888888888888888,\"#000019\"],[1.0,\"#000020\"]]},\"colorway\":[\"#000001\",\"#000002\",\"#000003\",\"#000004\",\"#000005\",\"#000006\",\"#000007\",\"#000008\",\"#000009\",\"#000010\"]}},\"shapes\":[{\"line\":{\"dash\":\"dash\"},\"opacity\":0.6,\"type\":\"line\",\"x0\":0,\"x1\":0,\"xref\":\"x\",\"y0\":0,\"y1\":1,\"yref\":\"y domain\"}],\"margin\":{\"l\":10,\"r\":10,\"t\":60,\"b\":10},\"barmode\":\"overlay\",\"bargap\":0.08,\"title\":{\"text\":\"Distribution of ROI weighted by invested capital\"},\"xaxis\":{\"title\":{\"text\":\"Overall PnL (%)\"},\"tickmode\":\"array\",\"tickvals\":[-100,-50,0,50,100,150,200,250,300,350,400,450,500,500],\"ticktext\":[\"-100%\",\"-50%\",\"0%\",\"50%\",\"100%\",\"150%\",\"200%\",\"250%\",\"300%\",\"350%\",\"400%\",\"450%\",\"500%\",\"500%+\"],\"tickangle\":0},\"yaxis\":{\"title\":{\"text\":\"Total Invested (USD)\"}},\"annotations\":[{\"align\":\"center\",\"font\":{\"color\":\"gray\",\"size\":40},\"opacity\":0.25,\"showarrow\":false,\"text\":\"hashdive.com\",\"x\":0.5,\"xref\":\"paper\",\"y\":0.5,\"yref\":\"paper\"}]}}",
        "config": "{}"
      }
    }
  }
}