{
  "hash": "2d1fb385110a8e7a9a274038222ac449",
  "metadata": {
    "deltaPath": [
      0,
      36
    ],
    "activeScriptHash": "6a47bfc5b7667a5df7fe5439ea897b73"
  },
  "delta": {
    "newElement": {
      "plotlyChart": {
        "useContainerWidth": true,
        "theme": "streamlit",
        "id": "$$ID-35686043a52180ef1b08ddb8f3d81ada-None",
        "spec": "{\"data\":[{\"histfunc\":\"sum\",\"hovertemplate\":\"ROI bin: %{x}%\\u003cbr\\u003eTotal Invested: %{y:,.0f} USD\\u003cextra\\u003e\\u003c\\u002fextra\\u003e\",\"marker\":{\"color\":\"green\"},\"name\":\"Positive\",\"x\":[500.0,150.0,47.05903529445647,78.57173928630465,63.934688688970766,400.0,143.90302975757442,33.33333333333333,69.49180508524915,156.41090666835734,13.63648913096508,145.0986398446268,95.88277556397513,257.1441291630739,177.77854444659113,66.66666666666666,38.889077399033965,400.0,500.0,85.1855246920144,59.744408874689384,455.5586311283344,500.0,78.57173928630465,170.27098973167224,51.51537242459588,44.92774222253807],\"xbins\":{\"end\":500,\"size\":10,\"start\":-100},\"y\":[5.0,10.0,14.999976,9.999981,9.999983,5.0,19.99995,15.0,9.999982,9.999974,25.969969,24.999938,24.99995,24.819911,14.999958,15.0,11.139984,10.0,9.999889,14.999971,17.999999,4.999972,9.999889,9.999981,9.999973,9.999984,14.999977],\"type\":\"histogram\"},{\"histfunc\":\"sum\",\"hovertemplate\":\"ROI bin: %{x}%\\u003cbr\\u003eTotal Invested: %{y:,.0f} USD\\u003cextra\\u003e\\u003c\\u002fextra\\u003e\",\"marker\":{\"color\":\"red\"},\"name\":\"Negative\",\"x\":[-100.0,-100.0,-99.999993333324,-100.0,-100.0,-100.0,-99.99997999988801,-100.0,-100.0,-100.0,-100.0,-99.99998999998401,-99.99998999994101,-0.7220995200348097,-99.99998999991598,-100.0,-100.0,-99.99998999997798,-100.0,-100.0,-100.0,-99.99998999977299,-99.99999599996431,-99.99999788887658,-99.999989999975,-99.99998999998101,-99.99998999997798],\"xbins\":{\"end\":500,\"size\":10,\"start\":-100},\"y\":[5.0,4.999961,14.999979,14.999951,5.0,9.999982,4.999972,14.999976,4.999984,9.999983,14.999976,9.999984,9.999941,24.999938,9.999916,10.0,10.25648,9.999978,14.999956,10.0,10.0,9.999773,24.999777,9.999889,9.999975,9.999981,9.999978],\"type\":\"histogram\"}],\"layout\":{\"template\":{\"data\":{\"candlestick\":[{\"decreasing\":{\"line\":{\"color\":\"#000033\"}},\"increasing\":{\"line\":{\"color\":\"#000032\"}},\"type\":\"candlestick\"}],\"contourcarpet\":[{\"colorscale\":[[0.0,\"#000011\"],[0.1111111111111111,\"#000012\"],[0.2222222222222222,\"#000013\"],[0.3333333333333333,\"#000014\"],[0.4444444444444444,\"#000015\"],[0.5555555555555556,\"#000016\"],[0.6666666666666666,\"#000017\"],[0.7777777777777778,\"#000018\"],[0.8888888888888888,\"#000019\"],[1.0,\"#000020\"]],\"type\":\"contourcarpet\"}],\"contour\":[{\"colorscale\":[[0.0,\"#000011\"],[0.1111111111111111,\"#000012\"],[0.2222222222222222,\"#000013\"],[0.3333333333333333,\"#000014\"],[0.4444444444444444,\"#000015\"],[0.5555555555555556,\"#000016\"],[0.6666666666666666,\"#000017\"],[0.7777777777777778,\"#000018\"],[0.8888888888888888,\"#000019\"],[1.0,\"#000020\"]],\"type\":\"contour\"}],\"heatmap\":[{\"colorscale\":[[0.0,\"#000011\"],[0.1111111111111111,\"#000012\"],[0.2222222222222222,\"#000013\"],[0.3333333333333333,\"#000014\"],[0.4444444444444444,\"#000015\"],[0.5555555555555556,\"#000016\"],[0.6666666666666666,\"#000017\"],[0.7777777777777778,\"#000018\"],[0.8888888888888888,\"#000019\"],[1.0,\"#000020\"]],\"type\":\"heatmap\"}],\"histogram2d\":[{\"colorscale\":[[0.0,\"#000011\"],[0.1111111111111111,\"#000012\"],[0.2222222222222222,\"#000013\"],[0.3333333333333333,\"#000014\"],[0.4444444444444444,\"#000015\"],[0.5555555555555556,\"#000016\"],[0.6666666666666666,\"#000017\"],[0.7777777777777778,\"#000018\"],[0.8888888888888888,\"#000019\"],[1.0,\"#000020\"]],\"type\":\"histogram2d\"}],\"icicle\":[{\"textfont\":{\"color\":\"white\"},\"type\":\"icicle\"}],\"sankey\":[{\"textfont\":{\"color\":\"#000036\"},\"type\":\"sankey\"}],\"scatter\":[{\"marker\":{\"line\":{\"width\":0}},\"type\":\"scatter\"}],\"table\":[{\"cells\":{\"fill\":{\"color\":\"#000038\"},\"font\":{\"color\":\"#000037\"},\"line\":{\"color\":\"#000039\"}},\"header\":{\"fill\":{\"color\":\"#000040\"},\"font\":{\"color\":\"#000036\"},\"line\":{\"color\":\"#000039\"}},\"type\":\"table\"}],\"waterfall\":[{\"connector\":{\"line\":{\"color\":\"#000036\",\"width\":2}},\"decreasing\":{\"marker\":{\"color\":\"#000033\"}},\"increasing\":{\"marker\":{\"color\":\"#000032\"}},\"totals\":{\"marker\":{\"color\":\"#000034\"}},\"type\":\"waterfall\"}]},\"layout\":{\"coloraxis\":{\"colorscale\":[[0.0,\"#000011\"],[0.1111111111111111,\"#000012\"],[0.2222222222222222,\"#000013\"],[0.3333333333333333,\"#000014\"],[0.4444444444444444,\"#000015\"],[0.5555555555555556,\"#000016\"],[0.6666666666666666,\"#000017\"],[0.7777777777777778,\"#000018\"],[0.8888888888888888,\"#000019\"],[1.0,\"#000020\"]]},\"colorscale\":{\"diverging\":[[0.0,\"#000021\"],[0.1,\"#000022\"],[0.2,\"#000023\"],[0.3,\"#000024\"],[0.4,\"#000025\"],[0.5,\"#000026\"],[0.6,\"#000027\"],[0.7,\"#000028\"],[0.8,\"#000029\"],[0.9,\"#000030\"],[1.0,\"#000031\"]],\"sequential\":[[0.0,\"#000011\"],[0.1111111111111111,\"#000012\"],[0.2222222222222222,\"#000013\"],[0.3333333333333333,\"#000014\"],[0.4444444444444444,\"#000015\"],[0.5555555555555556,\"#000016\"],[0.6666666666666666,\"#000017\"],[0.7777777777777778,\"#000018\"],[0.8888888888888888,\"#000019\"],[1.0,\"#000020\"]],\"sequentialminus\":[[0.0,\"#000011\"],[0.1111111111111111,\"#000012\"],[0.2222222222222222,\"#000013\"],[0.3333333333333333,\"#000014\"],[0.4444444444444444,\"#000015\"],[0.5555555555555556,\"#000016\"],[0.6666666666666666,\"#000017\"],[0.7777777777777778,\"#000018\"],[0.8888888888888888,\"#000019\"],[1.0,\"#000020\"]]},\"colorway\":[\"#000001\",\"#000002\",\"#000003\",\"#000004\",\"#000005\",\"#000006\",\"#000007\",\"#000008\",\"#000009\",\"#000010\"]}},\"shapes\":[{\"line\":{\"dash\":\"dash\"},\"opacity\":0.6,\"type\":\"line\",\"x0\":0,\"x1\":0,\"xref\":\"x\",\"y0\":0,\"y1\":1,\"yref\":\"y domain\"}],\"margin\":{\"l\":10,\"r\":10,\"t\":60,\"b\":10},\"barmode\":\"overlay\",\"bargap\":0.08,\"title\":{\"text\":\"Distribution of ROI weighted by invested capital\"},\"xaxis\":{\"title\":{\"text\":\"Overall PnL (%)\"},\"tickmode\":\"array\",\"tickvals\":[-100,-50,0,50,100,150,200,250,300,350,400,450,500,500],\"ticktext\":[\"-100%\",\"-50%\",\"0%\",\"50%\",\"100%\",\"150%\",\"200%\",\"250%\",\"300%\",\"350%\",\"400%\",\"450%\",\"500%\",\"500%+\"],\"tickangle\":0},\"yaxis\":{\"title\":{\"text\":\"Total Invested (USD)\"}},\"annotations\":[{\"align\":\"center\",\"font\":{\"color\":\"gray\",\"size\":40},\"opacity\":0.25,\"showarrow\":false,\"text\":\"hashdive.com\",\"x\":0.5,\"xref\":\"paper\",\"y\":0.5,\"yref\":\"paper\"}]}}",
        "config": "{}"
      }
    }
  }
}