{
  "hash": "30bc866b3c943c9247cee4e6dc29f833",
  "metadata": {
    "deltaPath": [
      0,
      37
    ],
    "activeScriptHash": "6a47bfc5b7667a5df7fe5439ea897b73"
  },
  "delta": {
    "newElement": {
      "plotlyChart": {
        "useContainerWidth": true,
        "theme": "streamlit",
        "id": "$$ID-05dc640a9bec335e1b0b9c2521d40e46-None",
        "spec": "{\"data\":[{\"histfunc\":\"sum\",\"hovertemplate\":\"ROI bin: %{x}%\\u003cbr\\u003eTotal Invested: %{y:,.0f} USD\\u003cextra\\u003e\\u003c\\u002fextra\\u003e\",\"marker\":{\"color\":\"green\"},\"name\":\"Positive\",\"x\":[500.0,11.101177724004964,106.70067301762285,67.22858002760009,1.1841778085875192],\"xbins\":{\"end\":500,\"size\":10,\"start\":-100},\"y\":[1.0,1.999978,4.999982,9.999965,69.999923223163],\"type\":\"histogram\"},{\"histfunc\":\"sum\",\"hovertemplate\":\"ROI bin: %{x}%\\u003cbr\\u003eTotal Invested: %{y:,.0f} USD\\u003cextra\\u003e\\u003c\\u002fextra\\u003e\",\"marker\":{\"color\":\"red\"},\"name\":\"Negative\",\"x\":[-100.0,-100.0,-100.0,-100.0,-37.5,-100.0,-100.0,-99.99999700932759,-100.0,-99.99999693334712,-58.33263405508532,-100.0,-21.671137348546548,-100.0,-100.0,-100.0,-99.99999788887658,-20.14023688537208,-100.0,-100.0,-100.0,-100.0,-100.0],\"xbins\":{\"end\":500,\"size\":10,\"start\":-100},\"y\":[0.999956,6.99998,1.999986,1.0,10.0,1.999983,5.22,1.999985,5.0,4.999979,4.999917,4.899983,5.349911,4.2,11.809521,5.0,9.999889,22.969517444812,4.999717528,1.35,0.999923051925,9.998282,9.519829],\"type\":\"histogram\"}],\"layout\":{\"template\":{\"data\":{\"candlestick\":[{\"decreasing\":{\"line\":{\"color\":\"#000033\"}},\"increasing\":{\"line\":{\"color\":\"#000032\"}},\"type\":\"candlestick\"}],\"contourcarpet\":[{\"colorscale\":[[0.0,\"#000011\"],[0.1111111111111111,\"#000012\"],[0.2222222222222222,\"#000013\"],[0.3333333333333333,\"#000014\"],[0.4444444444444444,\"#000015\"],[0.5555555555555556,\"#000016\"],[0.6666666666666666,\"#000017\"],[0.7777777777777778,\"#000018\"],[0.8888888888888888,\"#000019\"],[1.0,\"#000020\"]],\"type\":\"contourcarpet\"}],\"contour\":[{\"colorscale\":[[0.0,\"#000011\"],[0.1111111111111111,\"#000012\"],[0.2222222222222222,\"#000013\"],[0.3333333333333333,\"#000014\"],[0.4444444444444444,\"#000015\"],[0.5555555555555556,\"#000016\"],[0.6666666666666666,\"#000017\"],[0.7777777777777778,\"#000018\"],[0.8888888888888888,\"#000019\"],[1.0,\"#000020\"]],\"type\":\"contour\"}],\"heatmap\":[{\"colorscale\":[[0.0,\"#000011\"],[0.1111111111111111,\"#000012\"],[0.2222222222222222,\"#000013\"],[0.3333333333333333,\"#000014\"],[0.4444444444444444,\"#000015\"],[0.5555555555555556,\"#000016\"],[0.6666666666666666,\"#000017\"],[0.7777777777777778,\"#000018\"],[0.8888888888888888,\"#000019\"],[1.0,\"#000020\"]],\"type\":\"heatmap\"}],\"histogram2d\":[{\"colorscale\":[[0.0,\"#000011\"],[0.1111111111111111,\"#000012\"],[0.2222222222222222,\"#000013\"],[0.3333333333333333,\"#000014\"],[0.4444444444444444,\"#000015\"],[0.5555555555555556,\"#000016\"],[0.6666666666666666,\"#000017\"],[0.7777777777777778,\"#000018\"],[0.8888888888888888,\"#000019\"],[1.0,\"#000020\"]],\"type\":\"histogram2d\"}],\"icicle\":[{\"textfont\":{\"color\":\"white\"},\"type\":\"icicle\"}],\"sankey\":[{\"textfont\":{\"color\":\"#000036\"},\"type\":\"sankey\"}],\"scatter\":[{\"marker\":{\"line\":{\"width\":0}},\"type\":\"scatter\"}],\"table\":[{\"cells\":{\"fill\":{\"color\":\"#000038\"},\"font\":{\"color\":\"#000037\"},\"line\":{\"color\":\"#000039\"}},\"header\":{\"fill\":{\"color\":\"#000040\"},\"font\":{\"color\":\"#000036\"},\"line\":{\"color\":\"#000039\"}},\"type\":\"table\"}],\"waterfall\":[{\"connector\":{\"line\":{\"color\":\"#000036\",\"width\":2}},\"decreasing\":{\"marker\":{\"color\":\"#000033\"}},\"increasing\":{\"marker\":{\"color\":\"#000032\"}},\"totals\":{\"marker\":{\"color\":\"#000034\"}},\"type\":\"waterfall\"}]},\"layout\":{\"coloraxis\":{\"colorscale\":[[0.0,\"#000011\"],[0.1111111111111111,\"#000012\"],[0.2222222222222222,\"#000013\"],[0.3333333333333333,\"#000014\"],[0.4444444444444444,\"#000015\"],[0.5555555555555556,\"#000016\"],[0.6666666666666666,\"#000017\"],[0.7777777777777778,\"#000018\"],[0.8888888888888888,\"#000019\"],[1.0,\"#000020\"]]},\"colorscale\":{\"diverging\":[[0.0,\"#000021\"],[0.1,\"#000022\"],[0.2,\"#000023\"],[0.3,\"#000024\"],[0.4,\"#000025\"],[0.5,\"#000026\"],[0.6,\"#000027\"],[0.7,\"#000028\"],[0.8,\"#000029\"],[0.9,\"#000030\"],[1.0,\"#000031\"]],\"sequential\":[[0.0,\"#000011\"],[0.1111111111111111,\"#000012\"],[0.2222222222222222,\"#000013\"],[0.3333333333333333,\"#000014\"],[0.4444444444444444,\"#000015\"],[0.5555555555555556,\"#000016\"],[0.6666666666666666,\"#000017\"],[0.7777777777777778,\"#000018\"],[0.8888888888888888,\"#000019\"],[1.0,\"#000020\"]],\"sequentialminus\":[[0.0,\"#000011\"],[0.1111111111111111,\"#000012\"],[0.2222222222222222,\"#000013\"],[0.3333333333333333,\"#000014\"],[0.4444444444444444,\"#000015\"],[0.5555555555555556,\"#000016\"],[0.6666666666666666,\"#000017\"],[0.7777777777777778,\"#000018\"],[0.8888888888888888,\"#000019\"],[1.0,\"#000020\"]]},\"colorway\":[\"#000001\",\"#000002\",\"#000003\",\"#000004\",\"#000005\",\"#000006\",\"#000007\",\"#000008\",\"#000009\",\"#000010\"]}},\"shapes\":[{\"line\":{\"dash\":\"dash\"},\"opacity\":0.6,\"type\":\"line\",\"x0\":0,\"x1\":0,\"xref\":\"x\",\"y0\":0,\"y1\":1,\"yref\":\"y domain\"}],\"margin\":{\"l\":10,\"r\":10,\"t\":60,\"b\":10},\"barmode\":\"overlay\",\"bargap\":0.08,\"title\":{\"text\":\"Distribution of ROI weighted by invested capital\"},\"xaxis\":{\"title\":{\"text\":\"Overall PnL (%)\"},\"tickmode\":\"array\",\"tickvals\":[-100,-50,0,50,100,150,200,250,300,350,400,450,500,500],\"ticktext\":[\"-100%\",\"-50%\",\"0%\",\"50%\",\"100%\",\"150%\",\"200%\",\"250%\",\"300%\",\"350%\",\"400%\",\"450%\",\"500%\",\"500%+\"],\"tickangle\":0},\"yaxis\":{\"title\":{\"text\":\"Total Invested (USD)\"}},\"annotations\":[{\"align\":\"center\",\"font\":{\"color\":\"gray\",\"size\":40},\"opacity\":0.25,\"showarrow\":false,\"text\":\"hashdive.com\",\"x\":0.5,\"xref\":\"paper\",\"y\":0.5,\"yref\":\"paper\"}]}}",
        "config": "{}"
      }
    }
  }
}