{
  "hash": "63c0d12ce2f83ed4a381a31222cf16cf",
  "metadata": {
    "deltaPath": [
      0,
      36
    ],
    "activeScriptHash": "6a47bfc5b7667a5df7fe5439ea897b73"
  },
  "delta": {
    "newElement": {
      "plotlyChart": {
        "useContainerWidth": true,
        "theme": "streamlit",
        "id": "$$ID-d2efe8b78b696260b209e7fe6a87e353-None",
        "spec": "{\"data\":[{\"histfunc\":\"sum\",\"hovertemplate\":\"ROI bin: %{x}%\\u003cbr\\u003eTotal Invested: %{y:,.0f} USD\\u003cextra\\u003e\\u003c\\u002fextra\\u003e\",\"marker\":{\"color\":\"green\"},\"name\":\"Positive\",\"x\":[18.6046511627907,84.38689287400464,40.70422535211268,93.87755102040815,80.0,5.333333333333334,11.688311688311687,26.923076923076927,28.947368421052634,40.04428888888889,19.70534069981584,102.19560725512846,87.50000000000001,107.5,30.029123849806773,97.71015176264189,500.0,42.761088322372146,4.497907949790795,50.26473486150124,99.99913439024284,14.285714285714285,0.0,500.0,500.0,500.0,126.19262964880242,500.0,15.068493150684933,35.714285714285715,500.0,68.75,500.0,0.0,27.419354838709676,144.0,92.0,100.0],\"xbins\":{\"end\":500,\"size\":10,\"start\":-100},\"y\":[8.6,9.596933,7.1,4.9,5.5,1.875,7.7,7.8,4.0812,4.5,10.86,5.934285,4.8,4.0,6.000883,5.600769,0.3468,35.3976,28.68,9.747271,0.231051,0.217,2.0,1.8583,0.146206,2.9721,11.667962,0.473683,7.3,2.8,0.020408,4.8,0.099905,1.2,6.2,5.0,5.0,0.1],\"type\":\"histogram\"},{\"histfunc\":\"sum\",\"hovertemplate\":\"ROI bin: %{x}%\\u003cbr\\u003eTotal Invested: %{y:,.0f} USD\\u003cextra\\u003e\\u003c\\u002fextra\\u003e\",\"marker\":{\"color\":\"red\"},\"name\":\"Negative\",\"x\":[-56.09756097560976,-6.8081140770811786,-28.571428571428577,-100.0,-100.0,-100.0,-1.149425287356322,-100.0,-95.1219512195122,-43.131346749623916,-76.08695652173914,-100.0,-100.0,-100.0],\"xbins\":{\"end\":500,\"size\":10,\"start\":-100},\"y\":[4.1,11.74995,0.7,7.9,0.6,1.29999,8.7,6.4,4.1,4.697841,2.76,1.1,6.30788,10.03],\"type\":\"histogram\"}],\"layout\":{\"template\":{\"data\":{\"candlestick\":[{\"decreasing\":{\"line\":{\"color\":\"#000033\"}},\"increasing\":{\"line\":{\"color\":\"#000032\"}},\"type\":\"candlestick\"}],\"contourcarpet\":[{\"colorscale\":[[0.0,\"#000011\"],[0.1111111111111111,\"#000012\"],[0.2222222222222222,\"#000013\"],[0.3333333333333333,\"#000014\"],[0.4444444444444444,\"#000015\"],[0.5555555555555556,\"#000016\"],[0.6666666666666666,\"#000017\"],[0.7777777777777778,\"#000018\"],[0.8888888888888888,\"#000019\"],[1.0,\"#000020\"]],\"type\":\"contourcarpet\"}],\"contour\":[{\"colorscale\":[[0.0,\"#000011\"],[0.1111111111111111,\"#000012\"],[0.2222222222222222,\"#000013\"],[0.3333333333333333,\"#000014\"],[0.4444444444444444,\"#000015\"],[0.5555555555555556,\"#000016\"],[0.6666666666666666,\"#000017\"],[0.7777777777777778,\"#000018\"],[0.8888888888888888,\"#000019\"],[1.0,\"#000020\"]],\"type\":\"contour\"}],\"heatmap\":[{\"colorscale\":[[0.0,\"#000011\"],[0.1111111111111111,\"#000012\"],[0.2222222222222222,\"#000013\"],[0.3333333333333333,\"#000014\"],[0.4444444444444444,\"#000015\"],[0.5555555555555556,\"#000016\"],[0.6666666666666666,\"#000017\"],[0.7777777777777778,\"#000018\"],[0.8888888888888888,\"#000019\"],[1.0,\"#000020\"]],\"type\":\"heatmap\"}],\"histogram2d\":[{\"colorscale\":[[0.0,\"#000011\"],[0.1111111111111111,\"#000012\"],[0.2222222222222222,\"#000013\"],[0.3333333333333333,\"#000014\"],[0.4444444444444444,\"#000015\"],[0.5555555555555556,\"#000016\"],[0.6666666666666666,\"#000017\"],[0.7777777777777778,\"#000018\"],[0.8888888888888888,\"#000019\"],[1.0,\"#000020\"]],\"type\":\"histogram2d\"}],\"icicle\":[{\"textfont\":{\"color\":\"white\"},\"type\":\"icicle\"}],\"sankey\":[{\"textfont\":{\"color\":\"#000036\"},\"type\":\"sankey\"}],\"scatter\":[{\"marker\":{\"line\":{\"width\":0}},\"type\":\"scatter\"}],\"table\":[{\"cells\":{\"fill\":{\"color\":\"#000038\"},\"font\":{\"color\":\"#000037\"},\"line\":{\"color\":\"#000039\"}},\"header\":{\"fill\":{\"color\":\"#000040\"},\"font\":{\"color\":\"#000036\"},\"line\":{\"color\":\"#000039\"}},\"type\":\"table\"}],\"waterfall\":[{\"connector\":{\"line\":{\"color\":\"#000036\",\"width\":2}},\"decreasing\":{\"marker\":{\"color\":\"#000033\"}},\"increasing\":{\"marker\":{\"color\":\"#000032\"}},\"totals\":{\"marker\":{\"color\":\"#000034\"}},\"type\":\"waterfall\"}]},\"layout\":{\"coloraxis\":{\"colorscale\":[[0.0,\"#000011\"],[0.1111111111111111,\"#000012\"],[0.2222222222222222,\"#000013\"],[0.3333333333333333,\"#000014\"],[0.4444444444444444,\"#000015\"],[0.5555555555555556,\"#000016\"],[0.6666666666666666,\"#000017\"],[0.7777777777777778,\"#000018\"],[0.8888888888888888,\"#000019\"],[1.0,\"#000020\"]]},\"colorscale\":{\"diverging\":[[0.0,\"#000021\"],[0.1,\"#000022\"],[0.2,\"#000023\"],[0.3,\"#000024\"],[0.4,\"#000025\"],[0.5,\"#000026\"],[0.6,\"#000027\"],[0.7,\"#000028\"],[0.8,\"#000029\"],[0.9,\"#000030\"],[1.0,\"#000031\"]],\"sequential\":[[0.0,\"#000011\"],[0.1111111111111111,\"#000012\"],[0.2222222222222222,\"#000013\"],[0.3333333333333333,\"#000014\"],[0.4444444444444444,\"#000015\"],[0.5555555555555556,\"#000016\"],[0.6666666666666666,\"#000017\"],[0.7777777777777778,\"#000018\"],[0.8888888888888888,\"#000019\"],[1.0,\"#000020\"]],\"sequentialminus\":[[0.0,\"#000011\"],[0.1111111111111111,\"#000012\"],[0.2222222222222222,\"#000013\"],[0.3333333333333333,\"#000014\"],[0.4444444444444444,\"#000015\"],[0.5555555555555556,\"#000016\"],[0.6666666666666666,\"#000017\"],[0.7777777777777778,\"#000018\"],[0.8888888888888888,\"#000019\"],[1.0,\"#000020\"]]},\"colorway\":[\"#000001\",\"#000002\",\"#000003\",\"#000004\",\"#000005\",\"#000006\",\"#000007\",\"#000008\",\"#000009\",\"#000010\"]}},\"shapes\":[{\"line\":{\"dash\":\"dash\"},\"opacity\":0.6,\"type\":\"line\",\"x0\":0,\"x1\":0,\"xref\":\"x\",\"y0\":0,\"y1\":1,\"yref\":\"y domain\"}],\"margin\":{\"l\":10,\"r\":10,\"t\":60,\"b\":10},\"barmode\":\"overlay\",\"bargap\":0.08,\"title\":{\"text\":\"Distribution of ROI weighted by invested capital\"},\"xaxis\":{\"title\":{\"text\":\"Overall PnL (%)\"},\"tickmode\":\"array\",\"tickvals\":[-100,-50,0,50,100,150,200,250,300,350,400,450,500,500],\"ticktext\":[\"-100%\",\"-50%\",\"0%\",\"50%\",\"100%\",\"150%\",\"200%\",\"250%\",\"300%\",\"350%\",\"400%\",\"450%\",\"500%\",\"500%+\"],\"tickangle\":0},\"yaxis\":{\"title\":{\"text\":\"Total Invested (USD)\"}},\"annotations\":[{\"align\":\"center\",\"font\":{\"color\":\"gray\",\"size\":40},\"opacity\":0.25,\"showarrow\":false,\"text\":\"hashdive.com\",\"x\":0.5,\"xref\":\"paper\",\"y\":0.5,\"yref\":\"paper\"}]}}",
        "config": "{}"
      }
    }
  }
}