user_address,win_rate,effective_count,score,last_updated_block,sum_pnl,num_markets,user_link
0xa2711d1d311a0b2fa7f88d5c7cb760a3fa062727,0.3756708407871199,10.0,99.0,79830877,837.1243760667837,559,https://hashdive.com/Analyze_User?user_address=0xa2711d1d311a0b2fa7f88d5c7cb760a3fa062727
0xcb3b6ed4b431a9401171ba0b2694e2e296d8a2b6,0.5963687150837989,10.0,99.0,79829078,783.4068412065081,716,https://hashdive.com/Analyze_User?user_address=0xcb3b6ed4b431a9401171ba0b2694e2e296d8a2b6
0x04dbe94fc549e2bfff09aec1cd9d02960adaf0fd,0.4474655272868518,10.0,99.0,79830877,5918.257727588463,5149,https://hashdive.com/Analyze_User?user_address=0x04dbe94fc549e2bfff09aec1cd9d02960adaf0fd
0xa92d65bed9e4b4c2a7c820b4dbb6022037e14e71,0.5196987253765932,10.0,99.0,79830877,12082.472179473127,1726,https://hashdive.com/Analyze_User?user_address=0xa92d65bed9e4b4c2a7c820b4dbb6022037e14e71
0x1ba20d4314c1928e0a5d0302f7951b0c1d82eccd,0.0071174377224199285,10.0,99.0,79821879,54.395443767999765,843,https://hashdive.com/Analyze_User?user_address=0x1ba20d4314c1928e0a5d0302f7951b0c1d82eccd
0x8301ba6b12c7872de2966375960ef12d628e3bdc,0.042362624061970465,10.0,99.0,79830877,2922.000904426263,4131,https://hashdive.com/Analyze_User?user_address=0x8301ba6b12c7872de2966375960ef12d628e3bdc
0x8bb412c8548eebcb80a25729d500cba3cb518167,0.5706371191135734,10.0,99.0,79821879,65581.78186439243,361,https://hashdive.com/Analyze_User?user_address=0x8bb412c8548eebcb80a25729d500cba3cb518167
0xcacf2bf1906bb3c74a0e0453bfb91f1374e335ff,0.5607565011820331,10.0,99.0,79829078,29851.571325479676,4230,https://hashdive.com/Analyze_User?user_address=0xcacf2bf1906bb3c74a0e0453bfb91f1374e335ff
0x1e109e389fb9cc1fc37360ab796b42c12d4bbeee,0.7097396335583414,10.0,99.0,79827278,4177.3081160697875,1037,https://hashdive.com/Analyze_User?user_address=0x1e109e389fb9cc1fc37360ab796b42c12d4bbeee
0xfd13172de98a7dff6fb054107765470c30e1e6f1,0.44244105409153955,10.0,99.0,79821879,42282.27289680875,721,https://hashdive.com/Analyze_User?user_address=0xfd13172de98a7dff6fb054107765470c30e1e6f1
0xec084416ca920ee51d9e6560826e9aa4252ddb10,0.09447799827437446,10.0,99.0,79821879,1657.4414756125818,2318,https://hashdive.com/Analyze_User?user_address=0xec084416ca920ee51d9e6560826e9aa4252ddb10
0x659074f8b95176e50dbdeb720be78b1666063a26,0.2648221343873518,10.0,99.0,79830877,15091.140720091329,3795,https://hashdive.com/Analyze_User?user_address=0x659074f8b95176e50dbdeb720be78b1666063a26
0xd3f56ae316ebbc674509d3bfe2d3fe780fcc594f,0.27507163323782235,10.0,99.0,79821879,378.8191958656827,698,https://hashdive.com/Analyze_User?user_address=0xd3f56ae316ebbc674509d3bfe2d3fe780fcc594f
0xbce95071a5a1c15a65bc257d38ba3bed06e903e9,0.393026941362916,10.0,99.0,79821879,7738.720303167335,631,https://hashdive.com/Analyze_User?user_address=0xbce95071a5a1c15a65bc257d38ba3bed06e903e9
0xc88adcf407a63baa2e470998c24f6fc0d1867e26,0.24972647702407003,10.0,99.0,79830877,3332.5931722488667,3656,https://hashdive.com/Analyze_User?user_address=0xc88adcf407a63baa2e470998c24f6fc0d1867e26
0x01b4f80f5f77d5b9c9f6bb163ad0f64b1001372e,0.22887323943661972,10.0,99.0,79827278,40393.55754199999,284,https://hashdive.com/Analyze_User?user_address=0x01b4f80f5f77d5b9c9f6bb163ad0f64b1001372e
0xde71cb1b32196575da8f8ace492db0b6e9644308,0.015028177833437696,10.0,99.0,79825478,2049.60716256551,4791,https://hashdive.com/Analyze_User?user_address=0xde71cb1b32196575da8f8ace492db0b6e9644308
0xb94f0ea2ddde1779122834ec827b56afe82804d8,0.3675496688741722,10.0,99.0,79830877,2106.609150045866,2114,https://hashdive.com/Analyze_User?user_address=0xb94f0ea2ddde1779122834ec827b56afe82804d8
0x7c2c96af5bdadc1818360ac33ba77718c5a3407e,0.5558852621167161,10.0,99.0,79830877,12772.609953037096,2022,https://hashdive.com/Analyze_User?user_address=0x7c2c96af5bdadc1818360ac33ba77718c5a3407e
0xff052a89d46a289a32283dfa7815ba23da49fad7,0.6028921023359288,10.0,99.0,79830877,1224.2627968945205,899,https://hashdive.com/Analyze_User?user_address=0xff052a89d46a289a32283dfa7815ba23da49fad7
0xa9e6108c4816adb2994da7c6820de0eb9a5619f5,0.3037037037037037,10.0,99.0,79829078,1258.232353303173,270,https://hashdive.com/Analyze_User?user_address=0xa9e6108c4816adb2994da7c6820de0eb9a5619f5
0x519d98cfe6eb112fdc8d5f8e5e2c900036c937a1,0.3827817178881009,10.0,99.0,79821879,32862.310382282594,5076,https://hashdive.com/Analyze_User?user_address=0x519d98cfe6eb112fdc8d5f8e5e2c900036c937a1
0x1a20ee68ba7320a0e410de266661460e33b9101c,0.39148073022312374,10.0,99.0,79821879,32592.25138837615,493,https://hashdive.com/Analyze_User?user_address=0x1a20ee68ba7320a0e410de266661460e33b9101c
0x0f5801f1fe7dbadb5c1e92a310c9871447d90ff0,0.5053995680345572,10.0,95.45382039511273,79825478,211626.37344393137,463,https://hashdive.com/Analyze_User?user_address=0x0f5801f1fe7dbadb5c1e92a310c9871447d90ff0
0x05d7287807fcd5ffeb17684230536b969654676f,0.5087719298245614,9.56500814684686,94.69358065378393,79821879,15078.648345033027,285,https://hashdive.com/Analyze_User?user_address=0x05d7287807fcd5ffeb17684230536b969654676f
0xb4d54b91cc2e546ff9a660a0935ff6daecaa841c,0.04138166894664843,10.0,89.8625662321612,79830877,1234.4672770943519,2924,https://hashdive.com/Analyze_User?user_address=0xb4d54b91cc2e546ff9a660a0935ff6daecaa841c
0x129a3dd9236585139c4b0dc582e75a0921efc44a,0.21731123388581952,10.0,89.78688039606209,79825478,980.0019750259997,543,https://hashdive.com/Analyze_User?user_address=0x129a3dd9236585139c4b0dc582e75a0921efc44a
0xdda8652bb3fbd52dd6bef7287ed1fbb0e55354ba,0.10843373493975904,9.059714131076882,89.69116989766114,79821879,734.6765560000002,83,https://hashdive.com/Analyze_User?user_address=0xdda8652bb3fbd52dd6bef7287ed1fbb0e55354ba
0x711da0ef0b3295100b87effb8e6323bffecb4c8f,0.0277723450029337,10.0,86.99782860681378,79821879,1284.0120890000044,5113,https://hashdive.com/Analyze_User?user_address=0x711da0ef0b3295100b87effb8e6323bffecb4c8f
0xd3c4de64e875f62c3160f6a632a558eae1769434,0.23978685612788633,10.0,86.81588208379928,79821879,5301.714689416041,563,https://hashdive.com/Analyze_User?user_address=0xd3c4de64e875f62c3160f6a632a558eae1769434
0x5482e3563af2e7ab2a3ecae3ebb6fe5b6d7cb6ee,0.419953596287703,10.0,86.50085708876585,79821879,26647.70926203354,4741,https://hashdive.com/Analyze_User?user_address=0x5482e3563af2e7ab2a3ecae3ebb6fe5b6d7cb6ee
0xa0e61b50bea1b76f483c90a9dd4dc4d9099750ae,0.4520547945205479,10.0,85.28578399049883,79821879,37175.8335974641,365,https://hashdive.com/Analyze_User?user_address=0xa0e61b50bea1b76f483c90a9dd4dc4d9099750ae
0x2a5411be7e9806aefeaca706d1b84f2de6669be8,0.034169550173010384,10.0,83.74236569167296,79830877,7819.310660697512,2312,https://hashdive.com/Analyze_User?user_address=0x2a5411be7e9806aefeaca706d1b84f2de6669be8
0x269c1317a690afacdcbec050c91f9a3dd5ce58c2,0.25,10.0,82.0375592788777,79821879,17981.796208225205,224,https://hashdive.com/Analyze_User?user_address=0x269c1317a690afacdcbec050c91f9a3dd5ce58c2
0x285af1872ac997dd54367a799cb2fd9cb0d5fd1b,0.45728234336859236,10.0,81.60255348164738,79830877,4681.369307484002,1229,https://hashdive.com/Analyze_User?user_address=0x285af1872ac997dd54367a799cb2fd9cb0d5fd1b
0x2fa52606ee148c7a1776f9330c53785fc178fdcb,0.16022099447513813,10.0,80.8683140615173,79821879,946.0314919999998,181,https://hashdive.com/Analyze_User?user_address=0x2fa52606ee148c7a1776f9330c53785fc178fdcb
0x83e1c7108fdcb48f5b3cb0b7b714ba714c4b099b,0.36619718309859156,8.113721081964847,80.325838711452,79821879,29570.321652827894,142,https://hashdive.com/Analyze_User?user_address=0x83e1c7108fdcb48f5b3cb0b7b714ba714c4b099b
0x22fa6aca52594370b0a71980eef52af9abc88135,0.14893617021276595,8.105910508645774,80.24851403559316,79821879,7631.0868382331955,1081,https://hashdive.com/Analyze_User?user_address=0x22fa6aca52594370b0a71980eef52af9abc88135
0x13022b6e16543e08c8af93937ee902f0271564ca,0.1685214626391097,8.077664239213854,79.96887596821716,79821879,116.55636088619045,629,https://hashdive.com/Analyze_User?user_address=0x13022b6e16543e08c8af93937ee902f0271564ca
0x65b84b615792cf1a244ebeaca6b583347085037f,0.026881720430107527,8.439798312177508,79.7029461504712,79821879,9.622825657141007,186,https://hashdive.com/Analyze_User?user_address=0x65b84b615792cf1a244ebeaca6b583347085037f
0x7c40df456a6295c376deef32ba9b9ae768dd3d64,0.449438202247191,7.792625911824845,77.14699652706597,79830877,181.7862767800001,89,https://hashdive.com/Analyze_User?user_address=0x7c40df456a6295c376deef32ba9b9ae768dd3d64
0x2967978f4bea613811b2d0ad7ce68034fa40e3ad,0.5822784810126582,8.863900568338595,77.064803173024,79821879,184.43585981543202,79,https://hashdive.com/Analyze_User?user_address=0x2967978f4bea613811b2d0ad7ce68034fa40e3ad
0x918c5d6b0eead0562d7235c99fd797523fbab2ee,0.10975609756097561,7.846984992853014,75.59332291367357,79821879,95.11278335679101,82,https://hashdive.com/Analyze_User?user_address=0x918c5d6b0eead0562d7235c99fd797523fbab2ee
0x95a3e6ed3a7e703589eb84ce86f7bb2862d1046e,0.5923566878980892,7.628243366953807,75.51960933284269,79821879,57815.123556672894,157,https://hashdive.com/Analyze_User?user_address=0x95a3e6ed3a7e703589eb84ce86f7bb2862d1046e
0x25831873e63bd4e3ce8f2dafed5dc87832130626,0.8043478260869565,7.546179800523805,74.70718002518566,79821879,44986.712425620004,138,https://hashdive.com/Analyze_User?user_address=0x25831873e63bd4e3ce8f2dafed5dc87832130626
0x652dcf38f15fc2414120e6a9997579897f4afad3,0.27595628415300544,10.0,74.39533853505584,79829078,315.1693108656001,366,https://hashdive.com/Analyze_User?user_address=0x652dcf38f15fc2414120e6a9997579897f4afad3
0x905afcc09b376843b0757c4360f0cddd90b6e7c3,0.6428571428571429,9.803983063706207,74.34992223125454,79821879,117.33381436000002,112,https://hashdive.com/Analyze_User?user_address=0x905afcc09b376843b0757c4360f0cddd90b6e7c3
0x5ad5c4608c4661361b91c92e1091d2c5b43c37b9,0.35537190082644626,9.251171826883292,73.88120616449511,79821879,2967.444679820176,363,https://hashdive.com/Analyze_User?user_address=0x5ad5c4608c4661361b91c92e1091d2c5b43c37b9
0xc501a0653178bf22b76842aed91aaa5a85b7a0d5,0.13793103448275862,7.452359331661663,73.77835738345047,79821879,0.7803814134689999,58,https://hashdive.com/Analyze_User?user_address=0xc501a0653178bf22b76842aed91aaa5a85b7a0d5
0x96c4b0f5d839f5cb44ae07762441559ee2c2bfde,0.4307692307692308,8.673806484285814,73.5561215299445,79821879,146989.90027669756,520,https://hashdive.com/Analyze_User?user_address=0x96c4b0f5d839f5cb44ae07762441559ee2c2bfde
0xa9d10c35ba378e139a123c00fa830a5ee7e64660,0.3494539781591264,10.0,73.45343437942964,79827278,41064.18603200005,641,https://hashdive.com/Analyze_User?user_address=0xa9d10c35ba378e139a123c00fa830a5ee7e64660
0x2aa92f15f78d79b16590994a7faa66487dbc0a1f,0.05825242718446602,7.358607822488342,72.85021744263459,79821879,450.5089970662738,103,https://hashdive.com/Analyze_User?user_address=0x2aa92f15f78d79b16590994a7faa66487dbc0a1f
0xf1f06f49be8ce5681752ae80e660aeaace6858df,0.4279210925644917,9.574553989361558,72.33211922875168,79821879,53100.62326989851,659,https://hashdive.com/Analyze_User?user_address=0xf1f06f49be8ce5681752ae80e660aeaace6858df
0x66918cfea247773a0f8ef66fd73fdc1e50b917cf,0.6074074074074074,7.275513837173155,72.02758698801424,79821879,22009.26888285366,135,https://hashdive.com/Analyze_User?user_address=0x66918cfea247773a0f8ef66fd73fdc1e50b917cf
0x75cbe506ceec7bb80331954e9a47212ea62f1556,0.0043859649122807015,7.119856977332122,70.48658407558801,79830877,177.8078919999822,7752,https://hashdive.com/Analyze_User?user_address=0x75cbe506ceec7bb80331954e9a47212ea62f1556
0x29a92594a41e30261e1516a2af172a0e376846bb,0.1774193548387097,7.091334748819971,70.20421401331771,79821879,399.235209895427,62,https://hashdive.com/Analyze_User?user_address=0x29a92594a41e30261e1516a2af172a0e376846bb
0x71cd52a9bf9121cf8376ba13999468f5d659912d,0.5553595059550066,10.0,70.11164436553321,79821879,149280.35684087675,2267,https://hashdive.com/Analyze_User?user_address=0x71cd52a9bf9121cf8376ba13999468f5d659912d
0x0660b97c76cc2164ac241cee75959e783fb01966,0.2727272727272727,7.055679611919223,69.85122815800031,79821879,232.03518432188702,55,https://hashdive.com/Analyze_User?user_address=0x0660b97c76cc2164ac241cee75959e783fb01966
0x9ba47bd14c302f4d0c286bd1b479358bda2055e9,0.09836065573770492,7.055580490608246,69.85024685702163,79821879,1215.2528914810619,244,https://hashdive.com/Analyze_User?user_address=0x9ba47bd14c302f4d0c286bd1b479358bda2055e9
0x90cb9a8d4021dd4b9eb8d82a9e18de034aff1cc8,0.31746031746031744,7.051187054733754,69.80675184186416,79825478,103.91388789598702,63,https://hashdive.com/Analyze_User?user_address=0x90cb9a8d4021dd4b9eb8d82a9e18de034aff1cc8
0x607066b9542b4587da028c1b91403bf5f83a8a11,0.3871428571428571,10.0,69.79915070113492,79821879,360.00464971335856,700,https://hashdive.com/Analyze_User?user_address=0x607066b9542b4587da028c1b91403bf5f83a8a11
0x3df08a35d5774540e0620d6a2591a85964ff7791,0.25301204819277107,6.977462943959982,69.07688314520382,79821879,1159.4842269258638,83,https://hashdive.com/Analyze_User?user_address=0x3df08a35d5774540e0620d6a2591a85964ff7791
0xbfa11f805ff3d330afef83efeaa7d6285f4e2a21,0.06530214424951267,10.0,69.05829999132918,79821879,6517.316123148155,2052,https://hashdive.com/Analyze_User?user_address=0xbfa11f805ff3d330afef83efeaa7d6285f4e2a21
0x423b10e7e71d7c56518cca2d8b5874303d356137,0.038461538461538464,6.908898867083733,68.39809878412895,79821879,171.99939120382498,52,https://hashdive.com/Analyze_User?user_address=0x423b10e7e71d7c56518cca2d8b5874303d356137
0xb79fadaa593335ee1a1ccb4506c9c89ac3b2d749,0.6881496881496881,6.896287267264489,68.27324394591844,79830877,659.5263317037441,481,https://hashdive.com/Analyze_User?user_address=0xb79fadaa593335ee1a1ccb4506c9c89ac3b2d749
0x98c04d5997f94032f17751c1046ddc0678696f9c,0.27419354838709675,6.724099470292482,66.56858475589557,79821879,522.871324747151,62,https://hashdive.com/Analyze_User?user_address=0x98c04d5997f94032f17751c1046ddc0678696f9c
0x08730443345e11c078c5b2597ce3c0f06af609e8,0.3685636856368564,6.7172094636744015,66.50037369037658,79830877,1596.891565343999,738,https://hashdive.com/Analyze_User?user_address=0x08730443345e11c078c5b2597ce3c0f06af609e8
0x96ed98f5e22ab822ae75ed084c0ffc191e10a350,0.2848101265822785,6.665262135642304,65.98609514285882,79821879,1603.7546895391433,158,https://hashdive.com/Analyze_User?user_address=0x96ed98f5e22ab822ae75ed084c0ffc191e10a350
0x5d5542eb677346a9744796582a31bbbea4717cba,0.33307362680171404,10.0,65.8408006560221,79827278,6878.014881753347,2567,https://hashdive.com/Analyze_User?user_address=0x5d5542eb677346a9744796582a31bbbea4717cba
0xfb97b6a57450e995e576edc62a2a85fad3281aa0,0.24890829694323144,9.760522888751012,65.00122466655657,79821879,1657.7133101306445,229,https://hashdive.com/Analyze_User?user_address=0xfb97b6a57450e995e576edc62a2a85fad3281aa0
0xc149e4a45838f1e98c54cf61307bbb156c732c8c,0.46226415094339623,6.471215554210554,64.06503398668448,79821879,15620.96326105632,106,https://hashdive.com/Analyze_User?user_address=0xc149e4a45838f1e98c54cf61307bbb156c732c8c
0x41e92ee65bf5d89f9d6b5e3ff6dd485ff0a67003,0.0603448275862069,6.340011790554457,62.76611672648912,79821879,1019.4146072866448,116,https://hashdive.com/Analyze_User?user_address=0x41e92ee65bf5d89f9d6b5e3ff6dd485ff0a67003
0x8e22f7e80a03a36c80a7fe545369f008fc1e3061,0.21613832853025935,9.728659192657767,62.184272669042464,79821879,8960.623403950338,347,https://hashdive.com/Analyze_User?user_address=0x8e22f7e80a03a36c80a7fe545369f008fc1e3061
0x382a30b3e0cb4cd19f4488ec894a9d42e5100212,0.08571428571428572,6.249100954996694,61.86609945446727,79821879,182.41958113028,70,https://hashdive.com/Analyze_User?user_address=0x382a30b3e0cb4cd19f4488ec894a9d42e5100212
0xaba08fee3c0fd673739c9685921d77e593535e7f,0.156140350877193,9.943055817198264,61.657978632933066,79821879,1342.5236233040544,570,https://hashdive.com/Analyze_User?user_address=0xaba08fee3c0fd673739c9685921d77e593535e7f
0x51727cf649ff35f254a7975f90800dea4b290581,0.316008316008316,6.717197998927926,60.59715496519111,79821879,61521.54602028295,481,https://hashdive.com/Analyze_User?user_address=0x51727cf649ff35f254a7975f90800dea4b290581
0xb3792facec3c33c8884e0b3f7e617765a18f439d,0.21052631578947367,6.090719067239476,60.298118765670814,79821879,0.6448964810290001,38,https://hashdive.com/Analyze_User?user_address=0xb3792facec3c33c8884e0b3f7e617765a18f439d
0x7a88e27a54d132dd27b1e0d017bf6d6f66b435ae,0.3170731707317073,6.067640564659986,60.06964159013386,79821879,0.5718575845430001,41,https://hashdive.com/Analyze_User?user_address=0x7a88e27a54d132dd27b1e0d017bf6d6f66b435ae
0x67ab3eb5647216518d3aa54ed9560f0f8bcb51cd,0.358974358974359,6.061909248355592,60.01290155872036,79821879,0.524242141872,39,https://hashdive.com/Analyze_User?user_address=0x67ab3eb5647216518d3aa54ed9560f0f8bcb51cd
0xb620309be71c4e2746da89a295bb65a0e49e26f1,0.15789473684210525,6.030233204886887,59.699308728380174,79821879,0.3997574104120001,38,https://hashdive.com/Analyze_User?user_address=0xb620309be71c4e2746da89a295bb65a0e49e26f1
0x97ea14a11cdf50057f3de6b30fb3f3f168a59fc0,0.171875,6.008405671533947,59.483216148186074,79821879,620.2482890399999,64,https://hashdive.com/Analyze_User?user_address=0x97ea14a11cdf50057f3de6b30fb3f3f168a59fc0
0x9c9eb059724f17d9f4818f9b2d6b08bd23eaaf93,0.3333333333333333,5.987637777301968,59.27761399528948,79821879,0.43880640924700004,39,https://hashdive.com/Analyze_User?user_address=0x9c9eb059724f17d9f4818f9b2d6b08bd23eaaf93
0xf5d92251514fd8e292eaafab1680cb47674bee33,0.2894736842105263,5.980441654221821,59.206372376796025,79821879,0.979310429137,38,https://hashdive.com/Analyze_User?user_address=0xf5d92251514fd8e292eaafab1680cb47674bee33
0x3f36aeda9e15b8268abbf4033c15bb521c085d0a,0.07894736842105263,5.942530066060236,58.831047653996336,79821879,143.737104764298,76,https://hashdive.com/Analyze_User?user_address=0x3f36aeda9e15b8268abbf4033c15bb521c085d0a
0x330278eb937dbe7c6db7ac01346fd9e920ee79c0,0.5213483146067416,10.0,58.72532311600281,79830877,543.8062540000003,445,https://hashdive.com/Analyze_User?user_address=0x330278eb937dbe7c6db7ac01346fd9e920ee79c0
0x0f967a4e48e2880779e7bf1d063a38d7ac142f61,0.5528455284552846,10.0,58.61427367404545,79823676,340.57045224657884,369,https://hashdive.com/Analyze_User?user_address=0x0f967a4e48e2880779e7bf1d063a38d7ac142f61
0x75566377226bf8e77bc4d6ac0ac029b7d38c4272,0.14285714285714285,5.916079774342548,58.569189765991226,79821879,0.5567415055090001,35,https://hashdive.com/Analyze_User?user_address=0x75566377226bf8e77bc4d6ac0ac029b7d38c4272
0x71528368bdff0a0b58493b71832c34c373c5faac,0.05574912891986063,10.0,58.52009296170703,79830877,8069.277131491016,574,https://hashdive.com/Analyze_User?user_address=0x71528368bdff0a0b58493b71832c34c373c5faac
0x5acc5f5223a391aefd8d3281dc66a71d23178151,0.08108108108108109,5.897696851651374,58.387198831348606,79821879,0.612223273411,37,https://hashdive.com/Analyze_User?user_address=0x5acc5f5223a391aefd8d3281dc66a71d23178151
0x34593ef6b443713e4ea706b06c4b63db45437656,0.35135135135135137,5.897656196096771,58.386796341358036,79821879,0.44969243205500004,37,https://hashdive.com/Analyze_User?user_address=0x34593ef6b443713e4ea706b06c4b63db45437656
0x9422f0e5a2c4358bdd2a901aa2a31f58e04ef273,0.4684095860566449,10.0,58.19376971028244,79830877,2002.6413616022353,2754,https://hashdive.com/Analyze_User?user_address=0x9422f0e5a2c4358bdd2a901aa2a31f58e04ef273
0xae030fd03450f01d90d09f63a4fa86b873bafc87,0.2777777777777778,5.86352551416465,58.048902590230036,79821879,0.598714909103,36,https://hashdive.com/Analyze_User?user_address=0xae030fd03450f01d90d09f63a4fa86b873bafc87
0x5ace3e33d6835c6d9383d77fd5323c5033eb3a5b,0.6274509803921569,6.25494733799528,57.904621292736834,79821879,33.891875275,51,https://hashdive.com/Analyze_User?user_address=0x5ace3e33d6835c6d9383d77fd5323c5033eb3a5b
0x46e941b8cc280fb13e5fe59221e7605bf361224e,0.23076923076923078,5.84219755371003,57.8377557817293,79821879,0.4724665195759999,39,https://hashdive.com/Analyze_User?user_address=0x46e941b8cc280fb13e5fe59221e7605bf361224e
0xa445c59c0531d28a13550f29d734b33520530286,0.46853146853146854,5.841513815935716,57.83098677776359,79830877,19471.95564773297,143,https://hashdive.com/Analyze_User?user_address=0xa445c59c0531d28a13550f29d734b33520530286
0x866a3a342d5beb5cd6e6e1ed64e99930aab5016c,0.2,5.839984281134128,57.81584438322787,79821879,0.35790724354299985,35,https://hashdive.com/Analyze_User?user_address=0x866a3a342d5beb5cd6e6e1ed64e99930aab5016c
0x6a99053587ebfb69846b7e872678005e64ad2cfa,0.4090909090909091,7.63180739488393,57.524518941676774,79821879,3261.9337148073346,176,https://hashdive.com/Analyze_User?user_address=0x6a99053587ebfb69846b7e872678005e64ad2cfa
0x52e2791a74266186d6568157bcff70c6d91be255,0.28169014084507044,6.243592125908716,57.43349318338482,79821879,308.6653519414111,71,https://hashdive.com/Analyze_User?user_address=0x52e2791a74266186d6568157bcff70c6d91be255
0x06bc515ac38fe6d9e3ddb3bef18d61d6635d2887,0.1437125748502994,8.930263285841257,57.40818883767611,79821879,1770.1492348542524,167,https://hashdive.com/Analyze_User?user_address=0x06bc515ac38fe6d9e3ddb3bef18d61d6635d2887
0x6c360facc9bda4827e232c48e2b93d4c35cf4d3f,0.3783783783783784,5.798555039991071,57.4056948959116,79821879,0.6131355541430001,37,https://hashdive.com/Analyze_User?user_address=0x6c360facc9bda4827e232c48e2b93d4c35cf4d3f
0x79d768babfe641728188d157f42ce85fed755abd,0.2894736842105263,5.798105664238467,57.40124607596083,79821879,0.6927975055119999,38,https://hashdive.com/Analyze_User?user_address=0x79d768babfe641728188d157f42ce85fed755abd
0x2e39d1384b3a970f6f38d79af6e722f0cf4c6015,0.4126984126984127,5.780348952252368,57.22545462729844,79825478,111.526855134,63,https://hashdive.com/Analyze_User?user_address=0x2e39d1384b3a970f6f38d79af6e722f0cf4c6015
0x4ecd29f6b1d336da51a90e835cc211edeabfc9ff,0.6338028169014085,5.773012741818325,57.152826144001416,79829078,266.01867014507206,71,https://hashdive.com/Analyze_User?user_address=0x4ecd29f6b1d336da51a90e835cc211edeabfc9ff
0x850451a1cf55d69894a963b17f634b2a3d6a029a,0.23529411764705882,5.753939837492178,56.96400439117256,79821879,0.6766722862260001,34,https://hashdive.com/Analyze_User?user_address=0x850451a1cf55d69894a963b17f634b2a3d6a029a
0x2d99ddbe23ba86c65efd29660415519c4bdc5b69,0.25,5.741144105461462,56.837326644068476,79821879,0.7673751665640001,36,https://hashdive.com/Analyze_User?user_address=0x2d99ddbe23ba86c65efd29660415519c4bdc5b69
0x41cb5472df9e82928ed1b48d170ef8401986b4f8,0.23,8.90669377030128,56.79946483871818,79821879,79.37509338020095,100,https://hashdive.com/Analyze_User?user_address=0x41cb5472df9e82928ed1b48d170ef8401986b4f8
0x35b9b906e9cd3b71c68aea063f6bd6dd99886b49,0.12195121951219512,5.709579382950095,56.52483589120594,79821879,1216.1437242229624,82,https://hashdive.com/Analyze_User?user_address=0x35b9b906e9cd3b71c68aea063f6bd6dd99886b49
0xe5f5591ab515adaa9be628f6f28816a81a033460,0.6732673267326733,5.695851073267206,56.38892562534534,79821879,92.14527734030203,101,https://hashdive.com/Analyze_User?user_address=0xe5f5591ab515adaa9be628f6f28816a81a033460
0x94694c6bf41e7359b0012ba075c8ba13701631c9,0.5,5.691477635805427,56.34562859447372,79830877,707.4200975400001,36,https://hashdive.com/Analyze_User?user_address=0x94694c6bf41e7359b0012ba075c8ba13701631c9
0x9c534e01d3be047f0c37ac7440ccf645e7d2f0a1,0.45714285714285713,5.688528511400617,56.3164322628661,79821879,0.9053585076720001,35,https://hashdive.com/Analyze_User?user_address=0x9c534e01d3be047f0c37ac7440ccf645e7d2f0a1
0xe9a23e963a83d2a2b2a51f9873a9127f307f56c4,0.2727272727272727,5.666648435487543,56.09981951132668,79821879,0.4024973252459999,33,https://hashdive.com/Analyze_User?user_address=0xe9a23e963a83d2a2b2a51f9873a9127f307f56c4
0x7f0e0f50b6ca8730abfe50f44485382aed15f969,0.2628951747088186,10.0,55.922160032557635,79821879,1872.8742128582567,601,https://hashdive.com/Analyze_User?user_address=0x7f0e0f50b6ca8730abfe50f44485382aed15f969
0xbc96fdb33cb00bd013897df93fa90d60dbc98d9d,0.6744186046511628,5.648381099294583,55.91897288301637,79821879,5610.072315589073,43,https://hashdive.com/Analyze_User?user_address=0xbc96fdb33cb00bd013897df93fa90d60dbc98d9d
0x4b115ff44f89ebf222094de16bbdc18bf1b4f481,0.0975609756097561,5.6469613911169585,55.904917772057885,79821879,40.89811626803101,41,https://hashdive.com/Analyze_User?user_address=0x4b115ff44f89ebf222094de16bbdc18bf1b4f481
0x9c99e2b993c942b8090cceaf4f15eb424bbffe1b,0.24242424242424243,5.640839819382881,55.84431421189052,79821879,0.422297422908,33,https://hashdive.com/Analyze_User?user_address=0x9c99e2b993c942b8090cceaf4f15eb424bbffe1b
0x15ff19995ec342da97c11b96fabe09235d9b62cc,0.6428571428571429,5.640498180266697,55.84093198464029,79821879,10958.524972176678,42,https://hashdive.com/Analyze_User?user_address=0x15ff19995ec342da97c11b96fabe09235d9b62cc
0x454655049824166a1a9981a61e74af583ea52f40,0.2926829268292683,5.6196128561440055,55.63416727582565,79821879,315.14722340184596,41,https://hashdive.com/Analyze_User?user_address=0x454655049824166a1a9981a61e74af583ea52f40
0x53295fbe13e69e40690eb14b6dcaf702673b7eb0,0.06759443339960239,10.0,55.57195906587702,79830877,246.59159322345948,503,https://hashdive.com/Analyze_User?user_address=0x53295fbe13e69e40690eb14b6dcaf702673b7eb0
0x39e34dcfd9d5080cc985c4a9244cbb922779c27c,0.30303030303030304,5.604435146088862,55.483907946279736,79821879,0.7781850559850004,33,https://hashdive.com/Analyze_User?user_address=0x39e34dcfd9d5080cc985c4a9244cbb922779c27c
0x2891052458600c61fa3e74ed6afeb0fcf1a50813,0.3235294117647059,5.60278822796265,55.46760345683023,79821879,0.44182349894299994,34,https://hashdive.com/Analyze_User?user_address=0x2891052458600c61fa3e74ed6afeb0fcf1a50813
0x0ef326632e5d6f56608ac59e311a592ddb8d04aa,0.16216216216216217,5.601359029104297,55.45345438813254,79821879,1.261318218256,37,https://hashdive.com/Analyze_User?user_address=0x0ef326632e5d6f56608ac59e311a592ddb8d04aa
0x3bc7a5790846eb679231412e5e346a785710b81c,0.05,5.595058688469875,55.39108101585175,79821879,2127.7412095052514,80,https://hashdive.com/Analyze_User?user_address=0x3bc7a5790846eb679231412e5e346a785710b81c
0xbe30191650fe07e6afdb64d3cbf28fc1c340521f,0.2222222222222222,5.5880318048982875,55.32151486849305,79821879,0.6829269702010002,36,https://hashdive.com/Analyze_User?user_address=0xbe30191650fe07e6afdb64d3cbf28fc1c340521f
0x0572d94a329b4c17212a00eda43c7f3f7a58a4de,0.3611111111111111,5.587961154677747,55.3208154313097,79821879,0.8186217586129999,36,https://hashdive.com/Analyze_User?user_address=0x0572d94a329b4c17212a00eda43c7f3f7a58a4de
0x42f395a49410f299f4ab77399ef43b686c6c3427,0.0625,5.578033366663941,55.22253032997301,79821879,0.4557364025449999,32,https://hashdive.com/Analyze_User?user_address=0x42f395a49410f299f4ab77399ef43b686c6c3427
0xfd1c69b30fee30a5ec7b2ee49cd038fff8534c80,0.3333333333333333,5.556450223673026,55.00885721436296,79821879,103.998465960523,36,https://hashdive.com/Analyze_User?user_address=0xfd1c69b30fee30a5ec7b2ee49cd038fff8534c80
0x3d705b6c1609dcd8256dd54c6c105e7a524a9ec1,0.2,5.547003137798416,54.915331064204324,79821879,0.44112328392,35,https://hashdive.com/Analyze_User?user_address=0x3d705b6c1609dcd8256dd54c6c105e7a524a9ec1
0x8dd40afbf4c871f1e27842b149d649ca62a9f50d,0.34285714285714286,5.546939636978477,54.914702406086924,79821879,0.6045114764840002,35,https://hashdive.com/Analyze_User?user_address=0x8dd40afbf4c871f1e27842b149d649ca62a9f50d
0x6323b6bb6acd3f7e5cb2693b9ae864fc9befa02e,0.36585365853658536,5.545448652760661,54.89994166233054,79821879,61.54606260501299,41,https://hashdive.com/Analyze_User?user_address=0x6323b6bb6acd3f7e5cb2693b9ae864fc9befa02e
0x99984e22205053950eb25453779267bcc1aee858,0.7641810070108349,10.0,54.74620107417345,79830877,5811.190855691619,1569,https://hashdive.com/Analyze_User?user_address=0x99984e22205053950eb25453779267bcc1aee858
0x4b8aae3c04d75443740cfa8761bc2ad33036a4ac,0.3125,5.515498370277573,54.603433865747974,79821879,0.447341962736,32,https://hashdive.com/Analyze_User?user_address=0x4b8aae3c04d75443740cfa8761bc2ad33036a4ac
0xec7b9422b627b3bd04f07b2de41627b2468cfaad,0.3493975903614458,5.508936465990767,54.538471013308595,79821879,33363.012516471754,83,https://hashdive.com/Analyze_User?user_address=0xec7b9422b627b3bd04f07b2de41627b2468cfaad
0x003b3df0b74d2ce211207af9554ab99c69e4e075,0.09375,5.507015826150298,54.51945667888795,79821879,64.26522074139301,32,https://hashdive.com/Analyze_User?user_address=0x003b3df0b74d2ce211207af9554ab99c69e4e075
0x242eee2dc5a6cb5125e421c70d37bf8e6fc2035d,0.2903225806451613,5.487888973010562,54.33010083280456,79821879,0.55541946121,31,https://hashdive.com/Analyze_User?user_address=0x242eee2dc5a6cb5125e421c70d37bf8e6fc2035d
0xf6d81149bb046cb7045e3c3175ec3840f3ea8b0e,0.17647058823529413,5.461095451070512,54.06484496559806,79821879,0.6720642737110003,34,https://hashdive.com/Analyze_User?user_address=0xf6d81149bb046cb7045e3c3175ec3840f3ea8b0e
0x971bf8c5c449cdfb83484375ae19749b38eeec79,0.057692307692307696,5.4599579855269145,54.05358405671645,79821879,993.1267310653509,52,https://hashdive.com/Analyze_User?user_address=0x971bf8c5c449cdfb83484375ae19749b38eeec79
0xc7f091ae39811bbc5cab192e179175c30107875c,0.1,5.39642984059603,53.424655421900695,79821879,0.39284030672900005,30,https://hashdive.com/Analyze_User?user_address=0xc7f091ae39811bbc5cab192e179175c30107875c
0x52973be49bc5d356ce0d45694e1f46b3dfd4bc35,0.16666666666666666,5.396385673212006,53.42421816479885,79821879,0.353060168678,30,https://hashdive.com/Analyze_User?user_address=0x52973be49bc5d356ce0d45694e1f46b3dfd4bc35
0x0403b45b0ced96b9dcb53bd8fe461c41a5a4bf35,0.12903225806451613,5.389045987624884,53.351555277486355,79821879,0.5322952495740003,31,https://hashdive.com/Analyze_User?user_address=0x0403b45b0ced96b9dcb53bd8fe461c41a5a4bf35
0x255de87bedca8e87ed0752e1d36394f0f2e667cb,0.0967741935483871,5.37589948102712,53.221404862168484,79821879,0.352247368365,31,https://hashdive.com/Analyze_User?user_address=0x255de87bedca8e87ed0752e1d36394f0f2e667cb
0xa33f8a6561627daf4717325215be523468a42a66,0.25,5.374863246619669,53.211146141534726,79821879,1.1892019161090002,32,https://hashdive.com/Analyze_User?user_address=0xa33f8a6561627daf4717325215be523468a42a66
0x941bd9066733e7cef97f1ea0b507161df60a7009,0.3125,5.3743118933100815,53.20568774376981,79821879,0.718853983117,32,https://hashdive.com/Analyze_User?user_address=0x941bd9066733e7cef97f1ea0b507161df60a7009
0xdb2a34a5289b182c6686719ec2cf540392a6faa7,0.18181818181818182,5.364226393987765,53.105841300478865,79821879,260.31319212859694,44,https://hashdive.com/Analyze_User?user_address=0xdb2a34a5289b182c6686719ec2cf540392a6faa7
0x9a47a06716ff8e70f85f6ce298d9109a80ec69db,0.30303030303030304,5.356989461421807,53.034195668075895,79821879,1.496887808885,33,https://hashdive.com/Analyze_User?user_address=0x9a47a06716ff8e70f85f6ce298d9109a80ec69db
0xbe2bed25d460b1c1395306e77fc459ddaad8545c,0.23371647509578544,10.0,53.02386358204343,79821879,892.4552735356652,261,https://hashdive.com/Analyze_User?user_address=0xbe2bed25d460b1c1395306e77fc459ddaad8545c
0xbd5583b4471add6597796c385b21c9aea8f5c6bd,0.5,5.354982107830211,53.014322867519084,79821879,911.9053914107527,54,https://hashdive.com/Analyze_User?user_address=0xbd5583b4471add6597796c385b21c9aea8f5c6bd
0x623f2700686f380b0f0f640474f91df6063e53bc,0.2625,5.347702397395567,52.94225373421611,79830877,1274.9594638761023,80,https://hashdive.com/Analyze_User?user_address=0x623f2700686f380b0f0f640474f91df6063e53bc
0x90d9f30d15b1bd7eb1dda125a8ba41b4b14c8d05,0.24242424242424243,5.343192961098058,52.897610314870775,79821879,0.4688522739290002,33,https://hashdive.com/Analyze_User?user_address=0x90d9f30d15b1bd7eb1dda125a8ba41b4b14c8d05
0xcdcb148fa933d107a5e14d613b64cc9baa0a5c21,0.3,5.333308412071394,52.799753279506795,79821879,0.6885182542599999,30,https://hashdive.com/Analyze_User?user_address=0xcdcb148fa933d107a5e14d613b64cc9baa0a5c21
0x847f2538a0d735beda5da553d968a1e2426b08a5,0.22727272727272727,5.32443399926285,52.71189659270222,79821879,795.6826759118151,66,https://hashdive.com/Analyze_User?user_address=0x847f2538a0d735beda5da553d968a1e2426b08a5
0x53501b3d13852aabc77db40b536e625a1098cbc2,0.48514851485148514,5.324024519637795,52.70784274441417,79821879,21108.12531220212,101,https://hashdive.com/Analyze_User?user_address=0x53501b3d13852aabc77db40b536e625a1098cbc2
0x09bef23e5d807fded728c01d7efd6382c14f74c5,0.02857142857142857,5.322231784401131,52.690094665571195,79821879,152.812553117351,35,https://hashdive.com/Analyze_User?user_address=0x09bef23e5d807fded728c01d7efd6382c14f74c5
0x1339507c2bcc6e3b1be72e5f2313c070b375293f,0.14285714285714285,5.306076430114407,52.530156658132626,79821879,154.16188719188298,49,https://hashdive.com/Analyze_User?user_address=0x1339507c2bcc6e3b1be72e5f2313c070b375293f
0xdcfabd22bd1296e66bbe3044b50ce8b9223399c3,0.13793103448275862,5.3033080730900695,52.50274992359168,79821879,0.3441632443419999,29,https://hashdive.com/Analyze_User?user_address=0xdcfabd22bd1296e66bbe3044b50ce8b9223399c3
0x8f197085907d7674948a7a79d13026cac9859e5c,0.20134228187919462,5.847761809973716,52.49015303748645,79821879,387.1861004383988,149,https://hashdive.com/Analyze_User?user_address=0x8f197085907d7674948a7a79d13026cac9859e5c
0x110a3d1a86ef4e3cdf905ec92a5d284e59cd38a8,0.6011787819253438,7.888283558060834,52.46326039836576,79830877,8412.524477372557,509,https://hashdive.com/Analyze_User?user_address=0x110a3d1a86ef4e3cdf905ec92a5d284e59cd38a8
0x3285888614eea54a673dbf9fe2475c5ed921745f,0.29411764705882354,6.198802212799698,52.46247127862703,79821879,915.0047151522249,68,https://hashdive.com/Analyze_User?user_address=0x3285888614eea54a673dbf9fe2475c5ed921745f
0xad1c8a43f2048410fba412978ea70b1c39df3892,0.14285714285714285,5.291502614827262,52.3858758867899,79821879,0.290856327945,28,https://hashdive.com/Analyze_User?user_address=0xad1c8a43f2048410fba412978ea70b1c39df3892
0xb4c686c55081060ad3882d1a2da1c25e2b0c1ca7,0.015167930660888408,10.0,52.319780155554945,79821879,48.08143899999949,923,https://hashdive.com/Analyze_User?user_address=0xb4c686c55081060ad3882d1a2da1c25e2b0c1ca7
0x0530cf0555f5cf054416daa01ddeddbcb107fa3a,0.26666666666666666,5.284224432679938,52.31382188353138,79821879,1.103814203552,30,https://hashdive.com/Analyze_User?user_address=0x0530cf0555f5cf054416daa01ddeddbcb107fa3a
0x7e7168c600fa234bbe5c000f4a12742f30c16832,0.43333333333333335,5.2841555625027965,52.313140068777685,79821879,0.510216985323,30,https://hashdive.com/Analyze_User?user_address=0x7e7168c600fa234bbe5c000f4a12742f30c16832
0x2150d54c977acfeb17e2c08b60a133a78bb0ab3f,0.3333333333333333,5.283979845002634,52.31140046552607,79821879,0.6559114692150001,30,https://hashdive.com/Analyze_User?user_address=0x2150d54c977acfeb17e2c08b60a133a78bb0ab3f
0x2b49f00e4f406f97b00a79632ae418d7ebb7156f,0.375,5.269570174919702,52.16874473170505,79821879,0.704438264155,32,https://hashdive.com/Analyze_User?user_address=0x2b49f00e4f406f97b00a79632ae418d7ebb7156f
0x6d6458376ce520b044367d34631d77fd4d78ea86,0.2682926829268293,6.222435597467291,52.098024691381255,79821879,0.36830679797999993,41,https://hashdive.com/Analyze_User?user_address=0x6d6458376ce520b044367d34631d77fd4d78ea86
0x9094746c9454cf4db5a6810df9fd3213385f54b3,0.6986301369863014,5.249072655602416,51.96581929046392,79821879,199.071879661978,73,https://hashdive.com/Analyze_User?user_address=0x9094746c9454cf4db5a6810df9fd3213385f54b3
0x231f05bea7e0759fc219bf7472efb5bf349c2348,0.13793103448275862,5.2399522227712385,51.875527005435266,79821879,0.4742975339390002,29,https://hashdive.com/Analyze_User?user_address=0x231f05bea7e0759fc219bf7472efb5bf349c2348
0xa52addd65efd9ba4ea2ef872cb55102ac3d95b16,0.23529411764705882,5.245137512890801,51.84462576070879,79821879,449.73141805270694,34,https://hashdive.com/Analyze_User?user_address=0xa52addd65efd9ba4ea2ef872cb55102ac3d95b16
0x2ff5117d8d616efac3e39120b2e7ea48cbdb87a4,0.3669064748201439,10.0,51.688916273807905,79830877,7.1842280000000045,139,https://hashdive.com/Analyze_User?user_address=0x2ff5117d8d616efac3e39120b2e7ea48cbdb87a4
0xfea8ee746343b2c421f4ee2cb0ca1cc542657827,0.17857142857142858,5.208573150888643,51.56487419379757,79821879,0.4797432576399998,28,https://hashdive.com/Analyze_User?user_address=0xfea8ee746343b2c421f4ee2cb0ca1cc542657827
0x81af4cfd87152eeba3e0a841f67d2414cc39cb30,0.5753424657534246,5.202208548299399,51.50186462816406,79821879,267.1666447844411,73,https://hashdive.com/Analyze_User?user_address=0x81af4cfd87152eeba3e0a841f67d2414cc39cb30
0x8bad0e57ff8b8ec449f3611e2735e9ab860cb337,0.13966480446927373,6.295328118500492,51.46839315746861,79821879,4313.5966679,179,https://hashdive.com/Analyze_User?user_address=0x8bad0e57ff8b8ec449f3611e2735e9ab860cb337
0x3599015bcd4fe4e36e758fc6e05096c351ea7b0b,0.4578313253012048,6.449096190551935,51.46320505048196,79821879,211.69936611443003,83,https://hashdive.com/Analyze_User?user_address=0x3599015bcd4fe4e36e758fc6e05096c351ea7b0b
0xb780429f4c3466424f85062921ce0734cdb4fe5e,0.17857142857142858,5.192494387729417,51.40569443852123,79821879,0.33451850810600003,28,https://hashdive.com/Analyze_User?user_address=0xb780429f4c3466424f85062921ce0734cdb4fe5e
0x6bc5b6eb5d6102799abc7951688f9e342dcd99e5,0.1724137931034483,5.19106172326362,51.39151106030984,79821879,0.474437264861,29,https://hashdive.com/Analyze_User?user_address=0x6bc5b6eb5d6102799abc7951688f9e342dcd99e5
0x4e608e633426d8a85491165e0ffd52631fb6051c,0.30062893081761005,10.0,51.34749776198758,79830877,5506.414595976028,795,https://hashdive.com/Analyze_User?user_address=0x4e608e633426d8a85491165e0ffd52631fb6051c
0x7e5c5d1bb04e74cda655bb19f72da05b97570c50,0.057291666666666664,5.185634435508527,51.337780911534416,79821879,1045.381186527959,192,https://hashdive.com/Analyze_User?user_address=0x7e5c5d1bb04e74cda655bb19f72da05b97570c50
0x379d6a441c33d45fbd19d069319ed588a22c54ef,0.3220338983050847,5.508622171762891,51.25324625359033,79821879,1625.9776557819782,59,https://hashdive.com/Analyze_User?user_address=0x379d6a441c33d45fbd19d069319ed588a22c54ef
0x3e4ac5548fd8cb56fa0a8d4d17120a415dbfde61,0.17142857142857143,5.728741929856606,51.22474232219568,79821879,0.34512398164799984,35,https://hashdive.com/Analyze_User?user_address=0x3e4ac5548fd8cb56fa0a8d4d17120a415dbfde61
0xd6a9e9202350feb1df0439752a5c54e081d548b9,0.515625,5.415383908810437,51.028398616962164,79821879,15083.133648866,64,https://hashdive.com/Analyze_User?user_address=0xd6a9e9202350feb1df0439752a5c54e081d548b9
0x572a7228b96646d47efcf6021547e4f0c1c79384,0.13333333333333333,5.153807799571744,51.022697215760275,79821879,0.3867051857189998,30,https://hashdive.com/Analyze_User?user_address=0x572a7228b96646d47efcf6021547e4f0c1c79384
0x27391ee76c9d0bb28dab642d8a45db6a24f46f91,0.3793103448275862,5.153734642130308,51.02197295709005,79821879,0.6096158355600001,29,https://hashdive.com/Analyze_User?user_address=0x27391ee76c9d0bb28dab642d8a45db6a24f46f91
0x4dece004fad0d5cfe55ad039ed96d4dbc39de611,0.16666666666666666,5.153667116616057,51.02130445449896,79821879,0.810349322704,30,https://hashdive.com/Analyze_User?user_address=0x4dece004fad0d5cfe55ad039ed96d4dbc39de611
0x61824c863dd247a3938d6a139003e5304136ddcc,0.03225806451612903,5.141086986112609,50.89676116251483,79827278,124.87514655376498,31,https://hashdive.com/Analyze_User?user_address=0x61824c863dd247a3938d6a139003e5304136ddcc
0xc2af605871a5b0e6d199f96a6a9982c136d4ea50,0.1724137931034483,5.139026332089706,50.87636068768809,79821879,0.776835448909,29,https://hashdive.com/Analyze_User?user_address=0xc2af605871a5b0e6d199f96a6a9982c136d4ea50
0x4aa96907f96fc625f10616e2cb7106cb24940005,0.1724137931034483,5.19106288434741,50.83187578808005,79821879,0.313330211978,29,https://hashdive.com/Analyze_User?user_address=0x4aa96907f96fc625f10616e2cb7106cb24940005
0xd7a7e213aab69deb4c3c1701bbb5e9607424a5e5,0.12195121951219512,5.125611544011747,50.74355428571629,79821879,236.3942473317101,41,https://hashdive.com/Analyze_User?user_address=0xd7a7e213aab69deb4c3c1701bbb5e9607424a5e5
0x8564848285e54c65f6cc2e3930b49362fbd84b2e,0.43243243243243246,9.707202494462834,50.69951576203071,79821879,112104.31877331999,481,https://hashdive.com/Analyze_User?user_address=0x8564848285e54c65f6cc2e3930b49362fbd84b2e
0x7daa398a6b32cc9aa8d44337d411abc5fe815928,0.5344827586206896,5.3693338017587395,50.69295666458036,79821879,1120.515312767982,58,https://hashdive.com/Analyze_User?user_address=0x7daa398a6b32cc9aa8d44337d411abc5fe815928
0xd980f290f7c6ac2cb4e3ec06a299b48ea5e35be0,0.248,5.119367143649441,50.68173472212947,79830877,49768.32993173584,250,https://hashdive.com/Analyze_User?user_address=0xd980f290f7c6ac2cb4e3ec06a299b48ea5e35be0
0x0398aee3facc450a18fb2a3c6a4eabf4659aee86,0.2962962962962963,5.112055422779417,50.609348685516224,79821879,0.44186328984999984,27,https://hashdive.com/Analyze_User?user_address=0x0398aee3facc450a18fb2a3c6a4eabf4659aee86
0xaebdedd444baea0a1c56cbe652c142213114305a,0.07407407407407407,5.107947072870583,50.568676021418774,79821879,0.32413334189899995,27,https://hashdive.com/Analyze_User?user_address=0xaebdedd444baea0a1c56cbe652c142213114305a
0xadacbcbb8f8539651aa88062239cd3662b188332,0.16666666666666666,5.1062997909369265,50.55236793027557,79821879,0.9413648024800002,30,https://hashdive.com/Analyze_User?user_address=0xadacbcbb8f8539651aa88062239cd3662b188332
0xa03f239205ba122d1377a8f4aee10bbcecbc6cf6,0.11538461538461539,5.099019507426601,50.48029312352335,79821879,0.2943037635099999,26,https://hashdive.com/Analyze_User?user_address=0xa03f239205ba122d1377a8f4aee10bbcecbc6cf6
0xa9f1972ae47cda5e4771232dba1659e03d0b2c4e,0.12903225806451613,5.086417345780333,50.3555317232253,79821879,158.44502913748002,31,https://hashdive.com/Analyze_User?user_address=0xa9f1972ae47cda5e4771232dba1659e03d0b2c4e
0xf9b4420ee6376d77ae7e5cb6dedcffdbedfc0c6c,0.5466666666666666,5.796873607719962,50.143636640834174,79821879,1775.2364576652558,75,https://hashdive.com/Analyze_User?user_address=0xf9b4420ee6376d77ae7e5cb6dedcffdbedfc0c6c
0xd2f9a9b45040f22c1eae46a3fda0bdc9ccc963d3,0.717948717948718,5.0618559722997185,50.11237412576722,79821879,313.8260899386869,39,https://hashdive.com/Analyze_User?user_address=0xd2f9a9b45040f22c1eae46a3fda0bdc9ccc963d3
0xdb61cd0c71ee68fdd8a9da3c0099d6cca31a35b1,0.15384615384615385,10.0,49.99615432016096,79821879,206.981530284693,143,https://hashdive.com/Analyze_User?user_address=0xdb61cd0c71ee68fdd8a9da3c0099d6cca31a35b1
0x81ac86fc3816328b3dd1b35c642c58f751162f7f,0.03333333333333333,5.0479209511404335,49.974417416290294,79821879,164.39188763789096,30,https://hashdive.com/Analyze_User?user_address=0x81ac86fc3816328b3dd1b35c642c58f751162f7f
0xcfbc841f311c9f657e77e58deb47008010f48602,0.02643573381950775,10.0,49.88153617361032,79830877,376.9291239919387,2194,https://hashdive.com/Analyze_User?user_address=0xcfbc841f311c9f657e77e58deb47008010f48602
0x08f55d64e63e7a85a1385f4f966fbba04476fe7c,0.20689655172413793,5.032478988288892,49.82154198406003,79821879,0.4043620896539999,29,https://hashdive.com/Analyze_User?user_address=0x08f55d64e63e7a85a1385f4f966fbba04476fe7c
0x244afcd66623528705f44f7a58998db2b05d623a,0.5526315789473685,5.025140498434378,49.74889093450034,79821879,9535.335101537072,38,https://hashdive.com/Analyze_User?user_address=0x244afcd66623528705f44f7a58998db2b05d623a
0x8c59c8a2f9f7c24222f161cf4878eec9576537bc,0.1111111111111111,5.112093886647554,49.71336332416148,79821879,0.27227616266,27,https://hashdive.com/Analyze_User?user_address=0x8c59c8a2f9f7c24222f161cf4878eec9576537bc
0x870dcf6b2fbefa9140e79283c40bd60fb5728c20,0.034482758620689655,5.0204044868882,49.702004420193184,79821879,176.12238342146205,29,https://hashdive.com/Analyze_User?user_address=0x870dcf6b2fbefa9140e79283c40bd60fb5728c20
0x07318f355fdaad9db941c7a0a5bf3078d8d931f8,0.19230769230769232,5.013785629847759,49.63647773549282,79821879,0.45425734682799995,26,https://hashdive.com/Analyze_User?user_address=0x07318f355fdaad9db941c7a0a5bf3078d8d931f8
0x48fe0162ad983b7cc54cde17a2e84c63c5efb26e,0.038461538461538464,5.013747936959154,49.63610457589563,79821879,0.7300243016870002,26,https://hashdive.com/Analyze_User?user_address=0x48fe0162ad983b7cc54cde17a2e84c63c5efb26e
0xb1bf3892cb840d1ff3b8f77b204672cf91416113,0.19230769230769232,5.0137421321690905,49.636047108473996,79821879,0.4176571901209999,26,https://hashdive.com/Analyze_User?user_address=0xb1bf3892cb840d1ff3b8f77b204672cf91416113
0xe527da5eb6b858281bda7dad84b4e2f489bbb472,0.08,4.999999993581934,49.49999993646115,79821879,0.401324201482,25,https://hashdive.com/Analyze_User?user_address=0xe527da5eb6b858281bda7dad84b4e2f489bbb472
0x5b092e616b1dae16afde04d1930f33c23c6d8679,0.16,4.999999992468795,49.499999925441074,79821879,0.325004202463,25,https://hashdive.com/Analyze_User?user_address=0x5b092e616b1dae16afde04d1930f33c23c6d8679
0xfe6502c05306d5959872fd4d91af25f7cbb6327e,0.16,4.999999990599437,49.49999990693443,79821879,0.3980531887109999,25,https://hashdive.com/Analyze_User?user_address=0xfe6502c05306d5959872fd4d91af25f7cbb6327e
0xe509d2f2ec2aeca3956dd69778d6efdc23479653,0.1111111111111111,4.999950825413965,49.49951317159825,79821879,0.33476078871000003,27,https://hashdive.com/Analyze_User?user_address=0xe509d2f2ec2aeca3956dd69778d6efdc23479653
0xb5bcdd2ca7b823e448bd324d285b828c8fca96c0,0.08,10.0,49.4986537918578,79821879,676.5790017272003,175,https://hashdive.com/Analyze_User?user_address=0xb5bcdd2ca7b823e448bd324d285b828c8fca96c0
0x67b410ac2d14659dd2619be60f0a1cdf33282a07,0.42045454545454547,4.997706324764638,49.477292615169915,79821879,731.23899129577,88,https://hashdive.com/Analyze_User?user_address=0x67b410ac2d14659dd2619be60f0a1cdf33282a07
0x03e23b14ebd1c86017118a22b942ed87fb5a63f0,0.5217391304347826,5.537282590435515,49.40937632551824,79821879,2153.7983461410536,46,https://hashdive.com/Analyze_User?user_address=0x03e23b14ebd1c86017118a22b942ed87fb5a63f0
0xa57b7c2a33a165c10e0b050bc203b008211832dd,0.12987012987012986,4.990617746540846,49.40711569075438,79821879,219.86277002862695,77,https://hashdive.com/Analyze_User?user_address=0xa57b7c2a33a165c10e0b050bc203b008211832dd
0x7bcb008555d90fd88b6811a6094fa38b72d845a0,0.034482758620689655,4.98359375979334,49.33757822195407,79825478,192.684062539235,29,https://hashdive.com/Analyze_User?user_address=0x7bcb008555d90fd88b6811a6094fa38b72d845a0
0xc0c0071a6297b793eef725a55df4c55fb5da1ca9,0.23076923076923078,4.9802295609779055,49.30427265368127,79821879,0.7075551749829999,26,https://hashdive.com/Analyze_User?user_address=0xc0c0071a6297b793eef725a55df4c55fb5da1ca9
0xb579a538d45917b9f10bc63280b1c66d20502b83,0.3157894736842105,4.974268106101905,49.24525425040886,79830877,1893.128845198807,38,https://hashdive.com/Analyze_User?user_address=0xb579a538d45917b9f10bc63280b1c66d20502b83
0xcdf1a155c5c9d42e3834cf59e82daeccb77afdb2,0.375,4.965213907488991,49.155617684141006,79821879,173.51286246880701,40,https://hashdive.com/Analyze_User?user_address=0xcdf1a155c5c9d42e3834cf59e82daeccb77afdb2
0xbb696eace86142c334b4ada580dac8de71c01a62,0.2,4.963540909943733,49.13905500844295,79821879,0.43491719797399986,25,https://hashdive.com/Analyze_User?user_address=0xbb696eace86142c334b4ada580dac8de71c01a62
0x45b56c3c302ef2b9be376ac9742ab529fc342167,0.2,4.96152126017293,49.119060475712004,79821879,0.34421143453399994,25,https://hashdive.com/Analyze_User?user_address=0x45b56c3c302ef2b9be376ac9742ab529fc342167
0x42a45a7a2e889d2cf905d0b450f8e7c8ee84519f,0.034482758620689655,4.952181155312531,49.02659343759406,79821879,171.63894024735797,29,https://hashdive.com/Analyze_User?user_address=0x42a45a7a2e889d2cf905d0b450f8e7c8ee84519f
0xd8f8c13644ea84d62e1ec88c5d1215e436eb0f11,0.2733457019171305,7.3190341593117285,49.0116519705406,79830877,44179.477274699566,1617,https://hashdive.com/Analyze_User?user_address=0xd8f8c13644ea84d62e1ec88c5d1215e436eb0f11
0x5f340ad3e89636875f640de8e84be19bdf1e3efe,0.34210526315789475,5.906515740867382,49.00750178898552,79821879,0.356738409905,38,https://hashdive.com/Analyze_User?user_address=0x5f340ad3e89636875f640de8e84be19bdf1e3efe
0x51416cfcd44098b2e4774025056eff26f071bf1a,0.23076923076923078,4.949756601394076,49.002590353801345,79821879,0.3505883732149998,26,https://hashdive.com/Analyze_User?user_address=0x51416cfcd44098b2e4774025056eff26f071bf1a
0x97bcb1873605e3b07e74898e2050974c8bf930cd,0.1619047619047619,4.940110531985054,48.90709426665204,79830877,49843.145493468226,105,https://hashdive.com/Analyze_User?user_address=0x97bcb1873605e3b07e74898e2050974c8bf930cd
0x00181eaa8ad0b3ee00292ff36159d9f215ac944d,0.18518518518518517,4.9396912763630505,48.9029436359942,79821879,0.33606226509399995,27,https://hashdive.com/Analyze_User?user_address=0x00181eaa8ad0b3ee00292ff36159d9f215ac944d
0x58d14570f9250c594e84ebede403c271a61674eb,0.034482758620689655,4.933250537253787,48.839180318812495,79821879,179.22904748706,29,https://hashdive.com/Analyze_User?user_address=0x58d14570f9250c594e84ebede403c271a61674eb
0xac0b504b3b05dfe7a2ae9248cd81126a03ebf492,0.018867924528301886,10.0,48.76054492955217,79821879,627.6188189999998,530,https://hashdive.com/Analyze_User?user_address=0xac0b504b3b05dfe7a2ae9248cd81126a03ebf492
0xc1f773aa3a3185c090bba726870d1a47c4b01871,0.07142857142857142,4.922279084638829,48.730562937924404,79825478,454.59603089878095,28,https://hashdive.com/Analyze_User?user_address=0xc1f773aa3a3185c090bba726870d1a47c4b01871
0xc03698dd228892c750acc5e0c1c6ff0bb1da1f7a,0.5294117647058824,5.9876322339942805,48.64915383132975,79821879,71.499057364765,51,https://hashdive.com/Analyze_User?user_address=0xc03698dd228892c750acc5e0c1c6ff0bb1da1f7a
0x45a6a67cc9aa74db607ccd7c07fc528a953458ce,0.14705882352941177,5.554938066074939,48.612365871763295,79821879,0.31502333124799997,34,https://hashdive.com/Analyze_User?user_address=0x45a6a67cc9aa74db607ccd7c07fc528a953458ce
0xa84e1307fcf57bfab9359c4dc4677b5a99d45e33,0.18518518518518517,4.901915554319758,48.52896398776561,79821879,0.32871923898699984,27,https://hashdive.com/Analyze_User?user_address=0xa84e1307fcf57bfab9359c4dc4677b5a99d45e33
0x0fbbe106325830962fb054dd18f177b8cdf04295,0.4230769230769231,4.901765386103203,48.52747732242171,79821879,0.6786295079480004,26,https://hashdive.com/Analyze_User?user_address=0x0fbbe106325830962fb054dd18f177b8cdf04295
0x814e5e990b0c846b7594e7269532c61d41152100,0.1891891891891892,6.008308406472034,48.501476619193,79821879,0.30673170867399985,37,https://hashdive.com/Analyze_User?user_address=0x814e5e990b0c846b7594e7269532c61d41152100
0xc07b89eb92b0bc22be9fa25ff91f3a32cfd2c55e,0.6944444444444444,4.90871892379308,48.46143582073012,79821879,132.02982372033904,36,https://hashdive.com/Analyze_User?user_address=0xc07b89eb92b0bc22be9fa25ff91f3a32cfd2c55e
0xb11fa11bd02232aa08820d0c63b3e108c25aec34,0.363013698630137,7.46851525984072,48.30744336949181,79821879,818.2054686561493,146,https://hashdive.com/Analyze_User?user_address=0xb11fa11bd02232aa08820d0c63b3e108c25aec34
0x146345f2fcfa63b02718c183b444c4f93e4a7135,0.16901408450704225,4.875537811068866,48.26782432958177,79821879,253.17394674440786,71,https://hashdive.com/Analyze_User?user_address=0x146345f2fcfa63b02718c183b444c4f93e4a7135
0x81e94fbb802dc056896f06b983b04823959ed40d,0.30158730158730157,6.142019851879529,48.06829214695321,79821879,152.67524824199998,63,https://hashdive.com/Analyze_User?user_address=0x81e94fbb802dc056896f06b983b04823959ed40d
0xdf9b67d3b5460fc810a2d0db3c0d39e6ca53fe0f,0.10510510510510511,10.0,48.06676294175122,79821879,2512.549256886475,333,https://hashdive.com/Analyze_User?user_address=0xdf9b67d3b5460fc810a2d0db3c0d39e6ca53fe0f
0x44a0013e249021572602a5d0cabb8165b25e6f8b,0.6923076923076923,4.850392003945063,48.01888083905612,79821879,317.76049645260207,52,https://hashdive.com/Analyze_User?user_address=0x44a0013e249021572602a5d0cabb8165b25e6f8b
0x60feb2109ac1081692603e3f3ad5ba70c438996b,0.1956521739130435,4.9160507715589405,47.99185853079432,79821879,101.03826448200401,46,https://hashdive.com/Analyze_User?user_address=0x60feb2109ac1081692603e3f3ad5ba70c438996b
0x8774742aa0a085b1c84bb72978442dd6adbcd33d,0.25,4.845604182134245,47.971481403129026,79821879,0.5201372614569999,24,https://hashdive.com/Analyze_User?user_address=0x8774742aa0a085b1c84bb72978442dd6adbcd33d
0x43d50ac5539babad2d1037a7959adf48c95bf01c,0.06896551724137931,4.836592237608175,47.88226315232094,79821879,469.24058310050106,29,https://hashdive.com/Analyze_User?user_address=0x43d50ac5539babad2d1037a7959adf48c95bf01c
0xa06cf99b7dced07765e2b605c31698550b090861,0.1598173515981735,8.87872156468785,47.822892026590615,79830877,1740.4950581686994,219,https://hashdive.com/Analyze_User?user_address=0xa06cf99b7dced07765e2b605c31698550b090861
0x21b4416d6a986ec7e52ffe756cc54bc8f1926a27,0.5517241379310345,4.8250739581756354,47.76823218593879,79821879,933.146544421632,29,https://hashdive.com/Analyze_User?user_address=0x21b4416d6a986ec7e52ffe756cc54bc8f1926a27
0xf8ccc51356ad11e3d884f4beeaca81bb08fe028a,0.6008383791336749,10.0,47.530487252581835,79830877,14040.678754196246,2147,https://hashdive.com/Analyze_User?user_address=0xf8ccc51356ad11e3d884f4beeaca81bb08fe028a
0x3fcd863b9f3b4bf58c2c343437464ed711b3fb88,0.6081081081081081,5.151462044460883,47.52466534002265,79821879,188.97394519514995,74,https://hashdive.com/Analyze_User?user_address=0x3fcd863b9f3b4bf58c2c343437464ed711b3fb88
0x1777a7e253cc3daba82e5b4d04acade1d756e72c,0.5,4.796459155005129,47.48494563455078,79821879,1292.1007044205874,28,https://hashdive.com/Analyze_User?user_address=0x1777a7e253cc3daba82e5b4d04acade1d756e72c
0xd635a5c8fb8382f0f67ae6fefa3a929b57c50d83,0.30434782608695654,4.795831517107302,47.47873201936229,79821879,0.4613312703560002,23,https://hashdive.com/Analyze_User?user_address=0xd635a5c8fb8382f0f67ae6fefa3a929b57c50d83
0x4543117c2078582a06f791f334f2b329190f7a83,0.17391304347826086,4.795831515781541,47.47873200623725,79821879,0.47818812015300005,23,https://hashdive.com/Analyze_User?user_address=0x4543117c2078582a06f791f334f2b329190f7a83
0xbddfd83615c60fe29dec216172839a57d4fcf227,0.03225806451612903,4.96034194290186,47.47533978707233,79821879,108.22654812548801,31,https://hashdive.com/Analyze_User?user_address=0xbddfd83615c60fe29dec216172839a57d4fcf227
0x79e7dc5919c4b079bcaa3aaef11f15082a0ff41f,0.2542372881355932,5.3301716652878595,47.473713161902175,79821879,5830.810640441991,177,https://hashdive.com/Analyze_User?user_address=0x79e7dc5919c4b079bcaa3aaef11f15082a0ff41f
0x4ca27c8a0257cf2fa05205fc627b818ae9e0a017,0.7209302325581395,5.4970227811813785,47.39061706963661,79821879,114.38496683531903,43,https://hashdive.com/Analyze_User?user_address=0x4ca27c8a0257cf2fa05205fc627b818ae9e0a017
0xe3f6f7a0a5d5bd1f034b96db598375e5c2439124,0.22115384615384615,6.744042064044826,47.287552139739006,79821879,118.59987977630101,104,https://hashdive.com/Analyze_User?user_address=0xe3f6f7a0a5d5bd1f034b96db598375e5c2439124
0x8e0c0cf249e305cc0af57092304402a3b04e850b,0.2,4.767554331253884,47.19878787941346,79821879,0.319971487973,25,https://hashdive.com/Analyze_User?user_address=0x8e0c0cf249e305cc0af57092304402a3b04e850b
0x1100feb57bb8ba373c18cd786bbcf08a3ab2788c,0.4,4.767360340450099,47.19686737045598,79821879,0.6046904663329999,25,https://hashdive.com/Analyze_User?user_address=0x1100feb57bb8ba373c18cd786bbcf08a3ab2788c
0x939bfe167e7eb6dcdd88e04023e59092f3b0a6fe,0.037037037037037035,4.756607972742705,47.09041893015278,79825478,181.37666868367003,27,https://hashdive.com/Analyze_User?user_address=0x939bfe167e7eb6dcdd88e04023e59092f3b0a6fe
0x23d8b7f2a6a5bd2670e37fc1a5ccd74d01573e39,0.125,4.744920047630266,46.97470847153964,79821879,0.562413205936,24,https://hashdive.com/Analyze_User?user_address=0x23d8b7f2a6a5bd2670e37fc1a5ccd74d01573e39
0xc678a9e4fae1c4f74cb50f4107e7ee84123ee738,0.12987012987012986,4.741154976704824,46.93743426937776,79821879,1650.294565334775,77,https://hashdive.com/Analyze_User?user_address=0xc678a9e4fae1c4f74cb50f4107e7ee84123ee738
0xbf4f05a8b1d08f82d57697bb0bbfda19b0df5b24,0.04,4.736776393701082,46.89408629764071,79830877,137.12432710126708,25,https://hashdive.com/Analyze_User?user_address=0xbf4f05a8b1d08f82d57697bb0bbfda19b0df5b24
0x87eb9e8e626796fe7cc43301c6579fe678f6fd01,0.23529411764705882,5.461095189357808,46.88086268526818,79821879,0.334777372031,34,https://hashdive.com/Analyze_User?user_address=0x87eb9e8e626796fe7cc43301c6579fe678f6fd01
0xee40c56cf257d1b734c63fb34073f9956aa589c0,0.037037037037037035,4.723535077231959,46.76299726459639,79825478,180.727195190151,27,https://hashdive.com/Analyze_User?user_address=0xee40c56cf257d1b734c63fb34073f9956aa589c0
0x86fdf8a4f477d68455c79eabe5b9ea7b05dd8002,0.2,4.722008037009165,46.747879566390736,79821879,294.596703295401,40,https://hashdive.com/Analyze_User?user_address=0x86fdf8a4f477d68455c79eabe5b9ea7b05dd8002
0xe367707892a778366ae4763d15b042be9f365b25,0.2692307692307692,4.718470559278243,46.71285853685461,79821879,0.41451175410899993,26,https://hashdive.com/Analyze_User?user_address=0xe367707892a778366ae4763d15b042be9f365b25
0xf66ceb07affeed8b86737de32ef3fbec02bf4ab1,0.48214285714285715,7.184227246793203,46.62954651528182,79830877,2314.3674122745992,1064,https://hashdive.com/Analyze_User?user_address=0xf66ceb07affeed8b86737de32ef3fbec02bf4ab1
0x403c53d2b7a9cadc0ee2334d1ecc4bad8c78c860,0.16666666666666666,4.707372354533858,46.602986309885196,79821879,0.389995403215,24,https://hashdive.com/Analyze_User?user_address=0x403c53d2b7a9cadc0ee2334d1ecc4bad8c78c860
0xf8bd64c7c6b38f08e6e8550d6d1643d66709004f,0.21739130434782608,4.706801896007369,46.59733877047295,79821879,0.524329334211,23,https://hashdive.com/Analyze_User?user_address=0xf8bd64c7c6b38f08e6e8550d6d1643d66709004f
0x144419a123d7fbae33d2f24fa5aa481809e592f0,0.08695652173913043,4.706756257342574,46.59688694769149,79821879,0.25623437368999996,23,https://hashdive.com/Analyze_User?user_address=0x144419a123d7fbae33d2f24fa5aa481809e592f0
0x2bced3dc7d78016792d42a7240399e35b7fa13cd,0.2916666666666667,4.700105958909351,46.531048993202575,79821879,0.9236413379160001,24,https://hashdive.com/Analyze_User?user_address=0x2bced3dc7d78016792d42a7240399e35b7fa13cd
0xdbde47fb310cfaeee74c07058abea85f9e72d171,0.20833333333333334,4.700068058535573,46.530673779502166,79821879,0.335684991431,24,https://hashdive.com/Analyze_User?user_address=0xdbde47fb310cfaeee74c07058abea85f9e72d171
0x86c267a0de71fbe99b2db903bb4ad11f58d30967,0.038461538461538464,4.69659122991457,46.49625317615424,79821879,215.70502409666096,26,https://hashdive.com/Analyze_User?user_address=0x86c267a0de71fbe99b2db903bb4ad11f58d30967
0xbb05ec481a6cf2e14c93002e5fa2fa3e171aec32,0.5581395348837209,4.6952524106880835,46.48299886581203,79821879,107.08706466198701,43,https://hashdive.com/Analyze_User?user_address=0xbb05ec481a6cf2e14c93002e5fa2fa3e171aec32
0x88a995e73a09a4596ec3419f702a8b3187aabac3,0.3870967741935484,4.694644762675335,46.47698315048581,79821879,0.556889455992,31,https://hashdive.com/Analyze_User?user_address=0x88a995e73a09a4596ec3419f702a8b3187aabac3
0x59440426589bd7721582a040f29ecec76cb52b8a,0.2608695652173913,4.693918924363811,46.469797351201734,79821879,0.335075181641,23,https://hashdive.com/Analyze_User?user_address=0x59440426589bd7721582a040f29ecec76cb52b8a
0xc645411cae9ae34d6b5f885d0f178f0b1fcab2b2,0.13043478260869565,4.692811727407978,46.45883610133899,79821879,0.40883923546499984,23,https://hashdive.com/Analyze_User?user_address=0xc645411cae9ae34d6b5f885d0f178f0b1fcab2b2
0x5a15cf2dc32b7640a5dbfa74dd3e158b1de9174b,0.09090909090909091,4.690415754779375,46.435115972315806,79821879,0.3170611955009999,22,https://hashdive.com/Analyze_User?user_address=0x5a15cf2dc32b7640a5dbfa74dd3e158b1de9174b
0x4ea2d9cdcbe3f092a59572a2b8ac77b5b3525866,0.22727272727272727,4.6904157536855084,46.43511596148653,79821879,0.36320561397500006,22,https://hashdive.com/Analyze_User?user_address=0x4ea2d9cdcbe3f092a59572a2b8ac77b5b3525866
0xdeb8d754c78eb2227f0e33bb9ac808f55d59f038,0.3181818181818182,4.6904157530327355,46.43511595502409,79821879,0.9158181087110002,22,https://hashdive.com/Analyze_User?user_address=0xdeb8d754c78eb2227f0e33bb9ac808f55d59f038
0xee7fe01ae6a833facc7e79d3a20d726094aaaca2,0.045454545454545456,4.690415751561641,46.43511594046025,79821879,0.23456133893999997,22,https://hashdive.com/Analyze_User?user_address=0xee7fe01ae6a833facc7e79d3a20d726094aaaca2
0x907a3812c0a0b31d13f22cccd1576ee14ecd1083,0.36363636363636365,4.690415749769478,46.43511592271784,79821879,0.6440693875320003,22,https://hashdive.com/Analyze_User?user_address=0x907a3812c0a0b31d13f22cccd1576ee14ecd1083
0x53515ad5d0e5b28833f2b91bef0a2a8bc43ceb85,0.07692307692307693,4.685560953883594,46.38705344344758,79825478,383.06856380935807,26,https://hashdive.com/Analyze_User?user_address=0x53515ad5d0e5b28833f2b91bef0a2a8bc43ceb85
0x5e0f38bb488f52cb2f7963a522d15a698367f4f9,0.7840909090909091,7.414978410869846,46.37519484981189,79821879,181.4381349835819,88,https://hashdive.com/Analyze_User?user_address=0x5e0f38bb488f52cb2f7963a522d15a698367f4f9
0x22f009eb9f0cf815b8180f080354afbc51621095,0.04,4.682880060398168,46.36051259794186,79821879,201.95141327286402,25,https://hashdive.com/Analyze_User?user_address=0x22f009eb9f0cf815b8180f080354afbc51621095
0x083e8364fcf2b6f97216e36bda33ae26bfcd01e5,0.125,4.679840793480959,46.33042385546149,79821879,0.30786676721899986,24,https://hashdive.com/Analyze_User?user_address=0x083e8364fcf2b6f97216e36bda33ae26bfcd01e5
0xe19f257d6aedab453901d3bce2c322fc57c029a8,0.08333333333333333,4.665582646004547,46.18926819544502,79825478,357.698935316431,24,https://hashdive.com/Analyze_User?user_address=0xe19f257d6aedab453901d3bce2c322fc57c029a8
0x42a6ee91522705c6478fea20114472cf981819aa,0.04,4.6618354700412,46.15217115340788,79821879,207.16186077855497,25,https://hashdive.com/Analyze_User?user_address=0x42a6ee91522705c6478fea20114472cf981819aa
0xb46dbb2c65faf4b69b4544ddc2a39b8d5ca9d273,0.9117647058823529,5.409894742455838,46.08918601859,79821879,6830.471938000001,34,https://hashdive.com/Analyze_User?user_address=0xb46dbb2c65faf4b69b4544ddc2a39b8d5ca9d273
0xb32652f222456f5f88d026f8337ec37326a2fb36,0.9066666666666666,7.330167884522817,46.07239835949524,79821879,505.07757896791736,75,https://hashdive.com/Analyze_User?user_address=0xb32652f222456f5f88d026f8337ec37326a2fb36
0x23fb4e6ef4f06a87b9abe05203fd134079d1745e,0.6,4.6526644391045595,46.06137794713514,79821879,71.870668,25,https://hashdive.com/Analyze_User?user_address=0x23fb4e6ef4f06a87b9abe05203fd134079d1745e
0x4f62b4b1474412f3430c9ed9e55c354cddf52ce6,0.3,4.652619373259396,46.060931795268026,79827278,68692.29802562286,40,https://hashdive.com/Analyze_User?user_address=0x4f62b4b1474412f3430c9ed9e55c354cddf52ce6
0x5a56e03d807431bf6bc7a7ea4402c83cf8ce8460,0.04,4.650081261890744,46.03580449271837,79821879,202.615994004362,25,https://hashdive.com/Analyze_User?user_address=0x5a56e03d807431bf6bc7a7ea4402c83cf8ce8460
0x99522923ea032ea03080c65f9ad9183d1a292edb,0.5447368421052632,10.0,46.03232450914259,79825478,572.2438565000001,380,https://hashdive.com/Analyze_User?user_address=0x99522923ea032ea03080c65f9ad9183d1a292edb
0x6dcc193511e589fc7d5e4d785e4ae5034b004e15,0.10714285714285714,5.032453900444766,46.01240066912813,79821879,15.086021996976005,28,https://hashdive.com/Analyze_User?user_address=0x6dcc193511e589fc7d5e4d785e4ae5034b004e15
0x5791f99650b8cf28af0b94ec5600bc54295a2aa0,0.4262295081967213,4.644807113239539,45.983590421071426,79821879,237.467506142278,61,https://hashdive.com/Analyze_User?user_address=0x5791f99650b8cf28af0b94ec5600bc54295a2aa0
0x4d28f95f730d09627a288c66a8e02e11d0797654,0.13043478260869565,4.641348813367711,45.94935325234034,79821879,0.32781632892099993,23,https://hashdive.com/Analyze_User?user_address=0x4d28f95f730d09627a288c66a8e02e11d0797654
0x98dcbb52e7e70360b14912c72576a29da92b2b67,0.3958333333333333,7.786670645906676,45.932569446408905,79821879,173.669261776795,96,https://hashdive.com/Analyze_User?user_address=0x98dcbb52e7e70360b14912c72576a29da92b2b67
0x71cef2c7ea4b22aff531a26983de493a360e0a3d,0.037037037037037035,4.634505321002959,45.881602677929294,79825478,190.37176305469305,27,https://hashdive.com/Analyze_User?user_address=0x71cef2c7ea4b22aff531a26983de493a360e0a3d
0x49f3d4b61b72037388673e0326e9639e1e01b476,0.2,4.6291249866884305,45.82833736821546,79821879,0.34505527460099994,25,https://hashdive.com/Analyze_User?user_address=0x49f3d4b61b72037388673e0326e9639e1e01b476
0x31bf2277dbe48c6355cc1527e1e080f5a5987af7,0.19230769230769232,4.629086167348442,45.82795305674957,79821879,0.381810422532,26,https://hashdive.com/Analyze_User?user_address=0x31bf2277dbe48c6355cc1527e1e080f5a5987af7
0x1f608af5510436dd6c605ca81ddd6b92cd3b09d0,0.42105263157894735,4.626959368122755,45.806897744415274,79821879,233.57951139818903,38,https://hashdive.com/Analyze_User?user_address=0x1f608af5510436dd6c605ca81ddd6b92cd3b09d0
0xf32e3aff6815576e04bbc01e7d679e22c20d8834,0.5986842105263158,9.528650996145982,45.76456650341541,79821879,316.6635373118552,304,https://hashdive.com/Analyze_User?user_address=0xf32e3aff6815576e04bbc01e7d679e22c20d8834
0x5b31c913b14cafd6887729cb6ceb9099a15478e2,0.16666666666666666,4.621201967270402,45.749899475976974,79821879,0.35462636883099996,24,https://hashdive.com/Analyze_User?user_address=0x5b31c913b14cafd6887729cb6ceb9099a15478e2
0xfd9dc36954d93f4375018aeefe0e1f781869a2ad,0.0975609756097561,5.1288668876601795,45.70650083239538,79821879,227.950859480355,41,https://hashdive.com/Analyze_User?user_address=0xfd9dc36954d93f4375018aeefe0e1f781869a2ad
0xa898649b0ab119c69cba11d3cd7ef847971e7135,0.16216216216216217,5.89766223910656,45.687706850969306,79821879,0.3098531493089999,37,https://hashdive.com/Analyze_User?user_address=0xa898649b0ab119c69cba11d3cd7ef847971e7135
0xb538c7b1105025262c7c7bdd41d30d702c0e0d60,0.2558139534883721,6.076506371808375,45.56529479899143,79821879,188.99342231078603,43,https://hashdive.com/Analyze_User?user_address=0xb538c7b1105025262c7c7bdd41d30d702c0e0d60
0x3a592bd7f16c41f38707e7243ff7803debdc7667,0.09090909090909091,4.600009522898233,45.54009427669251,79821879,0.29387638945199995,22,https://hashdive.com/Analyze_User?user_address=0x3a592bd7f16c41f38707e7243ff7803debdc7667
0xbd74abcade386b44b13c1d0b768337c03858fde4,0.13636363636363635,4.600008594140071,45.5400850819867,79821879,0.31621010633899993,22,https://hashdive.com/Analyze_User?user_address=0xbd74abcade386b44b13c1d0b768337c03858fde4
0xc5e4d496b718e27babc8faddfb67133d2f6fd923,0.13636363636363635,4.600008345388408,45.54008261934524,79821879,0.49840317116900007,22,https://hashdive.com/Analyze_User?user_address=0xc5e4d496b718e27babc8faddfb67133d2f6fd923
0xce669d3f696af2f8b7277f2bd6ec040f306b67a1,0.13636363636363635,4.60000413304621,45.54004091715748,79821879,0.34405315319,22,https://hashdive.com/Analyze_User?user_address=0xce669d3f696af2f8b7277f2bd6ec040f306b67a1
0x83dfa88d9d4ed01ebd404044c4e3b76b24d7b8b2,0.13636363636363635,4.597937984248026,45.51958604405546,79821879,0.2826051460579999,22,https://hashdive.com/Analyze_User?user_address=0x83dfa88d9d4ed01ebd404044c4e3b76b24d7b8b2
0xd9edb9e9ce7efef2e9cd904c456e2ee458efbe91,1.0,4.582575694912732,45.36749937963605,79821879,22.802540999999994,21,https://hashdive.com/Analyze_User?user_address=0xd9edb9e9ce7efef2e9cd904c456e2ee458efbe91
0x9612317ef672d7b2b9bb503a27576fa02d1acade,0.2857142857142857,4.582575688362871,45.367499314792425,79821879,0.302258167724,21,https://hashdive.com/Analyze_User?user_address=0x9612317ef672d7b2b9bb503a27576fa02d1acade
0x1a6a650cb4fd73bc832b570a7efacf66a2c9d482,0.19047619047619047,4.582575688017066,45.36749931136895,79821879,0.45660233312600024,21,https://hashdive.com/Analyze_User?user_address=0x1a6a650cb4fd73bc832b570a7efacf66a2c9d482
0x4d90f16636461d67568c66fa7d1f64d217a1793f,0.19047619047619047,4.58257568786585,45.36749930987192,79821879,0.4863777138009999,21,https://hashdive.com/Analyze_User?user_address=0x4d90f16636461d67568c66fa7d1f64d217a1793f
0x0b9e1089c6da32e6fcf79e6e47e075c7b649374e,0.38235294117647056,5.3334040861395495,45.32804118920147,79821879,0.365342909409,34,https://hashdive.com/Analyze_User?user_address=0x0b9e1089c6da32e6fcf79e6e47e075c7b649374e
0x599a1d929e3e6bd01194f2e7c9ff1ca5326a898e,0.15789473684210525,6.09075344178658,45.30725910917827,79821879,0.2900864039219999,38,https://hashdive.com/Analyze_User?user_address=0x599a1d929e3e6bd01194f2e7c9ff1ca5326a898e
0xaf260fc0902dd8346d25ef6e39f3cd9dd9e16f4d,0.3,4.5753611257439015,45.29607514486463,79825478,1366.0909059704377,40,https://hashdive.com/Analyze_User?user_address=0xaf260fc0902dd8346d25ef6e39f3cd9dd9e16f4d
0xf96c4b2c7bf9b3170d671f0e4dcf83d39464c2d0,0.041666666666666664,4.573526157772063,45.277908961943425,79829078,137.89810780534796,24,https://hashdive.com/Analyze_User?user_address=0xf96c4b2c7bf9b3170d671f0e4dcf83d39464c2d0
0x9987b432e401afdf64d9ab83eef52a8116f246a8,0.04,4.5671641002684895,45.21492459265804,79821879,99.09489265954998,25,https://hashdive.com/Analyze_User?user_address=0x9987b432e401afdf64d9ab83eef52a8116f246a8
0x0ed8dd7d8247074f0931d348bae0f1f941a2f819,0.2608695652173913,4.563829910634157,45.18191611527815,79821879,0.37821221690400003,23,https://hashdive.com/Analyze_User?user_address=0x0ed8dd7d8247074f0931d348bae0f1f941a2f819
0x449d311e0d9300228574c20e24726f54ba093eba,0.7310924369747899,8.04473632827561,44.985853214120716,79821879,517.472092389555,119,https://hashdive.com/Analyze_User?user_address=0x449d311e0d9300228574c20e24726f54ba093eba
0x7c2d0e675450ed703a1863b83e767634f5f00daa,0.13636363636363635,4.535551288835851,44.901957759474925,79821879,0.297663531063,22,https://hashdive.com/Analyze_User?user_address=0x7c2d0e675450ed703a1863b83e767634f5f00daa
0xe496bc37b1879dc05681cc2e6cb58f4468050e7a,0.08333333333333333,4.525163974865148,44.79912335116496,79825478,457.96829359210096,24,https://hashdive.com/Analyze_User?user_address=0xe496bc37b1879dc05681cc2e6cb58f4468050e7a
0x802ea3b717aeba3f8844158cce8805ca0ae3a9a9,0.13333333333333333,5.396387795791702,44.79658093632588,79821879,0.25732233069399996,30,https://hashdive.com/Analyze_User?user_address=0x802ea3b717aeba3f8844158cce8805ca0ae3a9a9
0xa261e854b9cb89880d43f61bb8294a876512c857,0.125,4.52408139147275,44.78840577558023,79821879,224.63717501000002,24,https://hashdive.com/Analyze_User?user_address=0xa261e854b9cb89880d43f61bb8294a876512c857
0x7e1615060aa854637737ff82b54ca06accdc25f7,0.6984126984126984,5.402724348867246,44.730698602980965,79821879,1133.0739777387291,63,https://hashdive.com/Analyze_User?user_address=0x7e1615060aa854637737ff82b54ca06accdc25f7
0xb0415c3fba88a7982407d6bc419deadd5630a839,0.125,4.513573816853717,44.684380786851804,79821879,32.90119034544099,24,https://hashdive.com/Analyze_User?user_address=0xb0415c3fba88a7982407d6bc419deadd5630a839
0x3837f98de0b4a67d5be0d1f417a7fd99ae27b6f1,0.041666666666666664,4.508714996100829,44.636278461398206,79825478,200.20362283288102,24,https://hashdive.com/Analyze_User?user_address=0x3837f98de0b4a67d5be0d1f417a7fd99ae27b6f1
0xbc86ccd29a19adb8e4fd9a661e94490fa4be93b3,0.22807017543859648,6.79126416040271,44.620467314831515,79821879,76.44474602768504,57,https://hashdive.com/Analyze_User?user_address=0xbc86ccd29a19adb8e4fd9a661e94490fa4be93b3
0x2d4abf3df5d6247952476eff46b9a6b4a8c6c036,0.12121212121212122,5.744562636951825,44.6160797992406,79821879,0.25627935450899997,33,https://hashdive.com/Analyze_User?user_address=0x2d4abf3df5d6247952476eff46b9a6b4a8c6c036
0x124561cbde1dffd6598813a2a1aed252e35ebf2c,0.043478260869565216,4.500248927718806,44.55246438441618,79821879,192.29733680739102,23,https://hashdive.com/Analyze_User?user_address=0x124561cbde1dffd6598813a2a1aed252e35ebf2c
0x337cbc2e0a157292807de2e05577f1d46e2168c1,0.13636363636363635,4.499329350972816,44.543360574630874,79821879,0.26453575733699997,22,https://hashdive.com/Analyze_User?user_address=0x337cbc2e0a157292807de2e05577f1d46e2168c1
0xbbaf2708011ed47872a1126e337ab882c8b7d8c4,0.041666666666666664,4.4953123193432365,44.50359196149804,79821879,133.85262053964502,24,https://hashdive.com/Analyze_User?user_address=0xbbaf2708011ed47872a1126e337ab882c8b7d8c4
0x60247af2110682455ab9e5f428e9b6129d439101,0.03508771929824561,5.559734004799508,44.49283923940726,79821879,293.900869484525,114,https://hashdive.com/Analyze_User?user_address=0x60247af2110682455ab9e5f428e9b6129d439101
0x388b9955e649ac07d0d878d60d073b00151fd8c0,0.047619047619047616,4.490750963404145,44.45843453770103,79821879,0.28002349050299996,21,https://hashdive.com/Analyze_User?user_address=0x388b9955e649ac07d0d878d60d073b00151fd8c0
0x86aeeab0b790827ef7005d1fa1db5b501f7ed518,0.14285714285714285,4.490748892243736,44.45841403321299,79821879,0.299182133278,21,https://hashdive.com/Analyze_User?user_address=0x86aeeab0b790827ef7005d1fa1db5b501f7ed518
0x8c0a9f77903631c918e9f8eec1f36296802259b6,0.09523809523809523,4.490739234422487,44.458318420782625,79821879,0.236541228641,21,https://hashdive.com/Analyze_User?user_address=0x8c0a9f77903631c918e9f8eec1f36296802259b6
0x69e290cc8e664fab765c0858fb2ee0fd3e7f37f8,0.19047619047619047,4.490703853234094,44.457968147017525,79821879,0.4506473288279999,21,https://hashdive.com/Analyze_User?user_address=0x69e290cc8e664fab765c0858fb2ee0fd3e7f37f8
0xf0a9939a970513c503c500fbd7ed5eb823203b39,0.23809523809523808,4.4907025454538205,44.457955199992824,79821879,0.43832517534599985,21,https://hashdive.com/Analyze_User?user_address=0xf0a9939a970513c503c500fbd7ed5eb823203b39
0x5e4299d338d2b233e79d28f597befd2c30d0c629,0.2564102564102564,4.480324446103477,44.35521201642443,79821879,1145.8189398650263,39,https://hashdive.com/Analyze_User?user_address=0x5e4299d338d2b233e79d28f597befd2c30d0c629
0x110c235e1d0e1e58081732b1db4339c202dff550,0.13043478260869565,4.4799538731420885,44.35154334410668,79821879,45.04473900000001,23,https://hashdive.com/Analyze_User?user_address=0x110c235e1d0e1e58081732b1db4339c202dff550
0x023fd1fce31928eac5a4b8f95dbfe8b778f8c142,0.32142857142857145,4.47690991979006,44.32140820592159,79821879,1188.744692539672,28,https://hashdive.com/Analyze_User?user_address=0x023fd1fce31928eac5a4b8f95dbfe8b778f8c142
0xee95f1d61e865b6a2b575d3f6f61eb1e4d01cef2,0.15,4.47213595356467,44.27414594029023,79821879,0.5112683372690001,20,https://hashdive.com/Analyze_User?user_address=0xee95f1d61e865b6a2b575d3f6f61eb1e4d01cef2
0x7f067dea080c2223f3d64efb21cf0d9e0d24a0e8,0.1,4.472135949279779,44.27414589786981,79821879,0.350019266972,20,https://hashdive.com/Analyze_User?user_address=0x7f067dea080c2223f3d64efb21cf0d9e0d24a0e8
0x4b9279dc6638dd61b6142e6f3e3e40ed129dbd7f,0.15,4.472135948652017,44.27414589165497,79821879,0.298623315077,20,https://hashdive.com/Analyze_User?user_address=0x4b9279dc6638dd61b6142e6f3e3e40ed129dbd7f
0x9a80308b37cd2c912ce28283831ecbc322ae6d8c,0.15,4.4721359486175185,44.27414589131344,79821879,0.323467122194,20,https://hashdive.com/Analyze_User?user_address=0x9a80308b37cd2c912ce28283831ecbc322ae6d8c
0x60d1549f319cd574e0a3efdcd7ad98bc5fbbd9ec,0.2,4.4721359484547785,44.274145889702304,79821879,0.382873283055,20,https://hashdive.com/Analyze_User?user_address=0x60d1549f319cd574e0a3efdcd7ad98bc5fbbd9ec
0x146149ca30e12535e1faaea76ec987d771a10943,0.037037037037037035,5.196152416009601,44.2680787161655,79821879,0.2300153386709999,27,https://hashdive.com/Analyze_User?user_address=0x146149ca30e12535e1faaea76ec987d771a10943
0xd1997fcd2362c7a5daa986e711936a589ef7c7d0,0.2222222222222222,5.0412517020794505,44.11964076961265,79821879,0.26341210605199994,27,https://hashdive.com/Analyze_User?user_address=0xd1997fcd2362c7a5daa986e711936a589ef7c7d0
0xebe398cd86424dd0ede4351391a4159d1f72cc6d,0.043478260869565216,4.456011091319909,44.1145098040671,79821879,138.141985557048,23,https://hashdive.com/Analyze_User?user_address=0xebe398cd86424dd0ede4351391a4159d1f72cc6d
0xad40fc826f4372bf79dd8a182c81ec1055a14345,0.6212121212121212,4.825091993794275,44.08880135861657,79821879,816.8531073943111,66,https://hashdive.com/Analyze_User?user_address=0xad40fc826f4372bf79dd8a182c81ec1055a14345
0x2a17d58eda8c64d3f3fb1b5082fcf80cf3badcbc,0.041666666666666664,4.438989905522937,43.94600006467708,79825478,212.10743555170802,24,https://hashdive.com/Analyze_User?user_address=0x2a17d58eda8c64d3f3fb1b5082fcf80cf3badcbc
0x6aede3f1e922777f7bac17ad1c5e22cd7064676b,0.47619047619047616,4.43553463528826,43.91179288935377,79821879,48.937871963347,21,https://hashdive.com/Analyze_User?user_address=0x6aede3f1e922777f7bac17ad1c5e22cd7064676b
0xea3e63d4b0ad75de2f4171c60e153a15c6f1c63c,0.26490066225165565,9.64126787294087,43.87834082489302,79821879,113.32084842559003,151,https://hashdive.com/Analyze_User?user_address=0xea3e63d4b0ad75de2f4171c60e153a15c6f1c63c
0x38d4ddf45540376c60e06b82d65cd4a2b52fbc27,0.09523809523809523,4.427774814678776,43.83497066531988,79821879,0.2844012305099999,21,https://hashdive.com/Analyze_User?user_address=0x38d4ddf45540376c60e06b82d65cd4a2b52fbc27
0x18380cc6bfeec8afa13446d2c2f0a0528235f90e,0.391304347826087,4.427205134704779,43.82933083357731,79821879,0.5554645494539999,23,https://hashdive.com/Analyze_User?user_address=0x18380cc6bfeec8afa13446d2c2f0a0528235f90e
0xa13d8e73eeea21a5e1eb2cd746eb495edfca4d28,0.3333333333333333,4.426588890466104,43.82323001561443,79821879,0.757223171662,21,https://hashdive.com/Analyze_User?user_address=0xa13d8e73eeea21a5e1eb2cd746eb495edfca4d28
0x433f9f7cad1432f324dff2cd31975e19037d29c1,0.043478260869565216,4.42648612714835,43.82221265876866,79830877,197.184352209629,23,https://hashdive.com/Analyze_User?user_address=0x433f9f7cad1432f324dff2cd31975e19037d29c1
0x1d616707b6d7e9b5de072239343363b562f62545,0.14285714285714285,4.426342334037435,43.82078910697061,79821879,0.4547984079929999,21,https://hashdive.com/Analyze_User?user_address=0x1d616707b6d7e9b5de072239343363b562f62545
0xb8f6925b7027f76be74fef45606bf97d61ffdfef,0.09523809523809523,4.426310304209015,43.82047201166925,79821879,0.354558057692,21,https://hashdive.com/Analyze_User?user_address=0xb8f6925b7027f76be74fef45606bf97d61ffdfef
0xe0cdee4f0a83ab94ec9c73c44395f294f2a114dc,0.38095238095238093,4.426105036269815,43.81843985907117,79821879,0.6086184766200001,21,https://hashdive.com/Analyze_User?user_address=0xe0cdee4f0a83ab94ec9c73c44395f294f2a114dc
0xaca4aa050f15792184d74755af9aab634270d881,0.14285714285714285,4.4259430361797465,43.81683605817949,79821879,0.25920223133900006,21,https://hashdive.com/Analyze_User?user_address=0xaca4aa050f15792184d74755af9aab634270d881
0x777e397b12f9a0747a0084932b42a45acd4f060e,0.56,4.422441199522367,43.78216787527143,79829078,99.68185263784603,25,https://hashdive.com/Analyze_User?user_address=0x777e397b12f9a0747a0084932b42a45acd4f060e
0xedc139d2d1bc0e79fc0d24490b956d15e83cd3ba,0.043478260869565216,4.4206195897457,43.76413393848242,79821879,151.771891340057,23,https://hashdive.com/Analyze_User?user_address=0xedc139d2d1bc0e79fc0d24490b956d15e83cd3ba
0x2bf144f83224a3a6bba49564762f86628ecb9236,0.13636363636363635,4.660537635720706,43.70448837084362,79821879,0.21754915529199992,22,https://hashdive.com/Analyze_User?user_address=0x2bf144f83224a3a6bba49564762f86628ecb9236
0x24d2f4ecb76a330890533842dbefdf82a3f192c5,0.5348837209302325,7.032294877417846,43.69266881557279,79821879,27527.652877267443,344,https://hashdive.com/Analyze_User?user_address=0x24d2f4ecb76a330890533842dbefdf82a3f192c5
0x4f1e0f1351cb81aa2d21b5c4ebd59aae4cec0819,0.043478260869565216,4.413058450685192,43.6892786617834,79827278,194.224163254334,23,https://hashdive.com/Analyze_User?user_address=0x4f1e0f1351cb81aa2d21b5c4ebd59aae4cec0819
0x54215e9140cfed2bbd3867981469dd6261ebf085,0.8333333333333334,4.409561766660841,43.65466148994233,79821879,2995.931725958876,24,https://hashdive.com/Analyze_User?user_address=0x54215e9140cfed2bbd3867981469dd6261ebf085
0x96253d9fc4631de117a4ac3a7a1f01c52976e27b,0.041666666666666664,4.3998306656272765,43.558323589710035,79825478,212.02432998499395,24,https://hashdive.com/Analyze_User?user_address=0x96253d9fc4631de117a4ac3a7a1f01c52976e27b
0xf75991542e0adca9237608ba56f04c74668d0221,0.6538461538461539,4.394749362502783,43.508018688777554,79821879,3157.518251540583,26,https://hashdive.com/Analyze_User?user_address=0xf75991542e0adca9237608ba56f04c74668d0221
0x1b3a3fb77722d2d4b4fc54a34d9d8383f3dc2724,0.045454545454545456,4.389403046020139,43.45509015559938,79821879,152.51540915370097,22,https://hashdive.com/Analyze_User?user_address=0x1b3a3fb77722d2d4b4fc54a34d9d8383f3dc2724
0xccb0d6a6bc45fde0c8a2e2c41a0268b681ac58eb,0.045454545454545456,4.381184304376125,43.37372461332364,79821879,70.15589922739402,22,https://hashdive.com/Analyze_User?user_address=0xccb0d6a6bc45fde0c8a2e2c41a0268b681ac58eb
0x72bf729375838dea7ad12194b0aeb06eaa96e400,0.2,4.378816960127421,43.35028790526146,79821879,0.35685718880800005,20,https://hashdive.com/Analyze_User?user_address=0x72bf729375838dea7ad12194b0aeb06eaa96e400
0xa8c1e3cbed4a38232fda1e773df525d5a6374481,0.1,4.3787777710749465,43.34989993364197,79821879,0.3078762201300001,20,https://hashdive.com/Analyze_User?user_address=0xa8c1e3cbed4a38232fda1e773df525d5a6374481
0x36d9c4f2ee1f0bc1b60cee2cf3d3131f98d6423b,0.1,4.378772729219105,43.34985001926914,79821879,0.33807216450399996,20,https://hashdive.com/Analyze_User?user_address=0x36d9c4f2ee1f0bc1b60cee2cf3d3131f98d6423b
0x637aabd04453c9298554d7860c9b4de84b825dd0,0.1,4.37876795726348,43.349802776908454,79821879,0.30787639017299984,20,https://hashdive.com/Analyze_User?user_address=0x637aabd04453c9298554d7860c9b4de84b825dd0
0x78f9a0a447aaca2ac9379861183f3dc459fa3e37,0.4583333333333333,4.997125970756956,43.336536569719556,79821879,368.66892743821404,48,https://hashdive.com/Analyze_User?user_address=0x78f9a0a447aaca2ac9379861183f3dc459fa3e37
0x43384344f8e9bf83039a73447970a1bfd19a61e6,0.4117647058823529,4.690479507748442,43.18725319818945,79821879,27554.208287574824,68,https://hashdive.com/Analyze_User?user_address=0x43384344f8e9bf83039a73447970a1bfd19a61e6
0xf81446e60a911bfa883b4c1847c88fc9089b7aa2,0.043478260869565216,4.361149012928509,43.17537522799224,79825478,183.8931363191809,23,https://hashdive.com/Analyze_User?user_address=0xf81446e60a911bfa883b4c1847c88fc9089b7aa2
0xbc3b20bad91df137a67234eca7a0e46067cd2bf1,0.08900523560209424,4.360834021710156,43.17225681493055,79821879,2155.638004992924,191,https://hashdive.com/Analyze_User?user_address=0xbc3b20bad91df137a67234eca7a0e46067cd2bf1
0x3c07cf0d128a34484e8c98e74a0298f451ef8bd5,0.10526315789473684,4.358898936942133,43.15309947572711,79821879,0.36573925861699996,19,https://hashdive.com/Analyze_User?user_address=0x3c07cf0d128a34484e8c98e74a0298f451ef8bd5
0xc22cb74f7201a328de6f94c57c34363a7891bfc7,0.3981042654028436,9.133112066735924,43.12914304206473,79830877,4956.221603473281,211,https://hashdive.com/Analyze_User?user_address=0xc22cb74f7201a328de6f94c57c34363a7891bfc7
0x2833b4c8917484b16b6c7b4d9db92898648e3161,0.3888888888888889,4.35218834122139,43.08666457809176,79821879,2065.06954,36,https://hashdive.com/Analyze_User?user_address=0x2833b4c8917484b16b6c7b4d9db92898648e3161
0xa42961d32e075a942c58bff590a56e32f382a96c,0.16666666666666666,4.404979874529485,43.08638545100401,79821879,1063.4069574995356,54,https://hashdive.com/Analyze_User?user_address=0xa42961d32e075a942c58bff590a56e32f382a96c
0x961cec8386f2c866503cde5a472f66472ffd56c1,0.09090909090909091,4.3519871171849545,43.08467246013105,79821879,0.33138747099599997,22,https://hashdive.com/Analyze_User?user_address=0x961cec8386f2c866503cde5a472f66472ffd56c1
0x63377efee3e9c65a1d0ebb03ebc030426c869fb6,0.047619047619047616,4.35173777799715,43.08220400217179,79825478,193.12606023496096,21,https://hashdive.com/Analyze_User?user_address=0x63377efee3e9c65a1d0ebb03ebc030426c869fb6
0xb1e535aa4254d6b49a06b174f32e3e488720bbbe,0.08333333333333333,4.3511026990358825,43.07591672045524,79825478,424.5082416157331,24,https://hashdive.com/Analyze_User?user_address=0xb1e535aa4254d6b49a06b174f32e3e488720bbbe
0xcbb220ebc17f71f91b245253aacd4be81b417697,0.043478260869565216,4.350243489733781,43.067410548364435,79825478,213.80876305398897,23,https://hashdive.com/Analyze_User?user_address=0xcbb220ebc17f71f91b245253aacd4be81b417697
0x3b58737cb43bfeffb390d8254c87f9bc2a569fd8,0.045454545454545456,4.347214113797828,43.0374197265985,79825478,141.74716412122098,22,https://hashdive.com/Analyze_User?user_address=0x3b58737cb43bfeffb390d8254c87f9bc2a569fd8
0x1b21eaf1c5778e396181706ff109930418fae7f9,0.047619047619047616,4.341812405493415,42.983942814384804,79825478,203.91165380706497,21,https://hashdive.com/Analyze_User?user_address=0x1b21eaf1c5778e396181706ff109930418fae7f9
0x847d8c1fa63fef44307cc1c0df730d78ce7513d0,0.5142857142857142,8.371196840818843,42.97791624780441,79821879,4031.150606717601,280,https://hashdive.com/Analyze_User?user_address=0x847d8c1fa63fef44307cc1c0df730d78ce7513d0
0xf5f089474cc0b2b36c4b72a73d83066b41a6b6be,0.07407407407407407,4.34073260141929,42.973252754050975,79821879,3598.5344582766406,27,https://hashdive.com/Analyze_User?user_address=0xf5f089474cc0b2b36c4b72a73d83066b41a6b6be
0xff43829715313a09b3c94cc6f7add26c96726e12,0.041666666666666664,4.339308191454239,42.95915109539696,79825478,197.077767742791,24,https://hashdive.com/Analyze_User?user_address=0xff43829715313a09b3c94cc6f7add26c96726e12
0x5c60e4feab47c3704923ddd7287334abd8237396,0.8048780487804879,6.951270565208278,42.84402196547965,79821879,171.91046486559495,82,https://hashdive.com/Analyze_User?user_address=0x5c60e4feab47c3704923ddd7287334abd8237396
0x50936370f48b7c7f87016ae8ec1462d0200a272c,0.16755602988260407,10.0,42.818078865692584,79830877,9800.86950232546,1874,https://hashdive.com/Analyze_User?user_address=0x50936370f48b7c7f87016ae8ec1462d0200a272c
0xb6210d25831e8874a562249219c8bd776d6fb72e,0.043478260869565216,4.3232462392204605,42.80013776828256,79827278,183.862312589616,23,https://hashdive.com/Analyze_User?user_address=0xb6210d25831e8874a562249219c8bd776d6fb72e
0x2ebc65b34ff4e9108e80daa0920e84ae8c4b5d4e,0.045454545454545456,4.322518473343321,42.79293288609887,79825478,192.85038576485505,22,https://hashdive.com/Analyze_User?user_address=0x2ebc65b34ff4e9108e80daa0920e84ae8c4b5d4e
0xc84c27b0f9b9d65c45d1fd7773668f98321e4b4d,0.3958333333333333,4.483201080020895,42.78609922061996,79821879,4060.3038008381177,48,https://hashdive.com/Analyze_User?user_address=0xc84c27b0f9b9d65c45d1fd7773668f98321e4b4d
0x9fee890551278f6b315178e98afadf9196ca29e7,0.043478260869565216,4.31560176393486,42.724457462955115,79827278,216.376963459165,23,https://hashdive.com/Analyze_User?user_address=0x9fee890551278f6b315178e98afadf9196ca29e7
0x190cdaed1bb07b82bdd3922f34a242c357124214,0.1,4.314574499027465,42.7142875403719,79821879,0.342519542925,20,https://hashdive.com/Analyze_User?user_address=0x190cdaed1bb07b82bdd3922f34a242c357124214
0x4b548357dc8e53816d6fa3278188cc3798f5d3e1,0.5102040816326531,6.483596125822478,42.631048975545895,79821879,37.371840602306,49,https://hashdive.com/Analyze_User?user_address=0x4b548357dc8e53816d6fa3278188cc3798f5d3e1
0x34b409fe69ba1d61cbab56f9e90a45f4608f7ead,0.44,4.302826180537845,42.59797918732466,79821879,140.44938152857,25,https://hashdive.com/Analyze_User?user_address=0x34b409fe69ba1d61cbab56f9e90a45f4608f7ead
0xe77d7bb1781b9764fad80f78fe713d8055c7e7f3,0.5384615384615384,4.295780287043136,42.52822484172704,79821879,620.096447277024,26,https://hashdive.com/Analyze_User?user_address=0xe77d7bb1781b9764fad80f78fe713d8055c7e7f3
0xbad5e8c9a7dff88d921396ba5c2b462571bd4ab1,0.045454545454545456,4.291947540073518,42.490280646727825,79829078,163.71817987141407,22,https://hashdive.com/Analyze_User?user_address=0xbad5e8c9a7dff88d921396ba5c2b462571bd4ab1
0xdad3dd5d75ef4f36040d6e2f2e68d805191ad4e8,0.04,4.286475802147554,42.43611044126078,79830877,189.08544493000693,25,https://hashdive.com/Analyze_User?user_address=0xdad3dd5d75ef4f36040d6e2f2e68d805191ad4e8
0x7df3194333db881d6d55547348aa5078b0e0e5c3,0.46,4.906197423746817,42.41595160261695,79821879,2874.861449208719,50,https://hashdive.com/Analyze_User?user_address=0x7df3194333db881d6d55547348aa5078b0e0e5c3
0x0eb751d5e7ee603ccd10a7a45f22996eeeee127f,0.043478260869565216,4.281769352178463,42.389516586566785,79827278,196.37068170571004,23,https://hashdive.com/Analyze_User?user_address=0x0eb751d5e7ee603ccd10a7a45f22996eeeee127f
0xae58d05cee8744a8eecfbf0ae5ebe7f8db786d32,0.10810810810810811,6.008371178299674,42.28591252277096,79821879,0.26742232088299983,37,https://hashdive.com/Analyze_User?user_address=0xae58d05cee8744a8eecfbf0ae5ebe7f8db786d32
0xcdf1f99bf6e806bd517a943d798a5164b49d27a0,0.041666666666666664,4.265880451596763,42.23221647080795,79821879,212.78218719458997,24,https://hashdive.com/Analyze_User?user_address=0xcdf1f99bf6e806bd517a943d798a5164b49d27a0
0x4d20905b4ebe2f3d88ca3b47f340072d2533b3fb,0.15789473684210525,4.264016045631594,42.21375885175278,79821879,0.415627618487,19,https://hashdive.com/Analyze_User?user_address=0x4d20905b4ebe2f3d88ca3b47f340072d2533b3fb
0x17d60b530b0999e04097eefe601ce3a66094e3ed,0.325,6.0999776906161385,42.20402704222139,79821879,3721.5398955766573,80,https://hashdive.com/Analyze_User?user_address=0x17d60b530b0999e04097eefe601ce3a66094e3ed
0x1221fe96ec14faa51cc8520bc0c57ac1a7994454,0.047619047619047616,4.262955596856168,42.20326040887606,79821879,151.47123996610597,21,https://hashdive.com/Analyze_User?user_address=0x1221fe96ec14faa51cc8520bc0c57ac1a7994454
0xa7457dcb5a4dd624bbb12ae5a7c4f59253614b10,0.6178571428571429,10.0,42.19946742341561,79829078,513.6459254592737,560,https://hashdive.com/Analyze_User?user_address=0xa7457dcb5a4dd624bbb12ae5a7c4f59253614b10
0x6914248c7b0fa115d37045edbbf0855c0227bd1f,0.047619047619047616,4.260757814847801,42.18150236699323,79825478,208.189344945084,21,https://hashdive.com/Analyze_User?user_address=0x6914248c7b0fa115d37045edbbf0855c0227bd1f
0xa7430444e6433a1698a6d7e7515862dd87bb2ab1,0.047619047619047616,4.2606521455247846,42.180456240695364,79821879,184.23094660681997,21,https://hashdive.com/Analyze_User?user_address=0xa7430444e6433a1698a6d7e7515862dd87bb2ab1
0x565a03fc415e0b26294fc01291c35516e58ee947,0.37735849056603776,7.160393958151797,42.13972690590492,79821879,32.36784415122799,53,https://hashdive.com/Analyze_User?user_address=0x565a03fc415e0b26294fc01291c35516e58ee947
0x6a9dd74259a6c6fb6bf3da497b707b8575fd373e,0.3,4.252746447152815,42.10218982681287,79827278,403.8607452739641,40,https://hashdive.com/Analyze_User?user_address=0x6a9dd74259a6c6fb6bf3da497b707b8575fd373e
0x831d91c8d1326be222d3455135d31c23af4e4fc0,0.18181818181818182,4.438739833159377,42.06858545648753,79821879,0.2558811569059999,22,https://hashdive.com/Analyze_User?user_address=0x831d91c8d1326be222d3455135d31c23af4e4fc0
0x38430be337d9be751fa23f98688abee6e4c714dd,0.14285714285714285,5.291502612892668,42.03835423406855,79821879,0.22243331567400004,28,https://hashdive.com/Analyze_User?user_address=0x38430be337d9be751fa23f98688abee6e4c714dd
0xd4508b24a25c8e342d174c07f102911774ca3124,0.3389830508474576,5.437952509400266,42.003659326104234,79821879,56.196471685452,59,https://hashdive.com/Analyze_User?user_address=0xd4508b24a25c8e342d174c07f102911774ca3124
0xd95706591e7838d3fe4390d302c08ea3b8def309,0.1111111111111111,4.242640680992728,42.00214274182801,79821879,0.247669429086,18,https://hashdive.com/Analyze_User?user_address=0xd95706591e7838d3fe4390d302c08ea3b8def309
0x82038ee9c82ee0fc88fa18526cadb497e8275ab0,0.1111111111111111,4.242640680292184,42.00214273489262,79821879,0.34598228613800003,18,https://hashdive.com/Analyze_User?user_address=0x82038ee9c82ee0fc88fa18526cadb497e8275ab0
0x0545eefa4ad75f38b055eae78970aac7d210ead3,0.1111111111111111,4.242640679279757,42.00214272486959,79821879,0.403348235143,18,https://hashdive.com/Analyze_User?user_address=0x0545eefa4ad75f38b055eae78970aac7d210ead3
0xceb45574fc749d1bad9174feed405ff8647d1569,0.11428571428571428,5.736888871554976,41.981372011666345,79821879,0.2802571877229999,35,https://hashdive.com/Analyze_User?user_address=0xceb45574fc749d1bad9174feed405ff8647d1569
0xe5d8b297b504ce1ba00ef331e04cd5f4cfeab3e0,0.5714285714285714,4.226762243552079,41.84494621116558,79821879,0.449819212759,21,https://hashdive.com/Analyze_User?user_address=0xe5d8b297b504ce1ba00ef331e04cd5f4cfeab3e0
0x4258dacda33c81c6ca212bb861dffd9cfa3ec11b,0.17857142857142858,5.144919171197313,41.835190514010364,79821879,0.2439063671309999,28,https://hashdive.com/Analyze_User?user_address=0x4258dacda33c81c6ca212bb861dffd9cfa3ec11b
0x866deece27b5dc371182721408cfe14344bd96fc,0.043478260869565216,4.220678176299452,41.78471394536457,79821879,184.64130231656696,23,https://hashdive.com/Analyze_User?user_address=0x866deece27b5dc371182721408cfe14344bd96fc
0xb1250c4e5425336964af3c61ecbf34ac396d69eb,0.6518956179222059,10.0,41.781369727467236,79821879,25774.989839492806,2031,https://hashdive.com/Analyze_User?user_address=0xb1250c4e5425336964af3c61ecbf34ac396d69eb
0x58d206b51a574f921c6107477095429d672f7b07,0.7115384615384616,4.214240533075722,41.72098127744965,79821879,21199.33558592102,52,https://hashdive.com/Analyze_User?user_address=0x58d206b51a574f921c6107477095429d672f7b07
0x74ad7bddeabfdd12d04f542ff64c472d0c252340,0.047619047619047616,4.211927350523876,41.69808077018637,79821879,200.216398503132,21,https://hashdive.com/Analyze_User?user_address=0x74ad7bddeabfdd12d04f542ff64c472d0c252340
0x1080ccc0cbc4a3c93def347dff7c5d6e8f1e345a,0.05,4.210592975724234,41.684870459669916,79830877,142.922197565175,20,https://hashdive.com/Analyze_User?user_address=0x1080ccc0cbc4a3c93def347dff7c5d6e8f1e345a
0x46cd94f78544ae64e2921d58a0e34e72acd5022a,0.045454545454545456,4.209438416791659,41.673440326237426,79825478,161.56451952109398,22,https://hashdive.com/Analyze_User?user_address=0x46cd94f78544ae64e2921d58a0e34e72acd5022a
0x9225d26d17a5d0aebe160d6bfcfc7ac96b83ba7f,0.1111111111111111,4.208718729461535,41.66631542166919,79821879,0.367577295381,18,https://hashdive.com/Analyze_User?user_address=0x9225d26d17a5d0aebe160d6bfcfc7ac96b83ba7f
0x1aa4a3b268c51555a5dbaaa6f8d31c58c8f34f35,0.047619047619047616,4.207968259617505,41.6588857702133,79825478,122.55209390532104,21,https://hashdive.com/Analyze_User?user_address=0x1aa4a3b268c51555a5dbaaa6f8d31c58c8f34f35
0x75f891d52b5ef4a266317090b54acbb48c2bb032,0.44966442953020136,10.0,41.65350148483572,79821879,98.94866956356205,149,https://hashdive.com/Analyze_User?user_address=0x75f891d52b5ef4a266317090b54acbb48c2bb032
0x1eff1324904de355e416203313f26315291f8d43,0.325,6.2523997466536505,41.647453055764174,79821879,0.273037630411,40,https://hashdive.com/Analyze_User?user_address=0x1eff1324904de355e416203313f26315291f8d43
0xb71fca09d73d35f07a7a659947453bbc9ee82980,0.38636363636363635,4.206537693147715,41.64472316216238,79821879,208.10406024005198,44,https://hashdive.com/Analyze_User?user_address=0xb71fca09d73d35f07a7a659947453bbc9ee82980
0x4708c4af8212cff2e87825fa64ee0f81bfc0a15d,0.21052631578947367,4.358898937768102,41.627073284560794,79821879,0.18143722984199995,19,https://hashdive.com/Analyze_User?user_address=0x4708c4af8212cff2e87825fa64ee0f81bfc0a15d
0x46001733fe0d09da809d5fe41f134bca7e42113f,0.10526315789473684,4.203906530861205,41.61867465552593,79821879,0.4155961857139999,19,https://hashdive.com/Analyze_User?user_address=0x46001733fe0d09da809d5fe41f134bca7e42113f
0xe2c11686e00812301af137ffbacf92e3cb90fa46,0.08641975308641975,4.201253852299425,41.59241313776431,79821879,2302.5076079023056,162,https://hashdive.com/Analyze_User?user_address=0xe2c11686e00812301af137ffbacf92e3cb90fa46
0x791a5ba0f5ac553fed0f1e3d2b268a106b25206f,0.05263157894736842,4.196988725917705,41.550188386585276,79825478,212.85810129006296,19,https://hashdive.com/Analyze_User?user_address=0x791a5ba0f5ac553fed0f1e3d2b268a106b25206f
0xf6099a9eacfef24a4161bd857fbfbcd36cdfe68b,0.532051282051282,10.0,41.52394612811548,79821879,72.172964325,156,https://hashdive.com/Analyze_User?user_address=0xf6099a9eacfef24a4161bd857fbfbcd36cdfe68b
0x87cbb1e9e86a6c27535f4e3b51650062ad1a341a,0.047619047619047616,4.193621166876557,41.516849552077915,79825478,206.610910534036,21,https://hashdive.com/Analyze_User?user_address=0x87cbb1e9e86a6c27535f4e3b51650062ad1a341a
0x3bb95b4622e297e47ef3d996a18d0c3ecdfaf941,0.05,4.184013457408015,41.42173322833934,79821879,213.35166398932003,20,https://hashdive.com/Analyze_User?user_address=0x3bb95b4622e297e47ef3d996a18d0c3ecdfaf941
0x9bcab737696b730f21a886cb2bb9a06b7979fdb2,0.5128205128205128,4.183970178960059,41.42130477170458,79821879,141.43786449481001,39,https://hashdive.com/Analyze_User?user_address=0x9bcab737696b730f21a886cb2bb9a06b7979fdb2
0x8206acd840ce8cacd54e46056fcf5492e6246483,0.3686274509803922,9.389589257420095,41.401550389438555,79821879,31.54343826202403,255,https://hashdive.com/Analyze_User?user_address=0x8206acd840ce8cacd54e46056fcf5492e6246483
0x1f0134411be4df9d5003ca286f3dd9fea262548c,0.45054945054945056,6.5185276157404415,41.379649784410184,79823676,2275.0498761834406,91,https://hashdive.com/Analyze_User?user_address=0x1f0134411be4df9d5003ca286f3dd9fea262548c
0x070260a480b3eb434e7b24854e0bc35f9fc360d3,0.047619047619047616,4.1771697257782385,41.35398028520456,79830877,168.69382112560004,21,https://hashdive.com/Analyze_User?user_address=0x070260a480b3eb434e7b24854e0bc35f9fc360d3
0x95108128fd21b26fbdca28f784a8469707509d19,0.375,4.172351609549711,41.30628093454214,79821879,32401.238168912943,80,https://hashdive.com/Analyze_User?user_address=0x95108128fd21b26fbdca28f784a8469707509d19
0x63de267c02aa8a7e82719e98b076a143100ea49b,0.23333333333333334,4.168024447717067,41.26344203239896,79821879,275.78914215114094,30,https://hashdive.com/Analyze_User?user_address=0x63de267c02aa8a7e82719e98b076a143100ea49b
0x5ba14fa6711907d8f34b7903a94fb533a0c61171,0.44285714285714284,4.165987114489994,41.24327243345093,79821879,254638.36179321882,70,https://hashdive.com/Analyze_User?user_address=0x5ba14fa6711907d8f34b7903a94fb533a0c61171
0xf1177f4b2df497961d3337c04eaef0b53dd4b2d1,0.3125,4.159627676634596,41.1803139986825,79821879,83.41598464111102,32,https://hashdive.com/Analyze_User?user_address=0xf1177f4b2df497961d3337c04eaef0b53dd4b2d1
0x1601f8a1604b46aeb2d9b6c969c87b93ce74ed94,0.37209302325581395,4.156850385714466,41.152818818573216,79821879,7371.18676172605,43,https://hashdive.com/Analyze_User?user_address=0x1601f8a1604b46aeb2d9b6c969c87b93ce74ed94
0x16c0188931063672171ab68fd276094e19263477,0.047619047619047616,4.156745532449867,41.151780771253684,79829078,148.34418078761098,21,https://hashdive.com/Analyze_User?user_address=0x16c0188931063672171ab68fd276094e19263477
0xa1bc6f664475f51f60d69cce471b80de9e254051,0.047619047619047616,4.155605687756633,41.14049630879067,79827278,220.00696193090795,21,https://hashdive.com/Analyze_User?user_address=0xa1bc6f664475f51f60d69cce471b80de9e254051
0xeee4f30d5c56b78345bd43ef54eebe7dc227e132,0.09090909090909091,4.154770242961207,41.13222540531595,79827278,465.8325813669,22,https://hashdive.com/Analyze_User?user_address=0xeee4f30d5c56b78345bd43ef54eebe7dc227e132
0x3502649c4283fd437954bd7caa6f3487bcf37d63,0.1,4.153855044261446,41.12316493818832,79825478,342.731611350379,20,https://hashdive.com/Analyze_User?user_address=0x3502649c4283fd437954bd7caa6f3487bcf37d63
0x1a2c94718e7cc2f4ad4efb5f7c73a1f10ee53f48,0.047619047619047616,4.150664413305866,41.09157769172807,79821879,215.63864388370104,21,https://hashdive.com/Analyze_User?user_address=0x1a2c94718e7cc2f4ad4efb5f7c73a1f10ee53f48
0xeb7aadec79214b92dcb74f23ae7302bbc0bb9fb3,0.047619047619047616,4.1504693647400295,41.08964671092629,79821879,156.39485437750898,21,https://hashdive.com/Analyze_User?user_address=0xeb7aadec79214b92dcb74f23ae7302bbc0bb9fb3
0x8c13ef71d4d781d729343814a6db3f8e7fa48f8c,0.1111111111111111,4.146171536320443,41.04709820957239,79821879,0.286478080886,18,https://hashdive.com/Analyze_User?user_address=0x8c13ef71d4d781d729343814a6db3f8e7fa48f8c
0x9bff9c57d8993628d1d254d6f77a765062f25980,0.1111111111111111,4.146156140035659,41.04694578635303,79821879,0.31456139120300003,18,https://hashdive.com/Analyze_User?user_address=0x9bff9c57d8993628d1d254d6f77a765062f25980
0x5aa2f14e591aa5ec60c84d0decc22ee7f6c9dfcc,0.1111111111111111,4.146146343342061,41.046848799086405,79821879,0.20578420720299992,18,https://hashdive.com/Analyze_User?user_address=0x5aa2f14e591aa5ec60c84d0decc22ee7f6c9dfcc
0xb0e9ae850ac5c9c2512e7a1fe0b32ec5f8f3a40e,0.16666666666666666,4.146146055763439,41.04684595205804,79821879,0.472542232939,18,https://hashdive.com/Analyze_User?user_address=0xb0e9ae850ac5c9c2512e7a1fe0b32ec5f8f3a40e
0x2aa235dafdb5b1cd4ced63730295a460945236f6,0.15384615384615385,4.494101361140251,41.0465650637026,79821879,1377.2544166329822,26,https://hashdive.com/Analyze_User?user_address=0x2aa235dafdb5b1cd4ced63730295a460945236f6
0xaa214dd890c33a7ca43feb211b7dcdb9b8ca022e,0.1111111111111111,4.146117552465848,41.04656376941189,79821879,0.308422294865,18,https://hashdive.com/Analyze_User?user_address=0xaa214dd890c33a7ca43feb211b7dcdb9b8ca022e
0x25330dc50bd75121d94b0c51a5fb47eb1d268c9c,0.64,5.253591653348499,41.0237806501274,79821879,165.53634266136194,75,https://hashdive.com/Analyze_User?user_address=0x25330dc50bd75121d94b0c51a5fb47eb1d268c9c
0x8791a54c67d449e6c2f64dd7f474935e64b1516e,0.05,4.14135721087841,40.999436387696264,79830877,196.5094665279,20,https://hashdive.com/Analyze_User?user_address=0x8791a54c67d449e6c2f64dd7f474935e64b1516e
0x862742fa0efb7ebcaad76c6f1b319b258296e89a,0.05,4.138755000863939,40.97367450855299,79825478,204.30245933361198,20,https://hashdive.com/Analyze_User?user_address=0x862742fa0efb7ebcaad76c6f1b319b258296e89a
0x2cde80346eed526242e266476cfcc65073635b98,0.3454810495626822,8.97863273632549,40.94545923549124,79829078,54931.58493988721,1372,https://hashdive.com/Analyze_User?user_address=0x2cde80346eed526242e266476cfcc65073635b98
0x15ce82054c239d2c1bffa7d9aa9b9070411f0ce2,0.05,4.135727284937823,40.94370012088444,79825478,205.14307314503097,20,https://hashdive.com/Analyze_User?user_address=0x15ce82054c239d2c1bffa7d9aa9b9070411f0ce2
0xca696de6c7efc8e2bbbb451d9b1c40373f0e7524,0.5714285714285714,4.133281538604205,40.91948723218163,79821879,234.21990670520108,21,https://hashdive.com/Analyze_User?user_address=0xca696de6c7efc8e2bbbb451d9b1c40373f0e7524
0x17e67d92e99a343f1dc572238bb4698584432c25,0.047619047619047616,4.13262163865429,40.91295422267747,79821879,228.70928683733396,21,https://hashdive.com/Analyze_User?user_address=0x17e67d92e99a343f1dc572238bb4698584432c25
0xaa139a740862601b76ffa3112fba189baf8cdcb0,0.047619047619047616,4.1248446154607405,40.83596169306133,79825478,206.07849619517702,21,https://hashdive.com/Analyze_User?user_address=0xaa139a740862601b76ffa3112fba189baf8cdcb0
0xa971dd68662015586812cf538f4700ce59fd277d,0.05,4.122959167176918,40.8172957550515,79825478,214.803894203612,20,https://hashdive.com/Analyze_User?user_address=0xa971dd68662015586812cf538f4700ce59fd277d
0x4287c6781b4accab0c76f19c67ddffe5111d3b01,0.047619047619047616,4.11798829560445,40.76808412648405,79827278,225.042000394578,21,https://hashdive.com/Analyze_User?user_address=0x4287c6781b4accab0c76f19c67ddffe5111d3b01
0x4ced0b71fbf937c9efd53e149ecfc092d9c3d76e,0.08498583569405099,10.0,40.737362692886066,79821879,90.1102779700036,1059,https://hashdive.com/Analyze_User?user_address=0x4ced0b71fbf937c9efd53e149ecfc092d9c3d76e
0x98bec9c7a1db4d1b95f0f92b315f9d921d77b7ca,0.3170731707317073,4.112849658977676,40.71721162387899,79821879,1896.619158247948,41,https://hashdive.com/Analyze_User?user_address=0x98bec9c7a1db4d1b95f0f92b315f9d921d77b7ca
0x1c88f1c691f057610398da73fcd776bef1da5aaa,0.047619047619047616,4.112694079565169,40.715671387695174,79821879,210.18681776557895,21,https://hashdive.com/Analyze_User?user_address=0x1c88f1c691f057610398da73fcd776bef1da5aaa
0x441f16f5c4c37304636e57c004b5e48d3d8b10a9,0.05,4.112593835440404,40.71467897086001,79827278,165.15106696793595,20,https://hashdive.com/Analyze_User?user_address=0x441f16f5c4c37304636e57c004b5e48d3d8b10a9
0xe24bbdcc0b3d1ec1309eba5663f1d638c8e92c7b,0.2,4.109986326486018,40.688864632211576,79821879,0.344799651905,20,https://hashdive.com/Analyze_User?user_address=0xe24bbdcc0b3d1ec1309eba5663f1d638c8e92c7b
0x001414cc3c36f0080a13cc81484549c7495688b4,0.047619047619047616,4.105245459255438,40.641930046628836,79821879,142.81569189396703,21,https://hashdive.com/Analyze_User?user_address=0x001414cc3c36f0080a13cc81484549c7495688b4
0x963687b76cbeee212954ca44b281396a86011835,0.05,4.104637146217048,40.63590774754877,79821879,199.26673509770796,20,https://hashdive.com/Analyze_User?user_address=0x963687b76cbeee212954ca44b281396a86011835
0x41ea33d2504525a14592a07c8833528ffdc218f9,0.27586206896551724,4.103659518125372,40.626229229441186,79821879,547.283394373182,29,https://hashdive.com/Analyze_User?user_address=0x41ea33d2504525a14592a07c8833528ffdc218f9
0xfb2565bddf71829e7942053bdc0ce5c6cb620379,0.047619047619047616,4.103224257066004,40.62192014495344,79821879,158.8544114267941,21,https://hashdive.com/Analyze_User?user_address=0xfb2565bddf71829e7942053bdc0ce5c6cb620379
0x2314e5d67d54b8169abf76e0f68ef2f63897ef58,0.05263157894736842,4.10003208590168,40.59031765042663,79821879,223.137403475441,19,https://hashdive.com/Analyze_User?user_address=0x2314e5d67d54b8169abf76e0f68ef2f63897ef58
0xbc3eb25586d20a52d3e71918f352fefe42e95b00,0.22727272727272727,4.095473272574241,40.54518539848498,79821879,443.6496606344189,22,https://hashdive.com/Analyze_User?user_address=0xbc3eb25586d20a52d3e71918f352fefe42e95b00
0x1e5bdea42542a03dca0fff3f43a38a619f21d4ec,0.21666666666666667,4.0942142841138,40.532721412726616,79821879,20904.846745642884,60,https://hashdive.com/Analyze_User?user_address=0x1e5bdea42542a03dca0fff3f43a38a619f21d4ec
0xeae40fede67822d357ae4b92fc79ec546876f093,0.047619047619047616,4.092493874051074,40.515689353105635,79821879,160.107937145556,21,https://hashdive.com/Analyze_User?user_address=0xeae40fede67822d357ae4b92fc79ec546876f093
0x33557a72a3a04564c08d3b604c49a0163c23ff63,0.17857142857142858,4.091817439680738,40.508992652839304,79821879,1099.429106305907,28,https://hashdive.com/Analyze_User?user_address=0x33557a72a3a04564c08d3b604c49a0163c23ff63
0xe00ce0b98bb757f6568c6f46f0739388331fde69,0.05,4.091646628980331,40.507301626905274,79825478,216.84219925911702,20,https://hashdive.com/Analyze_User?user_address=0xe00ce0b98bb757f6568c6f46f0739388331fde69
0xd5b9a8314166bb2ae9852a6044ea5756fa2fa71d,0.5873015873015873,5.252438060599386,40.500362665310455,79821879,28044.82575270774,63,https://hashdive.com/Analyze_User?user_address=0xd5b9a8314166bb2ae9852a6044ea5756fa2fa71d
0xfffb6c34ee622b6305a7872bc6f9d314b98f1b85,0.6233766233766234,6.5293445405397845,40.49080820361254,79821879,141.507638156,77,https://hashdive.com/Analyze_User?user_address=0xfffb6c34ee622b6305a7872bc6f9d314b98f1b85
0x57ee70867b4e387de9de34fd62bc685aa02a8112,0.27978883861236803,10.0,40.488755866846915,79829078,18065.086279259234,1326,https://hashdive.com/Analyze_User?user_address=0x57ee70867b4e387de9de34fd62bc685aa02a8112
0x2a7767e3c6f353fb75c0186943e5cba512ac1883,0.047619047619047616,4.083298499728408,40.42465514731124,79825478,60.817048670609,21,https://hashdive.com/Analyze_User?user_address=0x2a7767e3c6f353fb75c0186943e5cba512ac1883
0x38e564bf4740fe37f22c9b349af2753d1b7bacba,0.11764705882352941,4.083150944839916,40.42319435391518,79821879,0.30058134389,17,https://hashdive.com/Analyze_User?user_address=0x38e564bf4740fe37f22c9b349af2753d1b7bacba
0x592f3c41566c50542268b4b7df8660dd257325ee,0.2222222222222222,4.082483327347541,40.41658494074065,79821879,0.9921843159830002,18,https://hashdive.com/Analyze_User?user_address=0x592f3c41566c50542268b4b7df8660dd257325ee
0x627b3fd433197102b8cbf7ae652ab20a302bf289,0.6190476190476191,5.488736650137417,40.319158351908655,79821879,159.06554962079403,84,https://hashdive.com/Analyze_User?user_address=0x627b3fd433197102b8cbf7ae652ab20a302bf289
0x8da22dc47f8a3ec6b5dfff5f8feea8602c2123f2,0.05263157894736842,4.0696879301140605,40.289910508129196,79825478,204.22851381311295,19,https://hashdive.com/Analyze_User?user_address=0x8da22dc47f8a3ec6b5dfff5f8feea8602c2123f2
0x287b9d76cf22f06deb791c0b09ac4a9fa8a10b1b,0.25,4.062667727555352,40.22041050279799,79821879,195.117041633696,24,https://hashdive.com/Analyze_User?user_address=0x287b9d76cf22f06deb791c0b09ac4a9fa8a10b1b
0x1f18c6532e4279b3a3b48c7ba8c438915c6db4e7,0.047619047619047616,4.059864052843414,40.1926541231498,79825478,208.90584825876198,21,https://hashdive.com/Analyze_User?user_address=0x1f18c6532e4279b3a3b48c7ba8c438915c6db4e7
0xe5a32088cfdee63455b0df64e2d8f8b9160bd762,0.6153846153846154,4.058876146314449,40.18287384851305,79821879,395.92684070620396,39,https://hashdive.com/Analyze_User?user_address=0xe5a32088cfdee63455b0df64e2d8f8b9160bd762
0xd049f2a02f77f9acf88b6583215863a15efac5d4,0.16666666666666666,4.058635273623672,40.18048920887435,79821879,0.331299199217,18,https://hashdive.com/Analyze_User?user_address=0xd049f2a02f77f9acf88b6583215863a15efac5d4
0x245efbe57a4b70985e81b1fb050050ab68855888,0.6666666666666666,4.056186026676788,40.1562416641002,79821879,3043.534930578813,24,https://hashdive.com/Analyze_User?user_address=0x245efbe57a4b70985e81b1fb050050ab68855888
0x3f76fa762526cb66c9b90c3390a5b877f32bca57,0.05,4.055563529590834,40.15007894294925,79821879,166.81431333508803,20,https://hashdive.com/Analyze_User?user_address=0x3f76fa762526cb66c9b90c3390a5b877f32bca57
0xbba9a972d6f3e8fb79792dad96fe186b55f59051,0.6216216216216216,4.054341450811397,40.13798036303284,79821879,147.281424028234,37,https://hashdive.com/Analyze_User?user_address=0xbba9a972d6f3e8fb79792dad96fe186b55f59051
0x3b9d1890bdc25aa44754ab9b6bb88b96448795cf,0.05555555555555555,4.053555446237311,40.13019891774938,79825478,214.558094843872,18,https://hashdive.com/Analyze_User?user_address=0x3b9d1890bdc25aa44754ab9b6bb88b96448795cf
0x1b12026b7620aa2633a79b878e313c05025195f2,0.15384615384615385,4.714960062374381,40.088150558115025,79821879,0.28906358157900003,26,https://hashdive.com/Analyze_User?user_address=0x1b12026b7620aa2633a79b878e313c05025195f2
0xf1f81d40ae910099e1a65addb54942e76ca0f4cb,0.34619686800894856,10.0,40.067610944957565,79830877,7316.2257631839275,1788,https://hashdive.com/Analyze_User?user_address=0xf1f81d40ae910099e1a65addb54942e76ca0f4cb
0xe55693fbbfa3700e404d4ecefcd9a78ec6d0bbb1,0.05,4.043905942637174,40.034668832108025,79830877,165.358742806766,20,https://hashdive.com/Analyze_User?user_address=0xe55693fbbfa3700e404d4ecefcd9a78ec6d0bbb1
0x6a7c4f1e110a06c1402e3408a838581c73d59386,0.24,4.656146463028232,40.008502801614156,79821879,24.763634355828003,25,https://hashdive.com/Analyze_User?user_address=0x6a7c4f1e110a06c1402e3408a838581c73d59386
0xbd0b7fbb3e96fd554518d4e9bae11629227297da,0.6493506493506493,5.4895487861359475,40.00148441147041,79821879,567.3655154031,77,https://hashdive.com/Analyze_User?user_address=0xbd0b7fbb3e96fd554518d4e9bae11629227297da
0x58d88f252fb8fbabcc9e246a8c9b08f99b373eb2,0.07692307692307693,4.94589538527733,39.87975064595214,79821879,0.23382349373999994,26,https://hashdive.com/Analyze_User?user_address=0x58d88f252fb8fbabcc9e246a8c9b08f99b373eb2
0xcb25be005716f5ae7cca0a9475b9f405aef01ce9,0.7037037037037037,4.119284465683007,39.86263380052851,79821879,200.63196742670902,27,https://hashdive.com/Analyze_User?user_address=0xcb25be005716f5ae7cca0a9475b9f405aef01ce9
0xc35392046179f53a239998e876cc1dd2f915823e,0.05,4.024042048407586,39.838016279235106,79821879,77.37722671638703,20,https://hashdive.com/Analyze_User?user_address=0xc35392046179f53a239998e876cc1dd2f915823e
0x09ab40e017ceb4fa060b5ffc35e9752f09abd382,0.05,4.022862385798317,39.82633761940333,79821879,155.09159167657504,20,https://hashdive.com/Analyze_User?user_address=0x09ab40e017ceb4fa060b5ffc35e9752f09abd382
0xb693f5a5825cf5188fcae3411a799bbc6a34cfc9,0.5952380952380952,7.44117917037251,39.76885983764116,79823676,38522.48617620185,84,https://hashdive.com/Analyze_User?user_address=0xb693f5a5825cf5188fcae3411a799bbc6a34cfc9
0x5f29582e5bee7ee6247676befb94ce704b450a22,0.15789473684210525,4.016674855934399,39.76508107375055,79821879,0.796911216387,19,https://hashdive.com/Analyze_User?user_address=0x5f29582e5bee7ee6247676befb94ce704b450a22
0xe95a8fd48c74eff11f9fd47f88100633411bbc38,0.15789473684210525,4.01658480150173,39.76418953486713,79821879,0.40938574145299994,19,https://hashdive.com/Analyze_User?user_address=0xe95a8fd48c74eff11f9fd47f88100633411bbc38
0xc57b3e98276eb1009073b38320bfa668c0c50a2b,0.40425531914893614,6.842922633557676,39.74246190181574,79821879,43246.84183508882,141,https://hashdive.com/Analyze_User?user_address=0xc57b3e98276eb1009073b38320bfa668c0c50a2b
0x2880face6d10cf9f84393d64d0fe28aac6470397,0.05,4.014307025586866,39.741639553309966,79825478,192.56304143671605,20,https://hashdive.com/Analyze_User?user_address=0x2880face6d10cf9f84393d64d0fe28aac6470397
0xc9853f5cc437de5f5206d9e3da223d931c46283c,0.8414634146341463,4.009124074073766,39.69032833333028,79821879,4202.930289610158,82,https://hashdive.com/Analyze_User?user_address=0xc9853f5cc437de5f5206d9e3da223d931c46283c
0x3b517cbe60bdb26bb0088e2af6189e2655e82351,0.9090909090909091,4.006920643744449,39.668514373070046,79821879,1001.422683288248,22,https://hashdive.com/Analyze_User?user_address=0x3b517cbe60bdb26bb0088e2af6189e2655e82351
0x4cc9cb4ea568e94b0d48489ce8089d11826fe175,0.10526315789473684,4.003737329843781,39.63699956545343,79821879,0.239013161605,19,https://hashdive.com/Analyze_User?user_address=0x4cc9cb4ea568e94b0d48489ce8089d11826fe175
0xbeee9b2de5496af369ca64ce2e1b64cda325e5c0,0.05263157894736842,4.0032722742028595,39.63239551460831,79821879,217.67439721913402,19,https://hashdive.com/Analyze_User?user_address=0xbeee9b2de5496af369ca64ce2e1b64cda325e5c0
0x822b633cf7f080ccbd58d1fdf101ad0f8ed3f0d0,0.8627450980392157,8.119070849065261,39.6001577331705,79821879,235.32809975000004,102,https://hashdive.com/Analyze_User?user_address=0x822b633cf7f080ccbd58d1fdf101ad0f8ed3f0d0
0x2aeea7d31f21f3ece5326a18231d321284bc346b,0.1875,3.999999994821651,39.59999994873434,79821879,0.520382448289,16,https://hashdive.com/Analyze_User?user_address=0x2aeea7d31f21f3ece5326a18231d321284bc346b
0xc6e2bb874d77e411f40d794560c86c669f0284ca,0.25,3.9999999927598,39.59999992832202,79821879,0.41472031282199995,16,https://hashdive.com/Analyze_User?user_address=0xc6e2bb874d77e411f40d794560c86c669f0284ca
0x38a3f7000c6b40a62335224f0703f5be536dfe34,0.2608695652173913,10.0,39.582880463152264,79830877,2231.983212012998,1403,https://hashdive.com/Analyze_User?user_address=0x38a3f7000c6b40a62335224f0703f5be536dfe34
0x805b61b3c2e8e1a3048b01955442f6c4250d3a36,0.05263157894736842,3.9978903451087473,39.5791144165766,79821879,166.025617674442,19,https://hashdive.com/Analyze_User?user_address=0x805b61b3c2e8e1a3048b01955442f6c4250d3a36
0xdeaaaa634bc98fd7e51ee86f5fbc936fa55b2a7f,0.25,3.997864066451411,39.57885425786897,79821879,11.900556,16,https://hashdive.com/Analyze_User?user_address=0xdeaaaa634bc98fd7e51ee86f5fbc936fa55b2a7f
0x623c927a8a5249f647b39a750e0269d7c45c2dc9,0.05,3.997051505003809,39.57080989953771,79821879,203.02931742922004,20,https://hashdive.com/Analyze_User?user_address=0x623c927a8a5249f647b39a750e0269d7c45c2dc9
0xf67b4367f3bb557a32aad50e9855040cf820368e,0.3333333333333333,3.996496084901878,39.565311240528594,79821879,430.57301681453606,33,https://hashdive.com/Analyze_User?user_address=0xf67b4367f3bb557a32aad50e9855040cf820368e
0x54931ccbc29112c9009fd95e83e298514d465855,0.4117647058823529,4.302639240475364,39.55353101462619,79821879,8061.654891275953,51,https://hashdive.com/Analyze_User?user_address=0x54931ccbc29112c9009fd95e83e298514d465855
0xb94acc5b06e76e817c81f2934c6df34a4dc3f99d,0.05,3.9926306874066126,39.52704380532546,79821879,183.604935868127,20,https://hashdive.com/Analyze_User?user_address=0xb94acc5b06e76e817c81f2934c6df34a4dc3f99d
0xdde2e4d049a2337750a701eb0eeef25d5ec6de27,0.54,4.840535455708859,39.50705114569696,79821879,212.15521455593898,50,https://hashdive.com/Analyze_User?user_address=0xdde2e4d049a2337750a701eb0eeef25d5ec6de27
0xa8408d24e0cd863e2e7b66ea88a65931f37d63a4,0.391304347826087,3.988093353756488,39.48212420218923,79821879,338.20779159155705,23,https://hashdive.com/Analyze_User?user_address=0xa8408d24e0cd863e2e7b66ea88a65931f37d63a4
0xc984d536c9b065fe9a1e50ee3e5253ffcd44753f,0.43478260869565216,3.983575263878615,39.43739511239829,79821879,0.352271160521,23,https://hashdive.com/Analyze_User?user_address=0xc984d536c9b065fe9a1e50ee3e5253ffcd44753f
0x1cb27ac75ed77978468fd6824097d7efc2e096b0,0.05263157894736842,3.982851123635824,39.43022612399466,79821879,155.99153060719703,19,https://hashdive.com/Analyze_User?user_address=0x1cb27ac75ed77978468fd6824097d7efc2e096b0
0x519d369d947c5bd2d9f1a7dc2dcb29fc40d8ccdc,0.05263157894736842,3.9806363150471054,39.408299518966345,79825478,205.13493066508502,19,https://hashdive.com/Analyze_User?user_address=0x519d369d947c5bd2d9f1a7dc2dcb29fc40d8ccdc
0x4d5d65f78217e355eac5dd1f208796a4b33c60f3,0.15217391304347827,3.9775769715918114,39.37801201875893,79821879,55.13892853742299,46,https://hashdive.com/Analyze_User?user_address=0x4d5d65f78217e355eac5dd1f208796a4b33c60f3
0xf52631a7a776f07e3f01c139f5e83f3e24373219,0.5757575757575758,4.440724232935364,39.359441914635404,79829078,930.3914971060182,33,https://hashdive.com/Analyze_User?user_address=0xf52631a7a776f07e3f01c139f5e83f3e24373219
0xb00c872d6f70fae183fa293bcb874346704d99a2,0.3673469387755102,4.7599483032522425,39.35421034579961,79821879,56.16284186197501,49,https://hashdive.com/Analyze_User?user_address=0xb00c872d6f70fae183fa293bcb874346704d99a2
0x93b4c000438762415ac6cd893039ca4b310d1bf8,0.05263157894736842,3.974901725576706,39.35152708320939,79825478,225.09131151965505,19,https://hashdive.com/Analyze_User?user_address=0x93b4c000438762415ac6cd893039ca4b310d1bf8
0x8083f0f4f3984606c146ef76355e4838c0ecc14a,0.05,3.9738268900541054,39.34088621153564,79827278,201.64205781724596,20,https://hashdive.com/Analyze_User?user_address=0x8083f0f4f3984606c146ef76355e4838c0ecc14a
0x5400eae7fd1cca4c6edb72d0745c18a433551342,0.05851063829787234,6.3032398117258435,39.32064256086954,79821879,2705.2855851761165,188,https://hashdive.com/Analyze_User?user_address=0x5400eae7fd1cca4c6edb72d0745c18a433551342
0x85ed23542f47457c156e014f685534b213c80497,0.045454545454545456,3.971302865581492,39.31589836925677,79825478,164.58237541972503,22,https://hashdive.com/Analyze_User?user_address=0x85ed23542f47457c156e014f685534b213c80497
0xa2f5e4e665215abb4150d5c5e5d79deb66c1b647,0.043478260869565216,3.971191862390835,39.314799437669265,79821879,140.47577469799103,23,https://hashdive.com/Analyze_User?user_address=0xa2f5e4e665215abb4150d5c5e5d79deb66c1b647
0xd04289584c6b10e09d030931df8ab576e0190e0c,0.2830188679245283,5.941298075536508,39.314149450168884,79821879,126.39687548466202,53,https://hashdive.com/Analyze_User?user_address=0xd04289584c6b10e09d030931df8ab576e0190e0c
0xdd34bf2ffb569872ee414aaacd401b74ef03ef7a,0.34782608695652173,3.9696004263854903,39.299044221216356,79821879,225.161048723267,23,https://hashdive.com/Analyze_User?user_address=0xdd34bf2ffb569872ee414aaacd401b74ef03ef7a
0xaa7154b49e384edf565e9e77c03214af61e52ada,0.13333333333333333,4.486349024591724,39.283355773678785,79821879,19.308621085554005,30,https://hashdive.com/Analyze_User?user_address=0xaa7154b49e384edf565e9e77c03214af61e52ada
0x2071e2f81b445702df3c373a249d6d054f2c001b,0.047619047619047616,3.966754823280905,39.27087275048096,79829078,214.054161694011,21,https://hashdive.com/Analyze_User?user_address=0x2071e2f81b445702df3c373a249d6d054f2c001b
0xd9f9baa366c925fe760483fe6a951ac58f80afa7,0.17647058823529413,3.9617939951596846,39.22176055208088,79821879,0.40740838072199986,17,https://hashdive.com/Analyze_User?user_address=0xd9f9baa366c925fe760483fe6a951ac58f80afa7
0x80156bd14fea067dd06272f00c8938ce2db965b7,0.17647058823529413,3.961757114293419,39.22139543150485,79821879,0.4097422374379999,17,https://hashdive.com/Analyze_User?user_address=0x80156bd14fea067dd06272f00c8938ce2db965b7
0xa8ca8d72aa2aa161eea6ff2a5e3c3176e46cbbba,0.05,3.961211982202816,39.21599862380788,79825478,220.66449366762902,20,https://hashdive.com/Analyze_User?user_address=0xa8ca8d72aa2aa161eea6ff2a5e3c3176e46cbbba
0xac92e667226a8c4bbbcb096e6b6ee03defd5ee12,0.05,3.9601625145695674,39.205608894238715,79821879,187.152499954649,20,https://hashdive.com/Analyze_User?user_address=0xac92e667226a8c4bbbcb096e6b6ee03defd5ee12
0x919476295d8950232c2129964dedec86f96a94aa,0.4782608695652174,3.9575349709808734,39.17959621271065,79827278,345.192523939089,23,https://hashdive.com/Analyze_User?user_address=0x919476295d8950232c2129964dedec86f96a94aa
0xcfc5ada8f696770ce73376ae6cfe9b7f90b3f4af,0.20833333333333334,4.190580315183843,39.16082652199689,79821879,144.003755838892,24,https://hashdive.com/Analyze_User?user_address=0xcfc5ada8f696770ce73376ae6cfe9b7f90b3f4af
0xddff14f4dc8986f643c39aaa1572428775046c64,0.05555555555555555,3.948417065341361,39.089328946879476,79821879,215.75193054800903,18,https://hashdive.com/Analyze_User?user_address=0xddff14f4dc8986f643c39aaa1572428775046c64
0x241d500d83bf50b56e517215797f0b67c1effdc2,0.28846153846153844,3.948310808098387,39.08827700017403,79821879,6.514878596831002,52,https://hashdive.com/Analyze_User?user_address=0x241d500d83bf50b56e517215797f0b67c1effdc2
0x4fbd48268a1f104338506cbf9dce06052ac108b0,0.05555555555555555,3.9458624389163024,39.06403814527139,79825478,222.35147231684002,18,https://hashdive.com/Analyze_User?user_address=0x4fbd48268a1f104338506cbf9dce06052ac108b0
0xdbf6781f009460a63469d76d93e7620d4a2f5cc2,0.20833333333333334,3.945501832881226,39.06046814552413,79821879,3294.682453833832,24,https://hashdive.com/Analyze_User?user_address=0xdbf6781f009460a63469d76d93e7620d4a2f5cc2
0x9b837f2b4a947263b8d693ae8b14af05098cee1d,0.05,3.9434152795582835,39.03981126762701,79821879,234.58755921958002,20,https://hashdive.com/Analyze_User?user_address=0x9b837f2b4a947263b8d693ae8b14af05098cee1d
0x924e190a591355a23f7a6cdf0d6f806ab15beda2,0.058823529411764705,3.939967321473555,39.0056764825882,79827278,201.471993795471,17,https://hashdive.com/Analyze_User?user_address=0x924e190a591355a23f7a6cdf0d6f806ab15beda2
0xc3da937db80fdb4389c715905abb9d266abef328,0.5416666666666666,3.976899442547531,38.9938751642769,79821879,5415.072012092524,24,https://hashdive.com/Analyze_User?user_address=0xc3da937db80fdb4389c715905abb9d266abef328
0x2c1653fc5a39f4ed2f44dd9ec4b534b23a1b9ce7,0.05263157894736842,3.9362917790087373,38.969288612186496,79825478,212.45166866665798,19,https://hashdive.com/Analyze_User?user_address=0x2c1653fc5a39f4ed2f44dd9ec4b534b23a1b9ce7
0x3ae24a9dcdd5bf6bd50808f72dc57812a9b9e50f,0.48484848484848486,3.9350010605390984,38.95651049933707,79821879,2730.4414108799997,33,https://hashdive.com/Analyze_User?user_address=0x3ae24a9dcdd5bf6bd50808f72dc57812a9b9e50f
0x241c0015be6edc7a8a93094b0242ec5677ade092,0.05263157894736842,3.9346592971756067,38.9531270420385,79827278,228.775777144403,19,https://hashdive.com/Analyze_User?user_address=0x241c0015be6edc7a8a93094b0242ec5677ade092
0x864d8e8019d8bc3885f6cbe52b8e73f831d4bc6d,0.05555555555555555,3.9298256669657023,38.905274102960455,79825478,228.87053104675698,18,https://hashdive.com/Analyze_User?user_address=0x864d8e8019d8bc3885f6cbe52b8e73f831d4bc6d
0xd9a06deb3a51260258942d1c066c10124aacd89d,0.05263157894736842,3.929795334590065,38.90497381244164,79829078,239.00417062227697,19,https://hashdive.com/Analyze_User?user_address=0xd9a06deb3a51260258942d1c066c10124aacd89d
0x99fb735412048248d609fe6a1df5e9b61bebceea,0.05263157894736842,3.9233078149368614,38.840747367874926,79830877,161.994524466403,19,https://hashdive.com/Analyze_User?user_address=0x99fb735412048248d609fe6a1df5e9b61bebceea
0x8d91a3a64a3a381eb74c22ecbe34a564248e0e8f,0.2692307692307692,3.9210223101519808,38.818120870504615,79821879,134.56440642940498,26,https://hashdive.com/Analyze_User?user_address=0x8d91a3a64a3a381eb74c22ecbe34a564248e0e8f
0xce1e4c3a0dbed64483be14e617fc818bfdb0ecb1,0.15384615384615385,3.9198997360691337,38.807007387084425,79821879,263.65183663681387,26,https://hashdive.com/Analyze_User?user_address=0xce1e4c3a0dbed64483be14e617fc818bfdb0ecb1
0x7ced0720c5bcdedbf0bd093e9ef75dd625111e3f,0.05,3.9159868103720306,38.768269422683105,79821879,176.712086709859,20,https://hashdive.com/Analyze_User?user_address=0x7ced0720c5bcdedbf0bd093e9ef75dd625111e3f
0x6668ccdb9fb04d3978500fc1df11e4fb84660e26,0.4583333333333333,3.9159841686540937,38.76824326967552,79821879,536.934022331394,24,https://hashdive.com/Analyze_User?user_address=0x6668ccdb9fb04d3978500fc1df11e4fb84660e26
0x6a6bfa4e32a5bd255902fb0b4c8e4e7edb5cc70d,0.509090909090909,3.9159504705627386,38.767909658571114,79821879,1182.9583393540952,55,https://hashdive.com/Analyze_User?user_address=0x6a6bfa4e32a5bd255902fb0b4c8e4e7edb5cc70d
0x67bc7fe941a46676612f14abf4d9920f1c6693fb,0.391304347826087,3.9144165226924343,38.7527235746551,79821879,30.373434869323003,23,https://hashdive.com/Analyze_User?user_address=0x67bc7fe941a46676612f14abf4d9920f1c6693fb
0x1c7686d66b3c2166810b2a6465482ff876ba565c,0.05555555555555555,3.913226341782224,38.74094078364402,79825478,222.13903689213495,18,https://hashdive.com/Analyze_User?user_address=0x1c7686d66b3c2166810b2a6465482ff876ba565c
0xecd63a43b95ab633acde93234d67949c723f712d,0.058823529411764705,3.9119689011630476,38.72849212151417,79825478,216.68079973013297,17,https://hashdive.com/Analyze_User?user_address=0xecd63a43b95ab633acde93234d67949c723f712d
0xf2009ff8e415cf1d6da355209b5325e0ac7a28af,0.4482758620689655,4.31938732981785,38.69487190831981,79821879,508.45402140836,29,https://hashdive.com/Analyze_User?user_address=0xf2009ff8e415cf1d6da355209b5325e0ac7a28af
0x9b301312290264c9c67771400f4f9bd8975eec9e,0.15625,3.906849013242865,38.67780523110436,79821879,871.732119094208,64,https://hashdive.com/Analyze_User?user_address=0x9b301312290264c9c67771400f4f9bd8975eec9e
0x9558de9288a5c8c237b13b7ac75d0adfaccd27e0,0.2727272727272727,3.9057029074548018,38.66645878380253,79821879,167.84568590475,33,https://hashdive.com/Analyze_User?user_address=0x9558de9288a5c8c237b13b7ac75d0adfaccd27e0
0x6df903bf2d0bea5c3cdaac1fabc703f91585b450,0.058823529411764705,3.904852436159354,38.65803911797761,79821879,214.28600802643197,17,https://hashdive.com/Analyze_User?user_address=0x6df903bf2d0bea5c3cdaac1fabc703f91585b450
0x160575e12e7f7c58c5527fddcd429fb82da443bf,0.38095238095238093,3.904285098864883,38.65242247876235,79821879,2035.1542938980547,21,https://hashdive.com/Analyze_User?user_address=0x160575e12e7f7c58c5527fddcd429fb82da443bf
0x8d971b3eebf8bcf7e748d9328dfec7b10a8afbd8,0.210752688172043,9.384824302154543,38.63747328709327,79821879,7507.341039211878,465,https://hashdive.com/Analyze_User?user_address=0x8d971b3eebf8bcf7e748d9328dfec7b10a8afbd8
0x7a18a7a2170f3e983d2840bcc2760417a134911f,0.6896551724137931,4.910708617881034,38.62859451762995,79821879,27.712551758068,29,https://hashdive.com/Analyze_User?user_address=0x7a18a7a2170f3e983d2840bcc2760417a134911f
0x874d112cca0cabc8877c917bc1cc2f13d9adf149,0.0625,3.900062642453412,38.610620160288775,79821879,182.80020011244298,16,https://hashdive.com/Analyze_User?user_address=0x874d112cca0cabc8877c917bc1cc2f13d9adf149
0xc890006e5e412596d567a96c14bc51579b78dbb7,0.16666666666666666,3.9000614741156427,38.610608593744864,79821879,55.061272028477,18,https://hashdive.com/Analyze_User?user_address=0xc890006e5e412596d567a96c14bc51579b78dbb7
0x4b2883d8bdc448a0148bb56412c2a13b651cf8de,0.1875,3.9000488379300684,38.61048349550768,79821879,0.44561825562799995,16,https://hashdive.com/Analyze_User?user_address=0x4b2883d8bdc448a0148bb56412c2a13b651cf8de
0x630cc9951a302aa6792992b25c133603029bb7eb,0.10526315789473684,3.899353921040943,38.60360381830534,79825478,333.718053338432,19,https://hashdive.com/Analyze_User?user_address=0x630cc9951a302aa6792992b25c133603029bb7eb
0x17b342d30ba55e3b8d0c2b343db69f3fc5c903cf,0.34375,3.8973705210956675,38.58396815884711,79821879,1133.753898576827,32,https://hashdive.com/Analyze_User?user_address=0x17b342d30ba55e3b8d0c2b343db69f3fc5c903cf
0x8ef0ca8a3e09f39cde05e3e15d977ee95a172c5b,0.23076923076923078,5.013781350003159,38.54118503164358,79821879,0.20753339605399998,26,https://hashdive.com/Analyze_User?user_address=0x8ef0ca8a3e09f39cde05e3e15d977ee95a172c5b
0x64d9500d7b4eb6f20c9f7167e1ff9ac04cd48197,0.1875,3.8928663428869057,38.53937679458036,79821879,0.359545280138,16,https://hashdive.com/Analyze_User?user_address=0x64d9500d7b4eb6f20c9f7167e1ff9ac04cd48197
0x2957b9e5c06709835d452aa31c383d4ccf8c2b9c,0.05555555555555555,3.891290347691586,38.5237744421467,79825478,231.22506427372704,18,https://hashdive.com/Analyze_User?user_address=0x2957b9e5c06709835d452aa31c383d4ccf8c2b9c
0x4536ebbe68fa30e783b70be01218585d0b454cd7,0.09836065573770492,7.218676211075,38.42341822531416,79821879,38.656450158140004,61,https://hashdive.com/Analyze_User?user_address=0x4536ebbe68fa30e783b70be01218585d0b454cd7
0xa3f76934748f508504c6cd718382f0c2aeba0d7c,0.2222222222222222,3.880113982297424,38.4131284247445,79821879,64.687510501578,36,https://hashdive.com/Analyze_User?user_address=0xa3f76934748f508504c6cd718382f0c2aeba0d7c
0xbd34d3285b1104909a8f4b3856c6450ee6d069c7,0.05263157894736842,3.878676856726442,38.39890088159177,79821879,172.87431254052703,19,https://hashdive.com/Analyze_User?user_address=0xbd34d3285b1104909a8f4b3856c6450ee6d069c7
0x35eafaeb5625ffb122d18f6195652468565f9145,0.23529411764705882,4.024890969874584,38.395573362934186,79821879,0.171698175118,17,https://hashdive.com/Analyze_User?user_address=0x35eafaeb5625ffb122d18f6195652468565f9145
0x49d7508fb3a59f44cc17f9f6ce71e880fe2da255,0.3684210526315789,4.081397905733239,38.368249564237075,79821879,21.207926253662002,19,https://hashdive.com/Analyze_User?user_address=0x49d7508fb3a59f44cc17f9f6ce71e880fe2da255
0xc1ad51169b4774f46ef2d0e3ff1260c5a5252a33,0.19047619047619047,4.363731794329179,38.350546744761445,79821879,66.946955552086,21,https://hashdive.com/Analyze_User?user_address=0xc1ad51169b4774f46ef2d0e3ff1260c5a5252a33
0xd07fdd52a64121fecf0ccf28c2e183d3a30ef227,0.26666666666666666,3.8729833401238256,38.342535067225874,79821879,0.40340813319200003,15,https://hashdive.com/Analyze_User?user_address=0xd07fdd52a64121fecf0ccf28c2e183d3a30ef227
0x19931ffa80cab50b5e73c08684e38189e2272262,0.45454545454545453,3.86848964806896,38.29804751588271,79821879,200.36972088036904,22,https://hashdive.com/Analyze_User?user_address=0x19931ffa80cab50b5e73c08684e38189e2272262
0xf37654452cd6a62e7017c513be3af8c00812953a,0.5606060606060606,6.540256475831438,38.29751963355043,79821879,774.6338666033658,66,https://hashdive.com/Analyze_User?user_address=0xf37654452cd6a62e7017c513be3af8c00812953a
0xc355fbe135ac5e8a0d5767e24393dd3cbdfed3c6,0.10344827586206896,5.303276795496263,38.29441292682395,79821879,0.21661117451400003,29,https://hashdive.com/Analyze_User?user_address=0xc355fbe135ac5e8a0d5767e24393dd3cbdfed3c6
0x5545e262cdda0bf4a8f6a546cd7ce966b513c7d6,0.11764705882352941,3.854764423540973,38.16216779305563,79825478,476.25383972443393,17,https://hashdive.com/Analyze_User?user_address=0x5545e262cdda0bf4a8f6a546cd7ce966b513c7d6
0x728c6de6684d6619054cb17feadb61402869c064,0.1111111111111111,3.8524096072282323,38.1388551115595,79825478,493.7537064758288,18,https://hashdive.com/Analyze_User?user_address=0x728c6de6684d6619054cb17feadb61402869c064
0x839b4a3a3fad88e24c65832960861afebb1f6f92,0.13114754098360656,3.8454079270825434,38.06953847811718,79821879,1362.442514160193,61,https://hashdive.com/Analyze_User?user_address=0x839b4a3a3fad88e24c65832960861afebb1f6f92
0x0e0d553ab5e5f2bcc3c84e027defb3ec241441d2,0.058823529411764705,3.843425958380779,38.04991698796971,79821879,167.540993186556,17,https://hashdive.com/Analyze_User?user_address=0x0e0d553ab5e5f2bcc3c84e027defb3ec241441d2
0x570682bc1bec706be358cf50db31855e620444ac,0.3008130081300813,6.190091323204727,38.037146410084326,79821879,2752.6286611144856,123,https://hashdive.com/Analyze_User?user_address=0x570682bc1bec706be358cf50db31855e620444ac
0x3a8b63a39dbf24177e60da53e1dbe50347192cf5,0.15384615384615385,3.8404092211365994,38.020051289252336,79821879,329.16958599823806,26,https://hashdive.com/Analyze_User?user_address=0x3a8b63a39dbf24177e60da53e1dbe50347192cf5
0x1901c142be84b94934658ef01aa7ce7268576836,0.1875,3.8376327204299936,37.992563932256935,79821879,0.404539203036,16,https://hashdive.com/Analyze_User?user_address=0x1901c142be84b94934658ef01aa7ce7268576836
0x89ad4470a8c290547c147f3beaa831cf91c7cb5b,0.05555555555555555,3.8369787940794793,37.98609006138685,79825478,161.43792761813393,18,https://hashdive.com/Analyze_User?user_address=0x89ad4470a8c290547c147f3beaa831cf91c7cb5b
0xd2aba521c6a52b47470df0fce2a05fed835c0e6c,0.16666666666666666,3.8367096414090054,37.98342544994915,79821879,2383.0120409950287,24,https://hashdive.com/Analyze_User?user_address=0xd2aba521c6a52b47470df0fce2a05fed835c0e6c
0xb7e2f8982b517ed039aaf340a68798b04f199501,0.5,4.3331094041115,37.97782143595822,79821879,31.534789122604,24,https://hashdive.com/Analyze_User?user_address=0xb7e2f8982b517ed039aaf340a68798b04f199501
0x310bdea886077e86cb14b5abc99f9dad52e04558,0.047619047619047616,3.835687301949504,37.97330428930009,79821879,157.13227158040996,21,https://hashdive.com/Analyze_User?user_address=0x310bdea886077e86cb14b5abc99f9dad52e04558
0x61751a9756b3c9988cf0d2ca9a7fa338d3be0e0b,0.6619718309859155,5.079399300453062,37.94728785391179,79821879,148.58671286843204,71,https://hashdive.com/Analyze_User?user_address=0x61751a9756b3c9988cf0d2ca9a7fa338d3be0e0b
0xef9061b420a3bf60bf8a700c6233da80ca1685d8,0.014806378132118452,10.0,37.905541144019274,79830877,4111.429923999996,1756,https://hashdive.com/Analyze_User?user_address=0xef9061b420a3bf60bf8a700c6233da80ca1685d8
0x1bc76d825abbd3c1e29df8163298651fa9612f28,1.0,4.358898943375384,37.881535051506894,79821879,16.512042,19,https://hashdive.com/Analyze_User?user_address=0x1bc76d825abbd3c1e29df8163298651fa9612f28
0xdb306f7981049d57cf183d367fc846e359d7e635,0.16666666666666666,3.8231118091423184,37.84880691050895,79821879,3284.6163821170217,36,https://hashdive.com/Analyze_User?user_address=0xdb306f7981049d57cf183d367fc846e359d7e635
0x3d7d3a59596fd2369b7244e62e53277c4e40cceb,0.043478260869565216,3.8125553844951097,37.744298306501584,79825478,189.771287932048,23,https://hashdive.com/Analyze_User?user_address=0x3d7d3a59596fd2369b7244e62e53277c4e40cceb
0x20e0eaa01898de1d190073276113392a62f57338,0.05555555555555555,3.812382633083897,37.742588067530576,79827278,189.63115062521297,18,https://hashdive.com/Analyze_User?user_address=0x20e0eaa01898de1d190073276113392a62f57338
0x4eae829a112298efa38f4e66cc5a58787f4a9b12,0.3488372093023256,4.5019798644939515,37.72454433452702,79821879,69.68488095296601,43,https://hashdive.com/Analyze_User?user_address=0x4eae829a112298efa38f4e66cc5a58787f4a9b12
0x858fb2be1e75b4777efde3c6f4d39a8da364921c,0.0625,3.8104211394666083,37.723169280719425,79821879,115.49506,16,https://hashdive.com/Analyze_User?user_address=0x858fb2be1e75b4777efde3c6f4d39a8da364921c
0xc533890bb558d7810824b7d9f5f5b9cc52f4c1fc,0.13043478260869565,4.596115101170162,37.71502876544934,79821879,0.21332810009500003,23,https://hashdive.com/Analyze_User?user_address=0xc533890bb558d7810824b7d9f5f5b9cc52f4c1fc
0x60858d3189957105f0684e51f9f781863562ce73,0.3783783783783784,6.008315481015332,37.66709972695604,79821879,0.23819044048199997,37,https://hashdive.com/Analyze_User?user_address=0x60858d3189957105f0684e51f9f781863562ce73
0x64346e10458723a7ddca0b39d12517756a49aeec,0.7021276595744681,6.26041064976184,37.63883947645604,79821879,3154.0,47,https://hashdive.com/Analyze_User?user_address=0x64346e10458723a7ddca0b39d12517756a49aeec
0x0dfef487f0eb31a7fbf0e0e8f995251030e66eda,0.6559139784946236,3.7974510291771377,37.594765188853664,79821879,11230.380120773685,93,https://hashdive.com/Analyze_User?user_address=0x0dfef487f0eb31a7fbf0e0e8f995251030e66eda
0xa9f6768618c9fe09600d5bf19fbe0cccea82fc4b,0.06666666666666667,3.795377942529858,37.574241631045595,79825478,239.645752373148,15,https://hashdive.com/Analyze_User?user_address=0xa9f6768618c9fe09600d5bf19fbe0cccea82fc4b
0x4b2dabc05fb2c144921b542a1c8fa7448a2a287b,0.1111111111111111,3.7947528220231055,37.56805293802874,79821879,0.40940399999999993,18,https://hashdive.com/Analyze_User?user_address=0x4b2dabc05fb2c144921b542a1c8fa7448a2a287b
0x4912fe1f54206fcca79fc9e8d67e8f45ada609dd,0.3333333333333333,6.201426280892169,37.554318926896975,79821879,366.299123270308,54,https://hashdive.com/Analyze_User?user_address=0x4912fe1f54206fcca79fc9e8d67e8f45ada609dd
0x56f246f76ead6d13edfd9d247a4783d3c23d1131,0.42105263157894735,4.731767713591622,37.550915177265416,79821879,11366.386706075837,171,https://hashdive.com/Analyze_User?user_address=0x56f246f76ead6d13edfd9d247a4783d3c23d1131
0x9f6f6601ccb643c5bd4e667adf3267b949e724d4,0.4375,5.0202015492098955,37.54408714561651,79830877,37.172912238565,32,https://hashdive.com/Analyze_User?user_address=0x9f6f6601ccb643c5bd4e667adf3267b949e724d4
0x5959a6b6419aecd33998ef22b171a6e29f84ba06,0.17073170731707318,3.7887518039531356,37.508642859136046,79821879,679.2836362488158,41,https://hashdive.com/Analyze_User?user_address=0x5959a6b6419aecd33998ef22b171a6e29f84ba06
0x6e155f0b14617450a68139842cc92c953da372e5,0.05555555555555555,3.7886652905773572,37.507786376715835,79825478,222.272453581534,18,https://hashdive.com/Analyze_User?user_address=0x6e155f0b14617450a68139842cc92c953da372e5
0x552bb6e3d4afc68d6601e8724224ec438f8739d8,0.0625,3.7867588837147093,37.48891294877562,79829078,224.27315348769696,16,https://hashdive.com/Analyze_User?user_address=0x552bb6e3d4afc68d6601e8724224ec438f8739d8
0xbf746448d2f1a95095019700f13503382488a88b,0.23809523809523808,3.7863391794580035,37.484757876634234,79821879,56.06165701782801,21,https://hashdive.com/Analyze_User?user_address=0xbf746448d2f1a95095019700f13503382488a88b
0x50d2f13f0f8dd9085d6aa8de88063fc5c9db8fbf,0.058823529411764705,3.7862179806297593,37.48355800823462,79821879,224.33380089575996,17,https://hashdive.com/Analyze_User?user_address=0x50d2f13f0f8dd9085d6aa8de88063fc5c9db8fbf
0xe726abf5578948d4c0c48c3beba5168301048a6f,0.21052631578947367,3.7824793037384734,37.446545107010884,79821879,597.9705670898879,19,https://hashdive.com/Analyze_User?user_address=0xe726abf5578948d4c0c48c3beba5168301048a6f
0xee0124a4cf962b2e3030983c4245b4c59c070a64,0.047619047619047616,3.780744495842973,37.42937050884543,79821879,64.74267400399998,21,https://hashdive.com/Analyze_User?user_address=0xee0124a4cf962b2e3030983c4245b4c59c070a64
0x62a35e60af4e18d669a7e539ddb8a7b740d32ad7,0.05555555555555555,3.77847499673328,37.40690246765947,79821879,194.56115166199197,18,https://hashdive.com/Analyze_User?user_address=0x62a35e60af4e18d669a7e539ddb8a7b740d32ad7
0x9dbc5fb49cebb149a5a702604bee7b1549964f5d,0.05263157894736842,3.7772601752452872,37.39487573492834,79825478,207.77644510784796,19,https://hashdive.com/Analyze_User?user_address=0x9dbc5fb49cebb149a5a702604bee7b1549964f5d
0x53aa211fde5327bc581f24f2d84ea4a23eef433b,0.0625,3.773808603416448,37.360705173822836,79825478,211.63713956138997,16,https://hashdive.com/Analyze_User?user_address=0x53aa211fde5327bc581f24f2d84ea4a23eef433b
0xd785fbd74ef772d38b70c271176d516ef8717c34,0.2,3.7712484006954807,37.335359166885254,79821879,0.409464219347,15,https://hashdive.com/Analyze_User?user_address=0xd785fbd74ef772d38b70c271176d516ef8717c34
0xcf76ba7fc129cabf8839010fdd0c722a7215c40c,0.26666666666666666,3.771207622097633,37.334955458766565,79821879,0.46296312267899997,15,https://hashdive.com/Analyze_User?user_address=0xcf76ba7fc129cabf8839010fdd0c722a7215c40c
0xbf9c029a3eaec530d6e184fbd3f1df2d8b664433,0.2,3.771202043600525,37.3349002316452,79821879,0.4302152342269999,15,https://hashdive.com/Analyze_User?user_address=0xbf9c029a3eaec530d6e184fbd3f1df2d8b664433
0x51b7e3527aca70c1513a2c60d0401593e14fd333,0.36538461538461536,3.7996043538408553,37.21789007464985,79821879,6458.646847403148,104,https://hashdive.com/Analyze_User?user_address=0x51b7e3527aca70c1513a2c60d0401593e14fd333
0x692d95b5428468c316acffe9941276d5998f701b,0.6041666666666666,5.358218050531256,37.217631751565186,79821879,576.1669798575699,48,https://hashdive.com/Analyze_User?user_address=0x692d95b5428468c316acffe9941276d5998f701b
0x15911e65b28ee803bfd9511870c81b9b908bafb3,0.0625,3.7560023850647513,37.18442361214103,79825478,224.61480253327994,16,https://hashdive.com/Analyze_User?user_address=0x15911e65b28ee803bfd9511870c81b9b908bafb3
0x20699abb9b67b9631e306d8cc67b63d26943c7cf,0.31363636363636366,10.0,37.18235324538735,79821879,8602.836384056092,440,https://hashdive.com/Analyze_User?user_address=0x20699abb9b67b9631e306d8cc67b63d26943c7cf
0x53a4879cbd1853ce18bf2a7de5f5617a6b5e3fc1,0.7727272727272727,6.386395120005959,37.154945493326366,79821879,141.35491765938596,66,https://hashdive.com/Analyze_User?user_address=0x53a4879cbd1853ce18bf2a7de5f5617a6b5e3fc1
0x1666fbe290003dc285f46ccdc3267e95189cf22a,0.4444444444444444,3.7529379896202806,37.15408609724078,79821879,1398.2841324775025,27,https://hashdive.com/Analyze_User?user_address=0x1666fbe290003dc285f46ccdc3267e95189cf22a
0x5230e999b3cad57572c7e7541cf9b2edd0a4f019,0.2222222222222222,4.041488531412989,37.12808663216213,79821879,0.19290810319399998,18,https://hashdive.com/Analyze_User?user_address=0x5230e999b3cad57572c7e7541cf9b2edd0a4f019
0xebcd9480e7ad3e79ff7c1569889fb99a81028e34,0.47560975609756095,3.7500767242738537,37.125759570311146,79825478,2749.2038483063443,82,https://hashdive.com/Analyze_User?user_address=0xebcd9480e7ad3e79ff7c1569889fb99a81028e34
0x9f26b9abf88c2b1db8ea70d0dbb3f4a23f9dada5,0.0625,3.7497177513365743,37.12220573823208,79825478,228.363236136769,16,https://hashdive.com/Analyze_User?user_address=0x9f26b9abf88c2b1db8ea70d0dbb3f4a23f9dada5
0x90f44ee854c6f89fa7d21e58c22c84c6b116a744,0.5714285714285714,3.8378504794270123,37.12214492732988,79821879,762.9648649108518,21,https://hashdive.com/Analyze_User?user_address=0x90f44ee854c6f89fa7d21e58c22c84c6b116a744
0x1e34c97c3b8688dd032df753ccc52ff961887c89,0.09375,4.812591239444548,37.1194765331706,79829078,105.87821799999999,96,https://hashdive.com/Analyze_User?user_address=0x1e34c97c3b8688dd032df753ccc52ff961887c89
0xf6970b888fa9614ae9cb04b5cbc830f2805cc8d2,0.7109375,8.73084808918515,37.11673643833544,79821879,182.865187648348,128,https://hashdive.com/Analyze_User?user_address=0xf6970b888fa9614ae9cb04b5cbc830f2805cc8d2
0x7606fadbfbf506b8612743ffffe87a3b163f99e6,0.34285714285714286,3.746780242484894,37.09312440060045,79821879,1627.747957427523,35,https://hashdive.com/Analyze_User?user_address=0x7606fadbfbf506b8612743ffffe87a3b163f99e6
0x5b87f9c943abc386ab84d3370be3366b8326e781,0.5405405405405406,4.691183859297391,37.05522035865426,79821879,171.555852318822,74,https://hashdive.com/Analyze_User?user_address=0x5b87f9c943abc386ab84d3370be3366b8326e781
0xc42a9cd1e4f3b33986ec6f83be9ba56f60dbc80e,0.32558139534883723,5.382811796279968,37.04045501073078,79821879,58.999679493362,43,https://hashdive.com/Analyze_User?user_address=0xc42a9cd1e4f3b33986ec6f83be9ba56f60dbc80e
0x43c6b8e16f3e68f0b39975d2a359427b7745a449,0.3333333333333333,4.311617627139418,36.99882184931233,79821879,49.51332491386599,39,https://hashdive.com/Analyze_User?user_address=0x43c6b8e16f3e68f0b39975d2a359427b7745a449
0xd55c200fa110dfca05b7a3a02e87849320f4311b,0.3888888888888889,3.729071026043914,36.91780315783475,79821879,4592.108128962364,54,https://hashdive.com/Analyze_User?user_address=0xd55c200fa110dfca05b7a3a02e87849320f4311b
0x5b27d8a11eb78267365974e53f5bc7a47ce9050e,0.013793103448275862,10.0,36.91396946104491,79821879,67.403585,145,https://hashdive.com/Analyze_User?user_address=0x5b27d8a11eb78267365974e53f5bc7a47ce9050e
0x86f90776746be277a3d6c996d9e172a9ddcf505a,0.07446808510638298,9.62263383368987,36.885611521112764,79821879,34.96804816592,94,https://hashdive.com/Analyze_User?user_address=0x86f90776746be277a3d6c996d9e172a9ddcf505a
0x8196730a67b3461c19a4af66901dd97ab05f0954,0.24634146341463414,8.77628709639395,36.874286418748454,79821879,2720.9567280307697,820,https://hashdive.com/Analyze_User?user_address=0x8196730a67b3461c19a4af66901dd97ab05f0954
0xc2ac1b185a5e635aaf58a8264382ada7b64a1a8c,0.0625,3.722044772598518,36.848243248725325,79829078,302.99157256524904,16,https://hashdive.com/Analyze_User?user_address=0xc2ac1b185a5e635aaf58a8264382ada7b64a1a8c
0xe68d7930946a66bd822d1fbce111d43417d2ffa0,0.2,3.7211703087381904,36.83958605650809,79821879,61.98285797055305,35,https://hashdive.com/Analyze_User?user_address=0xe68d7930946a66bd822d1fbce111d43417d2ffa0
0x9fcfb1bc77ab474b9ad257f89e41a698dac13965,0.8333333333333334,3.7210672552884945,36.83856582735609,79821879,39.382300902358,24,https://hashdive.com/Analyze_User?user_address=0x9fcfb1bc77ab474b9ad257f89e41a698dac13965
0x9a0812764e64a80dc7c79148c987bc9dc7d880f1,0.25806451612903225,3.716438665989469,36.792742793295744,79821879,163.113282158515,31,https://hashdive.com/Analyze_User?user_address=0x9a0812764e64a80dc7c79148c987bc9dc7d880f1
0x807e7bb71f8486e12ac5b088e8ef8faab03450d6,0.2315270935960591,9.461792873034632,36.79056475728765,79825478,1179.5073631141954,812,https://hashdive.com/Analyze_User?user_address=0x807e7bb71f8486e12ac5b088e8ef8faab03450d6
0x8889df5ef56fad8c65e53f2a80d751ed8571509e,0.8928571428571429,4.635914027683952,36.78532194676362,79821879,27.771364654842003,28,https://hashdive.com/Analyze_User?user_address=0x8889df5ef56fad8c65e53f2a80d751ed8571509e
0x4068d7bb5c1fdd2065ff682332b74e0ff8e39a51,0.7037037037037037,3.7142755588174907,36.771328032293155,79821879,245.636450486963,54,https://hashdive.com/Analyze_User?user_address=0x4068d7bb5c1fdd2065ff682332b74e0ff8e39a51
0xf78ddc84336e49b7ce5e54fc70045c34679244bf,0.058823529411764705,3.7118522081270697,36.74733686045799,79825478,198.801562459239,17,https://hashdive.com/Analyze_User?user_address=0xf78ddc84336e49b7ce5e54fc70045c34679244bf
0x13bc6a708b4918608321c644d25d4eea9c26320d,0.21428571428571427,3.9761366850193833,36.73942739947313,79821879,74.84243658521099,28,https://hashdive.com/Analyze_User?user_address=0x13bc6a708b4918608321c644d25d4eea9c26320d
0x4018f2f161d54790cdb00e4257494d68d37dd14a,0.0049169514900761525,10.0,36.733606075179004,79830877,538.6363142760191,16677,https://hashdive.com/Analyze_User?user_address=0x4018f2f161d54790cdb00e4257494d68d37dd14a
0xda3320907effc6c2e5fd69bf62ccafdaaaaf9ebd,0.5666666666666667,5.115163661792271,36.696068326425376,79821879,32.340198922336995,30,https://hashdive.com/Analyze_User?user_address=0xda3320907effc6c2e5fd69bf62ccafdaaaaf9ebd
0xc8f069875b2b306e25714cb5b4769be7207926db,0.10526315789473684,3.706283005776798,36.692201757190304,79825478,466.9285830344359,19,https://hashdive.com/Analyze_User?user_address=0xc8f069875b2b306e25714cb5b4769be7207926db
0x9fe0b73852737f0745c2ca2d5e8c12a027b0e530,0.05555555555555555,3.7032658487442722,36.6623319025683,79821879,27.766815139996993,18,https://hashdive.com/Analyze_User?user_address=0x9fe0b73852737f0745c2ca2d5e8c12a027b0e530
0x87d76c7de54354ced31b6283e2057c195f0607d5,0.27586206896551724,5.000038721613241,36.64144245820408,79821879,0.25647610314799996,29,https://hashdive.com/Analyze_User?user_address=0x87d76c7de54354ced31b6283e2057c195f0607d5
0x3a8ff9e06470273e1422aeef03c0aa2ab9c7b022,0.0625,3.700618029326314,36.6361184903305,79825478,217.5732730638741,16,https://hashdive.com/Analyze_User?user_address=0x3a8ff9e06470273e1422aeef03c0aa2ab9c7b022
0x9f829704ad61388ac4d0fc92fd47e9ad9f1d949f,0.2692307692307692,3.6988260264867923,36.618377662219245,79821879,198.592792572367,26,https://hashdive.com/Analyze_User?user_address=0x9f829704ad61388ac4d0fc92fd47e9ad9f1d949f
0xcafc13cce0d8f259cf2f16b62e3da43e84b4b5a8,0.5991902834008097,10.0,36.60793670390265,79821879,365.7684077798302,247,https://hashdive.com/Analyze_User?user_address=0xcafc13cce0d8f259cf2f16b62e3da43e84b4b5a8
0xf5d610530763be1174e493373c43c2dec053705e,0.5714285714285714,3.691279758222882,36.54366960640653,79821879,8578.279007702671,42,https://hashdive.com/Analyze_User?user_address=0xf5d610530763be1174e493373c43c2dec053705e
0x375beb5748672220442079a447ffbeb38b4e0d05,0.2727272727272727,6.862901107507237,36.53554853950098,79821879,163.92940219277796,77,https://hashdive.com/Analyze_User?user_address=0x375beb5748672220442079a447ffbeb38b4e0d05
0x8d6490a2add34ef832247d92297869f1c12ebe16,0.6129032258064516,4.885763691053569,36.51850852973126,79821879,212.16937886470993,31,https://hashdive.com/Analyze_User?user_address=0x8d6490a2add34ef832247d92297869f1c12ebe16
0xfb81f27f1c8758d477332f8e751322c424da1cf3,0.3597014925373134,7.027184756845006,36.51389045586261,79829078,70730.85445623158,1340,https://hashdive.com/Analyze_User?user_address=0xfb81f27f1c8758d477332f8e751322c424da1cf3
0xb29222ca09a6dcaf19ab99f261875b662db89e88,0.08695652173913043,4.438811649394332,36.478126947498296,79821879,0.221868276405,23,https://hashdive.com/Analyze_User?user_address=0xb29222ca09a6dcaf19ab99f261875b662db89e88
0xa33aa1647b7aa9d1237a20ee82eef5501056223f,0.4426229508196721,5.848521918531333,36.467493201810406,79821879,505.1791105192999,61,https://hashdive.com/Analyze_User?user_address=0xa33aa1647b7aa9d1237a20ee82eef5501056223f
0x27ffa911714fd73bba2631bb44af5ab807ec46e3,0.6515151515151515,4.793025387894639,36.45018152147006,79821879,137.426523290696,66,https://hashdive.com/Analyze_User?user_address=0x27ffa911714fd73bba2631bb44af5ab807ec46e3
0x7268efab0cb41ddf1f75d91cb0f990cc1d44194d,0.22580645161290322,5.291835887211748,36.44796313305791,79821879,0.23416117998999997,31,https://hashdive.com/Analyze_User?user_address=0x7268efab0cb41ddf1f75d91cb0f990cc1d44194d
0xdb38c6a0547bd7dbe84c187ad87d7a41a258e266,0.7796610169491526,6.279857644382153,36.401881675359235,79821879,153.693552842448,59,https://hashdive.com/Analyze_User?user_address=0xdb38c6a0547bd7dbe84c187ad87d7a41a258e266
0x8b44f1fd7db0b2d3b73d4f92092c40c2b7ab4a6a,0.5333333333333333,3.6742354405955653,36.3749308618961,79821879,18.99995635149,15,https://hashdive.com/Analyze_User?user_address=0x8b44f1fd7db0b2d3b73d4f92092c40c2b7ab4a6a
0xda1b2ea4d41dff0c032d47f9d653e990421f0088,0.28205128205128205,6.062143256051452,36.31167980768433,79821879,0.25153056718699984,39,https://hashdive.com/Analyze_User?user_address=0xda1b2ea4d41dff0c032d47f9d653e990421f0088
0x3f42fafd984c9aaf2e08fcc737f83f5577f2233b,0.2,4.637574399337214,36.30172180197885,79821879,511.12534004683107,25,https://hashdive.com/Analyze_User?user_address=0x3f42fafd984c9aaf2e08fcc737f83f5577f2233b
0x3888c12eecc2bdac0860c730eb1725443c6b896d,0.06521739130434782,6.156025082752421,36.28706008007099,79821879,54.04650799986901,46,https://hashdive.com/Analyze_User?user_address=0x3888c12eecc2bdac0860c730eb1725443c6b896d
0x275575bb11522eb29f82fe0a601d7c4dc94b5016,0.41509433962264153,3.9185728409784155,36.28570033875718,79821879,900693.8458228122,106,https://hashdive.com/Analyze_User?user_address=0x275575bb11522eb29f82fe0a601d7c4dc94b5016
0x674a86191b42ed462461bcc4d9463f8c2449828e,0.0625,3.6553986442757402,36.18844657832983,79825478,219.86913545389703,16,https://hashdive.com/Analyze_User?user_address=0x674a86191b42ed462461bcc4d9463f8c2449828e
0xf0c5ea3ec698ff1c65543bd6f3119bb9f8bd8e24,0.19047619047619047,3.6546143884360918,36.180682445517306,79821879,1691.4087546157791,21,https://hashdive.com/Analyze_User?user_address=0xf0c5ea3ec698ff1c65543bd6f3119bb9f8bd8e24
0x3573e1ac09075b15bece1fb76afb639668d7a408,0.045454545454545456,3.6545620002279384,36.18016380225659,79821879,188.754777947979,22,https://hashdive.com/Analyze_User?user_address=0x3573e1ac09075b15bece1fb76afb639668d7a408
0x96d62f6d4ffb02d7f7f4a35d815b0aa9883837bb,0.4230769230769231,6.127681322405091,36.164310845714446,79821879,236.21130614222793,52,https://hashdive.com/Analyze_User?user_address=0x96d62f6d4ffb02d7f7f4a35d815b0aa9883837bb
0xb70d0a0eabd2b32a81365f4b6d642ae1a0d976ab,0.3181818181818182,3.9391320353034036,36.164196764906876,79821879,78.172273039515,22,https://hashdive.com/Analyze_User?user_address=0xb70d0a0eabd2b32a81365f4b6d642ae1a0d976ab
0xbc983f935c895a9d2a6265e36ff5f38761f14b99,0.058823529411764705,3.650932838289428,36.14423509906534,79827278,224.037550416559,17,https://hashdive.com/Analyze_User?user_address=0xbc983f935c895a9d2a6265e36ff5f38761f14b99
0xf01d9ad4dd7151994fb8d1e25be0ae6f2121ab99,0.2857142857142857,3.6498178079901358,36.133196299102345,79821879,135.30074700900005,14,https://hashdive.com/Analyze_User?user_address=0xf01d9ad4dd7151994fb8d1e25be0ae6f2121ab99
0xa83424f031bcd0bbd1faa0ac8efa9b27e34f7848,0.5555555555555556,3.6494743812735186,36.129796374607835,79821879,95.240614457068,18,https://hashdive.com/Analyze_User?user_address=0xa83424f031bcd0bbd1faa0ac8efa9b27e34f7848
0xfee927eea16389cc9c162da2379b694b85f5fce3,0.10526315789473684,3.6494401414062416,36.12945739992179,79821879,59.990650043541024,19,https://hashdive.com/Analyze_User?user_address=0xfee927eea16389cc9c162da2379b694b85f5fce3
0x8198f5bdb58c8d1877490ea50eeb5b769f8c8755,0.0625,3.6462136743123836,36.0975153756926,79830877,233.41473210274398,16,https://hashdive.com/Analyze_User?user_address=0x8198f5bdb58c8d1877490ea50eeb5b769f8c8755
0xb16d14bfdd534dc5881bca6f5867618f87191941,0.5357142857142857,4.430556402769582,36.09572161008685,79821879,136.09511030227802,28,https://hashdive.com/Analyze_User?user_address=0xb16d14bfdd534dc5881bca6f5867618f87191941
0x56d55bd3a96be201c65c260d66205dd4358310a6,0.4385026737967914,3.643275746371606,36.0684298890789,79825478,27913.958203368904,187,https://hashdive.com/Analyze_User?user_address=0x56d55bd3a96be201c65c260d66205dd4358310a6
0x395f4afad75c6ed637e51f60caeb87300e870f74,0.19858156028368795,10.0,36.01665187599568,79821879,918.8996805482853,141,https://hashdive.com/Analyze_User?user_address=0x395f4afad75c6ed637e51f60caeb87300e870f74
0xcde75ddab18db99e946e9327bca714b696431803,0.2682926829268293,4.326030450202214,36.00904969449056,79821879,269.702899762791,41,https://hashdive.com/Analyze_User?user_address=0xcde75ddab18db99e946e9327bca714b696431803
0xe5b19cad8c1ee80533a01d59dc6c95f8e3480346,0.23529411764705882,3.636877678959405,36.00508902169811,79821879,110.00712573889,17,https://hashdive.com/Analyze_User?user_address=0xe5b19cad8c1ee80533a01d59dc6c95f8e3480346
0xa0e9d97eed082bdedd8a27d51a96665d84a971bf,0.42857142857142855,3.910013849969724,35.96485933531363,79821879,481.3432315108689,21,https://hashdive.com/Analyze_User?user_address=0xa0e9d97eed082bdedd8a27d51a96665d84a971bf
0x448075d22a317146cbbfc10d881ab79eafd3de28,0.21428571428571427,3.6292322104105756,35.9293988830647,79821879,153.140455,14,https://hashdive.com/Analyze_User?user_address=0x448075d22a317146cbbfc10d881ab79eafd3de28
0xf2d0ec15a9fd357042ce7ccfa0282ca72d40a256,0.5625,3.622221026210757,35.85998815948649,79821879,34.457982,16,https://hashdive.com/Analyze_User?user_address=0xf2d0ec15a9fd357042ce7ccfa0282ca72d40a256
0xf57d5c8d0d44941418280713b4b4678f3270b96d,0.17647058823529413,3.6209232633544572,35.84714030720912,79821879,1171.3972125775483,17,https://hashdive.com/Analyze_User?user_address=0xf57d5c8d0d44941418280713b4b4678f3270b96d
0x79ef3f895b0075e3fd30e4b6eafbace11852b1f4,0.45,3.618463937893024,35.822792985140936,79821879,36.52476130000001,20,https://hashdive.com/Analyze_User?user_address=0x79ef3f895b0075e3fd30e4b6eafbace11852b1f4
0x641aa17279990e8ab77a5659b89aad1fb1fa275a,0.05263157894736842,3.617663676040225,35.81487039279823,79821879,157.83081449478095,19,https://hashdive.com/Analyze_User?user_address=0x641aa17279990e8ab77a5659b89aad1fb1fa275a
0xbe73ebae55b76165377a7f1434d19482bff56186,0.0625,3.6155595000600047,35.794039050594044,79829078,217.24588557787501,16,https://hashdive.com/Analyze_User?user_address=0xbe73ebae55b76165377a7f1434d19482bff56186
0x689a4604bf4743479ee142cc097c079f23926c6a,0.06666666666666667,3.613697925540043,35.775609462846425,79829078,226.61317301489797,15,https://hashdive.com/Analyze_User?user_address=0x689a4604bf4743479ee142cc097c079f23926c6a
0x3d2ca8372bd727ee39d6b04a7853abf210f28890,0.45714285714285713,3.6135892815100696,35.77453388694969,79821879,748.1624854559569,35,https://hashdive.com/Analyze_User?user_address=0x3d2ca8372bd727ee39d6b04a7853abf210f28890
0x8c211db67d146cddfca94ccf2cd614483d3eadaf,0.16666666666666666,3.8519600248099524,35.7480702420849,79821879,1036.1211130317931,24,https://hashdive.com/Analyze_User?user_address=0x8c211db67d146cddfca94ccf2cd614483d3eadaf
0xaeb07df886f9a99742be49a88f8670dadb177473,0.5384615384615384,3.605551275453278,35.69495762698745,79821879,17.659091572375,13,https://hashdive.com/Analyze_User?user_address=0xaeb07df886f9a99742be49a88f8670dadb177473
0xf1f530d2266bbc3b8a873da8f03d027502da119b,0.15,4.130944183988586,35.68733468583293,79821879,0.19868122307199992,20,https://hashdive.com/Analyze_User?user_address=0xf1f530d2266bbc3b8a873da8f03d027502da119b
0x507e598d2537676d385fd15e63d8c871fa219b79,0.4,3.746198283631908,35.68295297243712,79821879,1990.0697255485145,30,https://hashdive.com/Analyze_User?user_address=0x507e598d2537676d385fd15e63d8c871fa219b79
0x10e486c232338451f694638bda12ce4e8bde6a75,0.6949152542372882,7.2809506489077895,35.680465728022895,79821879,2541.215171934311,59,https://hashdive.com/Analyze_User?user_address=0x10e486c232338451f694638bda12ce4e8bde6a75
0xe7aed63900e0fa232f5d56de8a09cc85a65078b3,0.35,3.6025232163610807,35.6649798419747,79821879,500.146705168432,20,https://hashdive.com/Analyze_User?user_address=0xe7aed63900e0fa232f5d56de8a09cc85a65078b3
0x82c633ecc222696446a126bc579ffa998c2ef1f9,0.37037037037037035,5.696073366732902,35.56561582636269,79821879,1890.7776888183776,54,https://hashdive.com/Analyze_User?user_address=0x82c633ecc222696446a126bc579ffa998c2ef1f9
0x5a78caf4b46fddab536251ba0d68029ff3d9866d,0.475,3.9058380226908107,35.55547990273848,79821879,2952.5680038085366,40,https://hashdive.com/Analyze_User?user_address=0x5a78caf4b46fddab536251ba0d68029ff3d9866d
0xdce05e525e2cbe2886a23dbb90299bd8e7db5ba0,0.23214285714285715,3.898442728808467,35.52843051025499,79821879,2994.69798216142,56,https://hashdive.com/Analyze_User?user_address=0xdce05e525e2cbe2886a23dbb90299bd8e7db5ba0
0x3afb12adc8460c2efe11d812d1fb1c7365ece411,0.47368421052631576,3.5874305324552758,35.51556227130723,79830877,134.04983593458505,19,https://hashdive.com/Analyze_User?user_address=0x3afb12adc8460c2efe11d812d1fb1c7365ece411
0x8d5c7253de0b6cd0790d80adf679532d6cc77d29,0.37333333333333335,7.368203230734537,35.46159090275309,79821879,38541.614468436455,150,https://hashdive.com/Analyze_User?user_address=0x8d5c7253de0b6cd0790d80adf679532d6cc77d29
0x5e5ca2ad336093cf3fdca1fa50b9e60b050b8048,0.06666666666666667,3.57855940722355,35.427738131513145,79821879,231.92115412682,15,https://hashdive.com/Analyze_User?user_address=0x5e5ca2ad336093cf3fdca1fa50b9e60b050b8048
0xdbd05d3401da35da06f3dabe4288f1e07377edc4,0.35802469135802467,4.1697911273545545,35.39416432708512,79827278,14730.756537875213,81,https://hashdive.com/Analyze_User?user_address=0xdbd05d3401da35da06f3dabe4288f1e07377edc4
0x30d475083401fc8f6f1b3858d89461e38f489b2d,0.043478260869565216,3.5672029062340016,35.315308771716616,79825478,187.50050270062297,23,https://hashdive.com/Analyze_User?user_address=0x30d475083401fc8f6f1b3858d89461e38f489b2d
0x4e535ee53f57a5429689620a0552c93ae4edacee,0.0625,3.5650776457586266,35.2942686930104,79825478,232.716776126252,16,https://hashdive.com/Analyze_User?user_address=0x4e535ee53f57a5429689620a0552c93ae4edacee
0x8a102daa64f0c7fb662aa5ee64c3fa829cf46218,0.25,4.111161604500201,35.17958047471032,79821879,51.49185752047399,24,https://hashdive.com/Analyze_User?user_address=0x8a102daa64f0c7fb662aa5ee64c3fa829cf46218
0xbceac69ee683514b2cf5ba61b021644c263608ce,0.7321428571428571,7.296350866131259,35.16799915810511,79821879,2603.247319,56,https://hashdive.com/Analyze_User?user_address=0xbceac69ee683514b2cf5ba61b021644c263608ce
0x1582ecf1da59ae85a76a037dccbec661abf9cf88,0.2,5.569529425583257,35.151166745161945,79821879,94.49302827359001,40,https://hashdive.com/Analyze_User?user_address=0x1582ecf1da59ae85a76a037dccbec661abf9cf88
0x161f2db0e40c59b2f29e898efb63cc415228b075,0.0026275588145432327,10.0,35.14951131964652,79830877,297.0224698050084,16365,https://hashdive.com/Analyze_User?user_address=0x161f2db0e40c59b2f29e898efb63cc415228b075
0xff0e0c47f30de0b25f572cb8472f2046f0142991,0.3333333333333333,3.6169291314838405,35.14684166489791,79821879,9057.37173836595,24,https://hashdive.com/Analyze_User?user_address=0xff0e0c47f30de0b25f572cb8472f2046f0142991
0xb36fc04f945aaef75e6d3145fe3abc6659cf56d0,0.2,3.550144590076445,35.1464314417568,79821879,27.511522733811002,15,https://hashdive.com/Analyze_User?user_address=0xb36fc04f945aaef75e6d3145fe3abc6659cf56d0
0xf961df9f4205a5a5b24a506959afa75469a31330,0.06666666666666667,3.549084187274207,35.13593345401465,79829078,211.29099786396898,15,https://hashdive.com/Analyze_User?user_address=0xf961df9f4205a5a5b24a506959afa75469a31330
0xdcde1d830f854c67ec4b40c81086cad1684383c7,0.2857142857142857,3.547716320086212,35.122391568853494,79821879,164.7093446558,14,https://hashdive.com/Analyze_User?user_address=0xdcde1d830f854c67ec4b40c81086cad1684383c7
0xb26067e8cc9608a725d133920f894d17e33ac107,0.058823529411764705,3.5470050342866015,35.11534983943736,79821879,219.13652236325396,17,https://hashdive.com/Analyze_User?user_address=0xb26067e8cc9608a725d133920f894d17e33ac107
0x3d658ba5c30d9761cd0573875d1a13200257e824,0.06666666666666667,3.545611887459024,35.10155768584434,79825478,221.796021014103,15,https://hashdive.com/Analyze_User?user_address=0x3d658ba5c30d9761cd0573875d1a13200257e824
0x89c73a6b97b2e58972fb83b7d661121814ba3ff0,0.375,3.8680325222860494,35.091421902859096,79821879,38490.04564660387,120,https://hashdive.com/Analyze_User?user_address=0x89c73a6b97b2e58972fb83b7d661121814ba3ff0
0x69888f5ab5790468f604e001898de129056ee7f7,0.4117647058823529,4.156540993548874,35.084338640602866,79821879,129.47919723441797,68,https://hashdive.com/Analyze_User?user_address=0x69888f5ab5790468f604e001898de129056ee7f7
0xa61aeddf6bdaee7de923498219149f588096efbc,0.4418604651162791,3.5420044709478335,35.06584426238355,79821879,662.7320400556498,43,https://hashdive.com/Analyze_User?user_address=0xa61aeddf6bdaee7de923498219149f588096efbc
0xc5d4115f4d68c1e715453634bb6fa056052fb217,0.25,4.701368967217173,35.009448775799804,79821879,123.05423681388503,28,https://hashdive.com/Analyze_User?user_address=0xc5d4115f4d68c1e715453634bb6fa056052fb217
0x8c4f1ac8d24e1244cfeef6911b8444cac4292449,0.06666666666666667,3.5290100521193137,34.937199515981206,79821879,228.43521342091395,15,https://hashdive.com/Analyze_User?user_address=0x8c4f1ac8d24e1244cfeef6911b8444cac4292449
0x40f6de7d44133c9281aa603fa8d2d1ceaa09e689,0.06451612903225806,5.4879437586438415,34.900276312436816,79821879,0.20349531029099988,31,https://hashdive.com/Analyze_User?user_address=0x40f6de7d44133c9281aa603fa8d2d1ceaa09e689
0x0ea3c67fd1a04a47067c154fb3e2b878f70fa5cc,0.2857142857142857,5.208530863092563,34.8812903509105,79821879,0.19419843123299996,28,https://hashdive.com/Analyze_User?user_address=0x0ea3c67fd1a04a47067c154fb3e2b878f70fa5cc
0x8ae3b9a750c98e0a44535300c53529b3b611126d,0.7936507936507936,6.613228072793683,34.87309848734461,79821879,130.88931242459995,63,https://hashdive.com/Analyze_User?user_address=0x8ae3b9a750c98e0a44535300c53529b3b611126d
0x55e2f02c17efe9ae8e4ab25b754a127bb43bb105,0.0625,3.520795035150471,34.855870847989664,79821879,176.42068753981093,16,https://hashdive.com/Analyze_User?user_address=0x55e2f02c17efe9ae8e4ab25b754a127bb43bb105
0xce85f7ffe424fabd3627e7eff353095e23b5718b,0.16666666666666666,3.519546461177031,34.84350996565261,79821879,206.87260342771106,24,https://hashdive.com/Analyze_User?user_address=0xce85f7ffe424fabd3627e7eff353095e23b5718b
0x740b5089736d3566352bace9b287c2311ba43175,0.5,6.67904730997603,34.81913549798699,79821879,346.773256728409,54,https://hashdive.com/Analyze_User?user_address=0x740b5089736d3566352bace9b287c2311ba43175
0x64e05234f350b27e9592b36fbf8565438f6c9b2c,0.07142857142857142,3.6380649016298765,34.8138497312311,79821879,14.353481666069998,14,https://hashdive.com/Analyze_User?user_address=0x64e05234f350b27e9592b36fbf8565438f6c9b2c
0x739d1e72481dafd777bf4e57f7b89a6a73abd2ff,0.48484848484848486,4.101853371761119,34.801097915218314,79821879,422.51426583847507,33,https://hashdive.com/Analyze_User?user_address=0x739d1e72481dafd777bf4e57f7b89a6a73abd2ff
0xf27ea99f6151345a95dcba5a2c2a28d57c73953b,0.47058823529411764,3.514896239175006,34.79747276783256,79821879,276.23363054351506,17,https://hashdive.com/Analyze_User?user_address=0xf27ea99f6151345a95dcba5a2c2a28d57c73953b
0x2913aeec69f033f585b78d85b021a771f8885a40,0.3076923076923077,3.605551275298794,34.79089063795131,79821879,250.87883153618503,13,https://hashdive.com/Analyze_User?user_address=0x2913aeec69f033f585b78d85b021a771f8885a40
0xa2e91c8b77a9e58617faba2ba5f9b0d26210f01d,0.875,3.513408989843151,34.78274899944719,79821879,918.3363674332647,16,https://hashdive.com/Analyze_User?user_address=0xa2e91c8b77a9e58617faba2ba5f9b0d26210f01d
0xf6c7f326ac93de7d01e740ede2e046dee98d8cca,0.058823529411764705,3.511431144433228,34.763168329888956,79825478,130.66446390279592,17,https://hashdive.com/Analyze_User?user_address=0xf6c7f326ac93de7d01e740ede2e046dee98d8cca
0xfb19ccd344bafcffcf35bfd4922503675770cd27,0.3684210526315789,3.510186282866002,34.75084420037342,79823676,1694.502139263507,19,https://hashdive.com/Analyze_User?user_address=0xfb19ccd344bafcffcf35bfd4922503675770cd27
0xb94094c269c5668ff2debde924d7755585a63e18,0.5172413793103449,3.5077868167064223,34.72708948539358,79821879,73.747580866839,29,https://hashdive.com/Analyze_User?user_address=0xb94094c269c5668ff2debde924d7755585a63e18
0x1838cca016850ac7185a9b149fe7d0bd2d6629b4,0.625,4.285117125686043,34.69258455196258,79821879,3246.4878617540126,56,https://hashdive.com/Analyze_User?user_address=0x1838cca016850ac7185a9b149fe7d0bd2d6629b4
0x9999ea563424d0dc1784320dadbdb73d00a717bf,0.3888888888888889,5.656674901195419,34.69247589861104,79821879,0.24525114923399993,36,https://hashdive.com/Analyze_User?user_address=0x9999ea563424d0dc1784320dadbdb73d00a717bf
0xd9e25562e26eac0e02798f9f38ef6cbdd199018a,0.07142857142857142,3.5032993516968536,34.68266358179885,79829078,228.35104402473203,14,https://hashdive.com/Analyze_User?user_address=0xd9e25562e26eac0e02798f9f38ef6cbdd199018a
0x7c58eb76e1766c3c6f142ebc9047a593c4ed4e6b,0.20454545454545456,5.19844734659921,34.68206566934508,79821879,55.76097302031998,44,https://hashdive.com/Analyze_User?user_address=0x7c58eb76e1766c3c6f142ebc9047a593c4ed4e6b
0x192715e81ee9e63c01ef5011cb38b7c24cd2c014,0.42857142857142855,3.502719416031087,34.67692221870776,79821879,71.66983913778901,14,https://hashdive.com/Analyze_User?user_address=0x192715e81ee9e63c01ef5011cb38b7c24cd2c014
0x871afcd7439b1ac0036f478a18758478bb7e5ca7,0.35,3.501406227189477,34.66392164917582,79821879,34.007754377573,20,https://hashdive.com/Analyze_User?user_address=0x871afcd7439b1ac0036f478a18758478bb7e5ca7
0xefede4b68132230dc8399f63377d040d3e9a7bc3,0.05,3.5004726623347517,34.65467935711404,79829078,198.027254274007,20,https://hashdive.com/Analyze_User?user_address=0xefede4b68132230dc8399f63377d040d3e9a7bc3
0x6997e828a36fc408b3b872a519746122d758ceb6,0.4146341463414634,4.030063260870527,34.632486925942274,79821879,1349.990919381734,41,https://hashdive.com/Analyze_User?user_address=0x6997e828a36fc408b3b872a519746122d758ceb6
0xea2f794a7f0ce05e4bbd357b3ccbb3bd2048a8ef,0.4101433296582139,9.304454531496912,34.54859486626959,79821879,122971.8954156804,907,https://hashdive.com/Analyze_User?user_address=0xea2f794a7f0ce05e4bbd357b3ccbb3bd2048a8ef
0x63c048b7a58a1e2de23f9f775206736015076dc6,0.46808510638297873,6.243129169312678,34.51959176699497,79821879,30.167187318901995,47,https://hashdive.com/Analyze_User?user_address=0x63c048b7a58a1e2de23f9f775206736015076dc6
0x37efa86f1dceeb4602f602f860b1c34894ecd38c,0.2631578947368421,5.880288892064968,34.51404152707087,79821879,0.2581843331019999,38,https://hashdive.com/Analyze_User?user_address=0x37efa86f1dceeb4602f602f860b1c34894ecd38c
0xaece999e98497fd87b783d2e016a8b0b30f5aac3,0.42857142857142855,4.194692247502218,34.49170077731276,79821879,133.27302219042602,21,https://hashdive.com/Analyze_User?user_address=0xaece999e98497fd87b783d2e016a8b0b30f5aac3
0xf8699376f569485f373b959ac3b992120b2d3458,0.6153846153846154,4.77067746505768,34.48319305386994,79821879,546.6111810000001,39,https://hashdive.com/Analyze_User?user_address=0xf8699376f569485f373b959ac3b992120b2d3458
0x26d566d01bc600863346a92b0417e8bb7be0919a,0.2631578947368421,3.480946698055322,34.461372310747684,79821879,45.96624249461801,19,https://hashdive.com/Analyze_User?user_address=0x26d566d01bc600863346a92b0417e8bb7be0919a
0x641de459cdee22747846ddc9b62000c7ed580e96,0.7478991596638656,10.0,34.4459630170633,79830877,45.736151999999976,238,https://hashdive.com/Analyze_User?user_address=0x641de459cdee22747846ddc9b62000c7ed580e96
0x20ae11042baf1ebf090805a240fa6632bf72ba2a,0.125,5.5680597195595904,34.40976471367958,79821879,166.8096618867349,48,https://hashdive.com/Analyze_User?user_address=0x20ae11042baf1ebf090805a240fa6632bf72ba2a
0x5e787fd2169a20b6ed1d16f98435b561f6ff59c6,0.14285714285714285,3.4741850046333678,34.39443154587034,79829078,501.794253724806,14,https://hashdive.com/Analyze_User?user_address=0x5e787fd2169a20b6ed1d16f98435b561f6ff59c6
0xfc4391df4566007576aa0b317e7cb33ab50fcb8b,0.07692307692307693,3.4723932682649337,34.376693355822844,79829078,236.747030418082,13,https://hashdive.com/Analyze_User?user_address=0xfc4391df4566007576aa0b317e7cb33ab50fcb8b
0x377f214dcf389b73949a5291991fb463d1b1f41f,0.21052631578947367,4.35889893622343,34.339390953500846,79821879,0.149670169555,19,https://hashdive.com/Analyze_User?user_address=0x377f214dcf389b73949a5291991fb463d1b1f41f
0xf3ee783e736ec5910f4daca0d90e9f8b69e5ce95,0.13333333333333333,3.5650301322596833,34.33213511444422,79821879,17.035568676224003,15,https://hashdive.com/Analyze_User?user_address=0xf3ee783e736ec5910f4daca0d90e9f8b69e5ce95
0x82fedd639121fcaa0cbe8393ba432bcd6ea3b544,0.3076923076923077,3.5000046565348644,34.332005937839526,79821879,0.13731554019900002,13,https://hashdive.com/Analyze_User?user_address=0x82fedd639121fcaa0cbe8393ba432bcd6ea3b544
0x87966d50fcf7d30e00c3a3aa3f4431cd7d160c2f,0.43478260869565216,4.091929843592776,34.331042449236065,79821879,41.14663693007499,23,https://hashdive.com/Analyze_User?user_address=0x87966d50fcf7d30e00c3a3aa3f4431cd7d160c2f
0x3a62713c1a0c9e118c3461340ecd4caa79cc0613,0.25,3.4641016143329226,34.294605981895934,79821879,26.473201764576995,12,https://hashdive.com/Analyze_User?user_address=0x3a62713c1a0c9e118c3461340ecd4caa79cc0613
0x1fcdccb6824d30f50489ced41b8565a408df4fd8,0.3333333333333333,3.464101613699941,34.294605975629416,79821879,0.14097537966399998,12,https://hashdive.com/Analyze_User?user_address=0x1fcdccb6824d30f50489ced41b8565a408df4fd8
0x68e87ebe0aa411beaab627d1259ce77ffcc2412e,0.5,3.4641016117067878,34.2946059558972,79821879,0.16118324550899998,12,https://hashdive.com/Analyze_User?user_address=0x68e87ebe0aa411beaab627d1259ce77ffcc2412e
0xb509127eb2b8a0d5230a7a11fc6e176a20e9b00a,0.3333333333333333,3.4641016115396788,34.29460595424282,79821879,0.188669430633,12,https://hashdive.com/Analyze_User?user_address=0xb509127eb2b8a0d5230a7a11fc6e176a20e9b00a
0xb0d556d93de92fd47a491f96ef86b36ad9365098,0.4166666666666667,3.4641016096784374,34.29460593581653,79821879,0.12311428714500001,12,https://hashdive.com/Analyze_User?user_address=0xb0d556d93de92fd47a491f96ef86b36ad9365098
0xabffa97fa107d46e9757ac69f66bddfe313ff878,0.3939393939393939,3.8950947664236115,34.27413223657789,79821879,965.282168031076,33,https://hashdive.com/Analyze_User?user_address=0xabffa97fa107d46e9757ac69f66bddfe313ff878
0x54542983a673ad4ac308f0b940f58a4f3416c952,0.5714285714285714,4.752464502746134,34.263346194092556,79821879,133.01675117005402,28,https://hashdive.com/Analyze_User?user_address=0x54542983a673ad4ac308f0b940f58a4f3416c952
0x622f984801c9301766aa7a6b8b209db13814e730,0.48333333333333334,8.294731555823404,34.22489428335948,79821879,10951.977717770067,300,https://hashdive.com/Analyze_User?user_address=0x622f984801c9301766aa7a6b8b209db13814e730
0x265392ce79155ed752441b980494cd197728d0f4,0.08695652173913043,3.452730109887484,34.18202808788609,79821879,903.284856845933,23,https://hashdive.com/Analyze_User?user_address=0x265392ce79155ed752441b980494cd197728d0f4
0x413d44a783f8c5788b3b87093bae035af898f4db,0.3611111111111111,4.967841709296092,34.16844222693518,79821879,94.54333253442302,36,https://hashdive.com/Analyze_User?user_address=0x413d44a783f8c5788b3b87093bae035af898f4db
0x66b15b16f4557492a0d7837a81438a053bded28c,0.45454545454545453,6.064638284675217,34.16587509532461,79823676,37.514145372958,55,https://hashdive.com/Analyze_User?user_address=0x66b15b16f4557492a0d7837a81438a053bded28c
0xa14545de81311d8a5162ef992898938b411349e6,0.5064935064935064,4.84564340155533,34.126675218965985,79821879,3142.0783650873823,77,https://hashdive.com/Analyze_User?user_address=0xa14545de81311d8a5162ef992898938b411349e6
0xd213c024efbce8b6774ab679cb0e5ab681868bf1,0.5,3.444432212991531,34.099878908616155,79821879,0.12333918712100002,12,https://hashdive.com/Analyze_User?user_address=0xd213c024efbce8b6774ab679cb0e5ab681868bf1
0xcbe84db57eaf9ee3dfe828559c3849b8afefa4f5,0.22727272727272727,4.599963647177819,34.03812174591454,79821879,0.17017516282199996,22,https://hashdive.com/Analyze_User?user_address=0xcbe84db57eaf9ee3dfe828559c3849b8afefa4f5
0x7c707545c32bd2f381b8c153814af8012f925290,0.6842105263157895,4.947292803366808,34.02660905432423,79821879,40.051482624501006,38,https://hashdive.com/Analyze_User?user_address=0x7c707545c32bd2f381b8c153814af8012f925290
0x9b8fc959ff729f0013469a337fbf538a1982f984,0.07142857142857142,3.4364202980090126,34.02056095028922,79821879,214.77033478750002,14,https://hashdive.com/Analyze_User?user_address=0x9b8fc959ff729f0013469a337fbf538a1982f984
0xa569bf36561e4123f0eb9132a63a1b343775f376,0.05555555555555555,3.4331614609807746,33.98829846370967,79821879,206.16673212309297,18,https://hashdive.com/Analyze_User?user_address=0xa569bf36561e4123f0eb9132a63a1b343775f376
0xf9f53e068b9fdaf5c18b0f649e96d9f4d0c548b4,0.07142857142857142,3.431233479542926,33.96921144747496,79829078,229.01560285174202,14,https://hashdive.com/Analyze_User?user_address=0xf9f53e068b9fdaf5c18b0f649e96d9f4d0c548b4
0x8aa1cb5aed29828e5dead6256cff6f6578f83605,0.07692307692307693,3.4215508795428176,33.873353707473896,79821879,136.66999,13,https://hashdive.com/Analyze_User?user_address=0x8aa1cb5aed29828e5dead6256cff6f6578f83605
0x73227f0d8eb690c46b3a4cc8516cb7f65d3b0903,0.07692307692307693,3.4180426214251893,33.83862195210937,79829078,225.89225246916,13,https://hashdive.com/Analyze_User?user_address=0x73227f0d8eb690c46b3a4cc8516cb7f65d3b0903
0xe9866d6531bb642e9599aad25d82f27fd977437c,0.05555555555555555,3.4171464449675057,33.82974980517831,79827278,215.75660663305302,18,https://hashdive.com/Analyze_User?user_address=0xe9866d6531bb642e9599aad25d82f27fd977437c
0xa2fa505babdb02adaba2c552a9fcfee879b77d98,0.3448275862068966,3.4091411160345726,33.75049704874227,79821879,178.000962129348,29,https://hashdive.com/Analyze_User?user_address=0xa2fa505babdb02adaba2c552a9fcfee879b77d98
0x39f8c20d153a2d40bc1b98a624a644a5ea967a10,0.5641025641025641,4.400380642876816,33.71865299162392,79821879,90.28567825638204,39,https://hashdive.com/Analyze_User?user_address=0x39f8c20d153a2d40bc1b98a624a644a5ea967a10
0x7844eb31efc310f0de522e35e31a2223e527e58b,0.23214285714285715,3.405780874925391,33.71723066176137,79821879,328.55232107922694,56,https://hashdive.com/Analyze_User?user_address=0x7844eb31efc310f0de522e35e31a2223e527e58b
0x5c6e35e08ad75a96bdfed39d708292d9b097c72d,0.56,4.02418286787968,33.71669994082642,79821879,33.147061988538994,25,https://hashdive.com/Analyze_User?user_address=0x5c6e35e08ad75a96bdfed39d708292d9b097c72d
0x36a128fe1bedae6ff8f7d9f0943210137a423f4d,0.17647058823529413,3.4050250177516506,33.70974767574134,79821879,48.71003465363398,17,https://hashdive.com/Analyze_User?user_address=0x36a128fe1bedae6ff8f7d9f0943210137a423f4d
0x318d017f543be172d0f9f076d278fb70e026d3fb,0.3409090909090909,6.2887945321399945,33.70051605217348,79821879,28.03183590545901,44,https://hashdive.com/Analyze_User?user_address=0x318d017f543be172d0f9f076d278fb70e026d3fb
0x0b0ca613060e1fb3feac0b79b8a6fadc5dd2f1b9,0.6285714285714286,4.786031967907602,33.68660287093015,79821879,3886.7435534380324,35,https://hashdive.com/Analyze_User?user_address=0x0b0ca613060e1fb3feac0b79b8a6fadc5dd2f1b9
0x81ff1bfcc51b03193a09d01523bd01b873085a8f,0.058823529411764705,3.4018530449815114,33.67834514531696,79821879,15.380124719585998,17,https://hashdive.com/Analyze_User?user_address=0x81ff1bfcc51b03193a09d01523bd01b873085a8f
0xcc26ffec10c31d0bc69bed8f377544027e6ad0c9,0.2857142857142857,3.4000050189248543,33.66004968735606,79821879,0.20528816001299996,14,https://hashdive.com/Analyze_User?user_address=0xcc26ffec10c31d0bc69bed8f377544027e6ad0c9
0xffcda24c26e3bc930af144a305bf7d52c788a9bc,0.7692307692307693,3.399994252513989,33.65994309988849,79821879,3.6587949999999996,13,https://hashdive.com/Analyze_User?user_address=0xffcda24c26e3bc930af144a305bf7d52c788a9bc
0xb3831b51a40df4c591197261fa48cc7f8f58f7b9,0.7169811320754716,7.085566699024431,33.64716033953633,79821879,2447.000001,53,https://hashdive.com/Analyze_User?user_address=0xb3831b51a40df4c591197261fa48cc7f8f58f7b9
0xff801ba6edd6a4a8aad113bf0eaf589f7a111bb6,0.29411764705882354,3.397256740892739,33.63284173483812,79821879,499.2475558406461,34,https://hashdive.com/Analyze_User?user_address=0xff801ba6edd6a4a8aad113bf0eaf589f7a111bb6
0xa2ef8a2e69f6403ef8d0abd3548f97d56bd92338,0.8,3.3946713045007026,33.607245914556955,79821879,22.091081552788,15,https://hashdive.com/Analyze_User?user_address=0xa2ef8a2e69f6403ef8d0abd3548f97d56bd92338
0x247f18411fa3f5ae8329e7d3771ea95b3bbfff45,0.14285714285714285,3.3941238423552735,33.6018260393172,79821879,4650.80588887994,28,https://hashdive.com/Analyze_User?user_address=0x247f18411fa3f5ae8329e7d3771ea95b3bbfff45
0xb28e2220d4b77c1ba1a673c14570044c29b34ff5,0.42424242424242425,3.5869417460749204,33.59196029000827,79821879,167.95379340419794,33,https://hashdive.com/Analyze_User?user_address=0xb28e2220d4b77c1ba1a673c14570044c29b34ff5
0x3b10f35ce8fe16228fbf6518f12ebcd15e868345,0.19786096256684493,9.087402277503866,33.58455414861444,79821879,443.0204920258697,187,https://hashdive.com/Analyze_User?user_address=0x3b10f35ce8fe16228fbf6518f12ebcd15e868345
0xea276e729b7697eba71ce942e7597d20ace0df08,0.4,3.3893663919583146,33.55472728038731,79821879,1518.1147897335484,30,https://hashdive.com/Analyze_User?user_address=0xea276e729b7697eba71ce942e7597d20ace0df08
0x361c3ae8da1197e5f3d3a0375c59ea0d87912e98,0.6153846153846154,3.388103134348423,33.54222103004939,79821879,24.996266351411997,13,https://hashdive.com/Analyze_User?user_address=0x361c3ae8da1197e5f3d3a0375c59ea0d87912e98
0x3fd8a3cf2b5d7f5dc5fd20db4b4dfa68633900e8,0.21052631578947367,4.358898938722583,33.526272944320866,79821879,0.14612615966699996,19,https://hashdive.com/Analyze_User?user_address=0x3fd8a3cf2b5d7f5dc5fd20db4b4dfa68633900e8
0x6be9869ce5c3662dc14bc703a20d9e43458cb26b,0.696969696969697,4.733225687825483,33.51004123658413,79821879,3766.2817616758052,33,https://hashdive.com/Analyze_User?user_address=0x6be9869ce5c3662dc14bc703a20d9e43458cb26b
0xaa2eb7856b60f28dfbecb1fa4c232ac60431964e,0.13333333333333333,3.3843626299731073,33.50519003673376,79821879,106.36094851284999,15,https://hashdive.com/Analyze_User?user_address=0xaa2eb7856b60f28dfbecb1fa4c232ac60431964e
0xaa7a74b8c754e8aacc1ac2dedb699af0a3224d23,0.38224697019325254,10.0,33.50256935014839,79821879,11301.902927764244,3053,https://hashdive.com/Analyze_User?user_address=0xaa7a74b8c754e8aacc1ac2dedb699af0a3224d23
0xdc7217b3b07913ae9d835d43e22d98d222804dec,0.4,3.383340903118366,33.495074940871824,79830877,134.482222740221,15,https://hashdive.com/Analyze_User?user_address=0xdc7217b3b07913ae9d835d43e22d98d222804dec
0x143aba634da2c896ef81b0b1eca85eb93052e39c,0.07692307692307693,3.3826592338379884,33.48832641499608,79821879,223.49081982445298,13,https://hashdive.com/Analyze_User?user_address=0x143aba634da2c896ef81b0b1eca85eb93052e39c
0x4e96a3c7e1ad5af6e9416a58c6e69823098445a2,0.5151515151515151,3.8777383841017143,33.467872999616965,79821879,1429.0874240772027,33,https://hashdive.com/Analyze_User?user_address=0x4e96a3c7e1ad5af6e9416a58c6e69823098445a2
0xb99b27ebe5b9cc32ba61b9f8c37545b2910fff5d,0.07142857142857142,3.3760796163608786,33.4231882019727,79825478,228.67829094879,14,https://hashdive.com/Analyze_User?user_address=0xb99b27ebe5b9cc32ba61b9f8c37545b2910fff5d
0x0ecf2ae4a5bdfb021aeba535fed63e00f149cfc6,0.3157894736842105,3.3757384159963637,33.419810318364,79821879,528.9913985999319,19,https://hashdive.com/Analyze_User?user_address=0x0ecf2ae4a5bdfb021aeba535fed63e00f149cfc6
0x6319f4f68d76a2f74285d0b896d571507ea4ae85,0.3333333333333333,6.2651799790333955,33.39938005656685,79821879,198.47594895289507,60,https://hashdive.com/Analyze_User?user_address=0x6319f4f68d76a2f74285d0b896d571507ea4ae85
0x03f7ce5c21d6128f5d1ffc7e299648889c2de842,0.65625,3.6599665986937966,33.368562606915575,79821879,43.76220860287398,32,https://hashdive.com/Analyze_User?user_address=0x03f7ce5c21d6128f5d1ffc7e299648889c2de842
0x11a0e960508e2be6da5ffbd970b6806a21418fdb,0.07692307692307693,3.3702726640057685,33.36569937365711,79821879,246.33589951938708,13,https://hashdive.com/Analyze_User?user_address=0x11a0e960508e2be6da5ffbd970b6806a21418fdb
0xa66d671985e6f2855d2befd6f97da91c0bdc0e36,0.07142857142857142,3.3690235433896714,33.35333307955774,79825478,243.876498906759,14,https://hashdive.com/Analyze_User?user_address=0xa66d671985e6f2855d2befd6f97da91c0bdc0e36
0xc4fec39128c036b8e47f8dfce80f14fdc9019493,0.7692307692307693,3.571428681391123,33.34159048574023,79821879,116.69527033068599,13,https://hashdive.com/Analyze_User?user_address=0xc4fec39128c036b8e47f8dfce80f14fdc9019493
0xe274eed0e6e2c168094856a85c07efc747d8ee86,0.32894736842105265,10.0,33.319734509339405,79821879,64470.809426146625,608,https://hashdive.com/Analyze_User?user_address=0xe274eed0e6e2c168094856a85c07efc747d8ee86
0x64bc2bb48cb1376519c992015a968f9271a61563,0.17307692307692307,8.103840300027963,33.317061431535265,79821879,168.76430760015003,156,https://hashdive.com/Analyze_User?user_address=0x64bc2bb48cb1376519c992015a968f9271a61563
0xf60edbf1f0b787bb87f0197b7b5222fe4e886aef,0.25,3.3641573182541546,33.30515745071613,79821879,783.2761008222042,32,https://hashdive.com/Analyze_User?user_address=0xf60edbf1f0b787bb87f0197b7b5222fe4e886aef
0xb3fe2aeb7f5c6a2dc0cb3d9dbb009fa7c7b54a24,0.4214659685863874,5.669053635339335,33.28792925666414,79829078,19076.156545665737,382,https://hashdive.com/Analyze_User?user_address=0xb3fe2aeb7f5c6a2dc0cb3d9dbb009fa7c7b54a24
0xb904dce9f46a49e76bd47ce5b52ea4be7f1246f9,0.11764705882352941,3.3624141371799925,33.28789995808192,79821879,124.72087484280199,17,https://hashdive.com/Analyze_User?user_address=0xb904dce9f46a49e76bd47ce5b52ea4be7f1246f9
0x0a50bd3ac6797f6b36eb80d8d1da77acb271ea06,0.6176470588235294,4.810809218524594,33.287762985067495,79821879,138.525371709975,68,https://hashdive.com/Analyze_User?user_address=0x0a50bd3ac6797f6b36eb80d8d1da77acb271ea06
0x8aa6d5a1fb99d5da4b580299ea790cb45b87ee18,0.375,3.3619826983733962,33.283628713896626,79821879,1821.290853007,24,https://hashdive.com/Analyze_User?user_address=0x8aa6d5a1fb99d5da4b580299ea790cb45b87ee18
0xff7eb1a65d98d14452622cc8dbc653ff86158ed5,0.6415094339622641,4.531085099181284,33.274847709464225,79821879,672.1101194299301,53,https://hashdive.com/Analyze_User?user_address=0xff7eb1a65d98d14452622cc8dbc653ff86158ed5
0xdfe9d2c9081b8dbd371cd119a5e42fc30a1bd572,0.3404255319148936,4.340461855604065,33.26959065828876,79823676,392.93986973918607,47,https://hashdive.com/Analyze_User?user_address=0xdfe9d2c9081b8dbd371cd119a5e42fc30a1bd572
0xe39c8cf3c045c63225edf666556ca72e00861532,0.3,6.192568036189684,33.234662613199426,79821879,22.540670593326006,40,https://hashdive.com/Analyze_User?user_address=0xe39c8cf3c045c63225edf666556ca72e00861532
0x47b9e3d2c2ee13f75f8c9fc829285b03153d2826,0.08333333333333333,3.3566167064485417,33.230505393840566,79821879,0.7033410000000001,12,https://hashdive.com/Analyze_User?user_address=0x47b9e3d2c2ee13f75f8c9fc829285b03153d2826
0xa7c1f914724f1c37a1e723ce5c9ac295ec8e0193,0.65625,3.3525826907927327,33.19056863884805,79821879,4563.501705377516,32,https://hashdive.com/Analyze_User?user_address=0xa7c1f914724f1c37a1e723ce5c9ac295ec8e0193
0xf57d37b92d9928feef969f88f867c6d071f4d8ef,0.7142857142857143,3.341235273637614,33.07822920901238,79821879,596.7890240351801,14,https://hashdive.com/Analyze_User?user_address=0xf57d37b92d9928feef969f88f867c6d071f4d8ef
0x84ee0d912c99754bcd21b59b1db150860607f783,0.16666666666666666,3.3403946587071416,33.0699071212007,79821879,65.070929746034,24,https://hashdive.com/Analyze_User?user_address=0x84ee0d912c99754bcd21b59b1db150860607f783
0xed458c68530c979eb677fa1f32b6cae463444df8,0.7037037037037037,7.154935681095,33.04289420435228,79821879,2401.0000120978043,54,https://hashdive.com/Analyze_User?user_address=0xed458c68530c979eb677fa1f32b6cae463444df8
0x4ba3354c92d808f421a1d67c863356fdce9999aa,0.07692307692307693,3.3344462738205944,33.01101811082388,79825478,244.013830380538,13,https://hashdive.com/Analyze_User?user_address=0x4ba3354c92d808f421a1d67c863356fdce9999aa
0xf27ee57d7e906537b730bfca314b6384b9560143,0.0625,3.3330254805251216,32.9969522571987,79829078,215.22076265467499,16,https://hashdive.com/Analyze_User?user_address=0xf27ee57d7e906537b730bfca314b6384b9560143
0xc5aabc472e3a2b6ba530aa51ff5b4ee41b39ff55,0.44871794871794873,5.760624682083485,32.967737799773964,79821879,326.77898784668105,78,https://hashdive.com/Analyze_User?user_address=0xc5aabc472e3a2b6ba530aa51ff5b4ee41b39ff55
0xa9cbfa3cbdc9f886a85ccd0d5bdc009620109daf,0.43478260869565216,3.3282023185550624,32.94920295369512,79821879,3888.7063621021107,23,https://hashdive.com/Analyze_User?user_address=0xa9cbfa3cbdc9f886a85ccd0d5bdc009620109daf
0x5d7a9aa1c15c2128edb393b64ef36485db58d0d1,0.48148148148148145,6.577571764405102,32.94744026850942,79827278,291.7115007739401,54,https://hashdive.com/Analyze_User?user_address=0x5d7a9aa1c15c2128edb393b64ef36485db58d0d1
0xd18e949d3f0b8e139ef7851ce6404a7cb7bc491a,0.07692307692307693,3.3274821829772954,32.94207361147522,79829078,246.914913939579,13,https://hashdive.com/Analyze_User?user_address=0xd18e949d3f0b8e139ef7851ce6404a7cb7bc491a
0x83a6992f10457d2378e4b881db2045fb0d7267c0,0.6086956521739131,3.32694356036547,32.93674124761815,79821879,263.17017585454596,23,https://hashdive.com/Analyze_User?user_address=0x83a6992f10457d2378e4b881db2045fb0d7267c0
0x766e23016a254b5ecf7158fc95ddf2d2c31f2695,0.5294117647058824,4.256130561767868,32.90206878440148,79821879,124.58154510869798,34,https://hashdive.com/Analyze_User?user_address=0x766e23016a254b5ecf7158fc95ddf2d2c31f2695
0x31c0765162eb70b42081727cb9841a5c9d9692e1,0.5405405405405406,3.3216712183044907,32.88454506121446,79821879,91.62703963446498,37,https://hashdive.com/Analyze_User?user_address=0x31c0765162eb70b42081727cb9841a5c9d9692e1
0x89e42dd5928954ecbaef9b5a2f80dcd5f5b3c03b,0.06666666666666667,3.3213304026345853,32.881170986082395,79821879,224.38560853956804,15,https://hashdive.com/Analyze_User?user_address=0x89e42dd5928954ecbaef9b5a2f80dcd5f5b3c03b
0x46b676d8adbc36c06e920023d52ffb713765b3f5,0.3333333333333333,3.3180246510303473,32.84844404520044,79821879,5966.023611409668,18,https://hashdive.com/Analyze_User?user_address=0x46b676d8adbc36c06e920023d52ffb713765b3f5
0x0a368f829c9336a74f993b530dc1cfc18464a74c,0.36363636363636365,3.316624786939969,32.8345853907057,79821879,0.12711914950900002,11,https://hashdive.com/Analyze_User?user_address=0x0a368f829c9336a74f993b530dc1cfc18464a74c
0xfb918422095dbe5e3864705b8d6c4f637673997d,0.18181818181818182,3.3166247862728273,32.83458538410099,79821879,0.37158114053,11,https://hashdive.com/Analyze_User?user_address=0xfb918422095dbe5e3864705b8d6c4f637673997d
0xd10b6f42b74017a4f969298baef9a6e6aca493dc,0.21428571428571427,3.316333558701502,32.831702231144874,79821879,43.017860992805,14,https://hashdive.com/Analyze_User?user_address=0xd10b6f42b74017a4f969298baef9a6e6aca493dc
0xf5a5961b3e8aaa7780f73dffe8b33de71defc094,0.3157894736842105,3.3152688705598754,32.82116181854277,79821879,39.68633424428399,19,https://hashdive.com/Analyze_User?user_address=0xf5a5961b3e8aaa7780f73dffe8b33de71defc094
0x99a39a35618979c11b7b5ca63cd24d0f0103e101,0.5833333333333334,3.3146979387145192,32.815509593273745,79821879,34.414304716892,12,https://hashdive.com/Analyze_User?user_address=0x99a39a35618979c11b7b5ca63cd24d0f0103e101
0x82973d0dd173dc2920e1e6edb9e3ca3a1a481708,0.41935483870967744,3.361046091113619,32.80639496034957,79821879,4438.187949359617,62,https://hashdive.com/Analyze_User?user_address=0x82973d0dd173dc2920e1e6edb9e3ca3a1a481708
0xaeb6236aea5aa43cd3f2b92e98c9813954abfb7b,0.07692307692307693,3.3122690845920553,32.791463937461344,79825478,227.83901445078996,13,https://hashdive.com/Analyze_User?user_address=0xaeb6236aea5aa43cd3f2b92e98c9813954abfb7b
0x4272bad25dd9969c8d4c47796f3004bbda64df27,0.6,4.0690554854554355,32.79015185211386,79821879,228.36226694762,40,https://hashdive.com/Analyze_User?user_address=0x4272bad25dd9969c8d4c47796f3004bbda64df27
0x32b3e0a067836daa50165b140f505205567ba3ce,0.42857142857142855,3.5777084498013485,32.76229368522242,79821879,14.651681568563,14,https://hashdive.com/Analyze_User?user_address=0x32b3e0a067836daa50165b140f505205567ba3ce
0xe16562919c8491a045c6e26b7a15d3f645d58211,0.5584415584415584,3.5367699862937148,32.74434775705685,79821879,22300.316789029202,77,https://hashdive.com/Analyze_User?user_address=0xe16562919c8491a045c6e26b7a15d3f645d58211
0x03cff9637ab8696a9709cac976dc85c6c2ee49df,0.26666666666666666,3.3074985797776417,32.744235939798656,79821879,0.196111782916,15,https://hashdive.com/Analyze_User?user_address=0x03cff9637ab8696a9709cac976dc85c6c2ee49df
0x7e5278b92c2dec02a322ab8983c3bb7e6b1f0693,0.35,6.723744283684587,32.73133849958241,79823676,658.4023015144253,80,https://hashdive.com/Analyze_User?user_address=0x7e5278b92c2dec02a322ab8983c3bb7e6b1f0693
0x756c0ed173258da62d4098e76ed8c51e7228503f,0.6071428571428571,3.5995463295769534,32.72366420671246,79821879,53.382475569407994,28,https://hashdive.com/Analyze_User?user_address=0x756c0ed173258da62d4098e76ed8c51e7228503f
0xe95a367dce171c47fe6aaf5a1650b3dba6e21285,0.041666666666666664,4.666625865779104,32.70410242333262,79821879,0.19621352062599992,24,https://hashdive.com/Analyze_User?user_address=0xe95a367dce171c47fe6aaf5a1650b3dba6e21285
0x5c9ec50133f7e83242570a0c0626c16ae1137843,0.07692307692307693,3.302433427162522,32.69409092890897,79829078,228.81030218139497,13,https://hashdive.com/Analyze_User?user_address=0x5c9ec50133f7e83242570a0c0626c16ae1137843
0xb663fe324cf58b9a6640ab244ce0b92d22b54b00,0.6764705882352942,3.7878650902474837,32.660450503747484,79821879,1123.564167753635,34,https://hashdive.com/Analyze_User?user_address=0xb663fe324cf58b9a6640ab244ce0b92d22b54b00
0xf368b538632e63a085ba4631a67ec5c55bfa0c55,0.42857142857142855,3.2986126309494455,32.65626504639951,79821879,205.28671334375198,14,https://hashdive.com/Analyze_User?user_address=0xf368b538632e63a085ba4631a67ec5c55bfa0c55
0x6f909f1ac9030e3cced2641ae0e0503c0044153d,0.31666666666666665,3.2968619181278846,32.638932989466056,79821879,2838.021696096385,60,https://hashdive.com/Analyze_User?user_address=0x6f909f1ac9030e3cced2641ae0e0503c0044153d
0x209cc24a84b2170640fed66dd56d9e6c537c8f1e,0.4857142857142857,3.5279827751139563,32.62673066394845,79821879,88.28090778616902,35,https://hashdive.com/Analyze_User?user_address=0x209cc24a84b2170640fed66dd56d9e6c537c8f1e
0x8d2a3ff1162f0ab4f10eaafd84437c81ef2b3c3c,0.09090909090909091,3.295067230115974,32.621165578148144,79821879,153.511131576811,22,https://hashdive.com/Analyze_User?user_address=0x8d2a3ff1162f0ab4f10eaafd84437c81ef2b3c3c
0x4f0d9b2ccf3427c63c9185e894c0fe98cb5dc2eb,0.84,3.793780314445929,32.58429781407009,79821879,224.486791855075,25,https://hashdive.com/Analyze_User?user_address=0x4f0d9b2ccf3427c63c9185e894c0fe98cb5dc2eb
0x7004cd59a822bd5f5c183102b9804b6c7d27af40,0.2222222222222222,4.3864493706428,32.57225659716308,79821879,158.50665218786904,54,https://hashdive.com/Analyze_User?user_address=0x7004cd59a822bd5f5c183102b9804b6c7d27af40
0x683bf5014d26fe06c3abbb659d0e8bdbba7a6f65,0.08333333333333333,3.28657007388392,32.53704373145081,79827278,249.750117554922,12,https://hashdive.com/Analyze_User?user_address=0x683bf5014d26fe06c3abbb659d0e8bdbba7a6f65
0xcb0446737d3fbc66b5d65422e5431b981af38b8a,0.10614525139664804,8.777546552891998,32.53053354160297,79821879,1773.175662901622,179,https://hashdive.com/Analyze_User?user_address=0xcb0446737d3fbc66b5d65422e5431b981af38b8a
0x3fdd04d23f4e7c58e9760ee9b7b19dec3071a95b,0.5833333333333334,3.2857121372637597,32.52855015891122,79821879,35.464509,12,https://hashdive.com/Analyze_User?user_address=0x3fdd04d23f4e7c58e9760ee9b7b19dec3071a95b
0x784d2513b59fe5275c3166a181a3d1f6e1b30f44,0.23809523809523808,3.5460942086729994,32.51303268676128,79821879,321.18469076060296,21,https://hashdive.com/Analyze_User?user_address=0x784d2513b59fe5275c3166a181a3d1f6e1b30f44
0x7487c40d27e00511cf076ba11cc992a9defe6f2d,0.25,3.28351526431768,32.50680111674504,79821879,9547.315736872351,32,https://hashdive.com/Analyze_User?user_address=0x7487c40d27e00511cf076ba11cc992a9defe6f2d
0x6df5cbe7af8c40c16920fa2ca6502ae053ff6430,0.309375,7.179279276898273,32.47808754707596,79829078,29532.253866995336,320,https://hashdive.com/Analyze_User?user_address=0x6df5cbe7af8c40c16920fa2ca6502ae053ff6430
0x61a972aa2a659b58e17fd690a2f73f110c7fd092,0.44,3.277911551323716,32.451324358104785,79821879,28210.543948085007,25,https://hashdive.com/Analyze_User?user_address=0x61a972aa2a659b58e17fd690a2f73f110c7fd092
0x5c479d6ce5172f89832c0116738fe53251262ed3,0.44651162790697674,10.0,32.4510325370283,79821879,117.762449809881,215,https://hashdive.com/Analyze_User?user_address=0x5c479d6ce5172f89832c0116738fe53251262ed3
0xc6fc6ff0aec37c734d157ad55a8d80c8bcc94802,0.45652173913043476,5.935661488247305,32.42932055629416,79825478,66.874652790128,46,https://hashdive.com/Analyze_User?user_address=0xc6fc6ff0aec37c734d157ad55a8d80c8bcc94802
0x76b9ce06d1dccdc311f301454fec340eb5ce7912,0.08333333333333333,3.2753495166777618,32.42596021510984,79829078,232.326420618376,12,https://hashdive.com/Analyze_User?user_address=0x76b9ce06d1dccdc311f301454fec340eb5ce7912
0x730b0ee1464a1680e7fd67bc88fc918112836923,0.05555555555555555,3.2744654941113183,32.417208391702054,79821879,15.833462660481002,18,https://hashdive.com/Analyze_User?user_address=0x730b0ee1464a1680e7fd67bc88fc918112836923
0xa6cfa50258a52c5444300f34d722409fb461a31c,1.0,3.2709379155428375,32.38228536387409,79821879,4611.200000000001,16,https://hashdive.com/Analyze_User?user_address=0xa6cfa50258a52c5444300f34d722409fb461a31c
0x537c463b344f0b46416da0e978027f5196276de2,0.3157894736842105,3.270447055976804,32.37742585417036,79821879,286.82384061358897,19,https://hashdive.com/Analyze_User?user_address=0x537c463b344f0b46416da0e978027f5196276de2
0xba2d46ffeb8a22fb2d0be80b6be80e472d580d0e,0.6041666666666666,6.282575839481305,32.36478462763097,79821879,2550.0,48,https://hashdive.com/Analyze_User?user_address=0xba2d46ffeb8a22fb2d0be80b6be80e472d580d0e
0x3c088353b429f3a0309a2387ae94df58136ec85b,0.07142857142857142,3.2677046599627255,32.350276133630985,79821879,215.221352891784,14,https://hashdive.com/Analyze_User?user_address=0x3c088353b429f3a0309a2387ae94df58136ec85b
0x622a39d30706b4745fd6eb4362c51287474908f9,0.10344827586206896,3.266704064826951,32.340370241786815,79821879,194.44252946256097,29,https://hashdive.com/Analyze_User?user_address=0x622a39d30706b4745fd6eb4362c51287474908f9
0x9553995312a9b4985c69759af5e9fbaf3280f166,0.08333333333333333,3.2656297916964756,32.32973493779511,79829078,244.06433995926403,12,https://hashdive.com/Analyze_User?user_address=0x9553995312a9b4985c69759af5e9fbaf3280f166
0xcf2d99ca3ca6fc375e70da4ee4dd0e7fbe97ef04,0.30303030303030304,3.264635558247503,32.31989202665028,79821879,668.101633845281,33,https://hashdive.com/Analyze_User?user_address=0xcf2d99ca3ca6fc375e70da4ee4dd0e7fbe97ef04
0x8de46e918512daf8edf1d822c9e67ae0b49b63ae,0.5217391304347826,3.9619616260373696,32.29911082220076,79821879,163.26586397205398,23,https://hashdive.com/Analyze_User?user_address=0x8de46e918512daf8edf1d822c9e67ae0b49b63ae
0xe4cc54de3937bd732a54382d60e729fb5cef9601,0.05263157894736842,3.2585968757151593,32.26010906958008,79821879,133.97126153684098,19,https://hashdive.com/Analyze_User?user_address=0xe4cc54de3937bd732a54382d60e729fb5cef9601
0x4e5a9f220ded859a97af7c74369269d3a447ee7e,0.5,3.257664099986606,32.2508745898674,79821879,39.983782308334995,14,https://hashdive.com/Analyze_User?user_address=0x4e5a9f220ded859a97af7c74369269d3a447ee7e
0xb27f1844cab8476e902e61d857651fcde39cf9f1,0.43333333333333335,4.116881024218408,32.232242658115126,79821879,65.358668845182,30,https://hashdive.com/Analyze_User?user_address=0xb27f1844cab8476e902e61d857651fcde39cf9f1
0x445b5737a7bf1d1c32cef05f30c067bedb1c7ca4,0.22727272727272727,3.252827049472547,32.20298778977821,79821879,18771.536034408124,22,https://hashdive.com/Analyze_User?user_address=0x445b5737a7bf1d1c32cef05f30c067bedb1c7ca4
0x911689eacfdaae4cb8bf35271ab48c5863c0ea94,0.08333333333333333,3.252462849685162,32.199382211883105,79821879,229.09106477191597,12,https://hashdive.com/Analyze_User?user_address=0x911689eacfdaae4cb8bf35271ab48c5863c0ea94
0x6418a9e60b579cbf8e7a9351d78b0604de67f2d8,0.7297297297297297,4.3317198142342255,32.19441721474884,79821879,1271.098535217912,37,https://hashdive.com/Analyze_User?user_address=0x6418a9e60b579cbf8e7a9351d78b0604de67f2d8
0xe97002f139f45ed8f300b183dabfaacd87567be1,0.26666666666666666,3.251882973564584,32.193641438289376,79821879,551.5256868986152,15,https://hashdive.com/Analyze_User?user_address=0xe97002f139f45ed8f300b183dabfaacd87567be1
0x9a5977ad7828220aeb7bacff91a120a7fa1b1d9f,0.5294117647058824,3.7369191001932576,32.1773039523117,79821879,78.356466691131,17,https://hashdive.com/Analyze_User?user_address=0x9a5977ad7828220aeb7bacff91a120a7fa1b1d9f
0xd8b33e67ac1edb96ea9a4e74a62f46a789b11283,0.5094339622641509,5.1910787059578976,32.16785460804722,79821879,161.15865669872798,53,https://hashdive.com/Analyze_User?user_address=0xd8b33e67ac1edb96ea9a4e74a62f46a789b11283
0x3c04972df6d4a175a3f420d151cc6fda1c0cf639,0.1111111111111111,4.650276936696367,32.16645997731692,79821879,0.22202512384600004,27,https://hashdive.com/Analyze_User?user_address=0x3c04972df6d4a175a3f420d151cc6fda1c0cf639
0x28acfbdc65edc298d25250555f89850f98e0661d,0.85,3.248657629828332,32.161710535300486,79821879,1238.444296560131,20,https://hashdive.com/Analyze_User?user_address=0x28acfbdc65edc298d25250555f89850f98e0661d
0xef2a2e5397a610a01040212974b53cff7799bd7e,0.009209799226376865,10.0,32.14579172876957,79830877,450.0906118670063,16287,https://hashdive.com/Analyze_User?user_address=0xef2a2e5397a610a01040212974b53cff7799bd7e
0x9d30bcecd06fcbaab7aa3aff5fd8689f6fbf5c19,0.2,3.7712491033294526,32.12716727379511,79821879,0.13629256166999998,15,https://hashdive.com/Analyze_User?user_address=0x9d30bcecd06fcbaab7aa3aff5fd8689f6fbf5c19
0x54c07612771e38ccd18810bf0a925637b392a338,0.22857142857142856,5.098867655088983,32.11203159962362,79821879,828.379586916345,70,https://hashdive.com/Analyze_User?user_address=0x54c07612771e38ccd18810bf0a925637b392a338
0x13b67565c8098b7fdcbdb8d7bd311f11989bc633,0.5217391304347826,8.148568848560119,32.0884721063142,79830877,62.05677086645901,92,https://hashdive.com/Analyze_User?user_address=0x13b67565c8098b7fdcbdb8d7bd311f11989bc633
0xb704a2daada6bef394f4f692c2949a6110d6dc1e,0.18181818181818182,3.239453083130281,32.07058552298978,79821879,356.73282599999993,22,https://hashdive.com/Analyze_User?user_address=0xb704a2daada6bef394f4f692c2949a6110d6dc1e
0x17fa912a4773bdb34443ac8be61d3529e219fef3,0.43243243243243246,5.521855972281479,32.067090583708094,79821879,242.068673864056,37,https://hashdive.com/Analyze_User?user_address=0x17fa912a4773bdb34443ac8be61d3529e219fef3
0xc2e3ad1a4f96aa606b700b18fc5628042c6a5a26,0.05,3.2375625038760614,32.05186878837301,79821879,206.6160078072379,20,https://hashdive.com/Analyze_User?user_address=0xc2e3ad1a4f96aa606b700b18fc5628042c6a5a26
0x594650e395e617dd3db6d9324c1d6087fbd0027b,0.6428571428571429,3.235683469361189,32.03326634667577,79821879,480.19238646141895,14,https://hashdive.com/Analyze_User?user_address=0x594650e395e617dd3db6d9324c1d6087fbd0027b
0x2ec567eedb9e456f53cb352c10ce338183ce9e19,0.45714285714285713,3.234027939520212,32.0168766012501,79821879,457.26207548387293,35,https://hashdive.com/Analyze_User?user_address=0x2ec567eedb9e456f53cb352c10ce338183ce9e19
0xd0068cc44fbb3930e80702c04e9543e2c69f290d,0.043478260869565216,3.2340138137030765,32.01673675566046,79825478,191.37794536723794,23,https://hashdive.com/Analyze_User?user_address=0xd0068cc44fbb3930e80702c04e9543e2c69f290d
0x7d8a4b5d86c57c96c8d04899642dcf1a8783e836,0.2692307692307692,3.2326115768698567,32.002854611011585,79821879,0.372830575244,26,https://hashdive.com/Analyze_User?user_address=0x7d8a4b5d86c57c96c8d04899642dcf1a8783e836
0xd7981abb44fef328a5272e3b8e33fdf1ca43e550,0.44680851063829785,5.720240797979689,31.98887056154448,79830877,94.27453935525399,47,https://hashdive.com/Analyze_User?user_address=0xd7981abb44fef328a5272e3b8e33fdf1ca43e550
0x12d0f44430ada75001d90239ed0baefbc5674843,0.296875,5.236294275055215,31.986375686471312,79821879,1671.9322894776412,64,https://hashdive.com/Analyze_User?user_address=0x12d0f44430ada75001d90239ed0baefbc5674843
0x9f16feb66b8a4355528fd9eb1f6fceb989337013,0.4697986577181208,10.0,31.98261324832385,79830877,110.88545966455398,447,https://hashdive.com/Analyze_User?user_address=0x9f16feb66b8a4355528fd9eb1f6fceb989337013
0x94d29ee7b6d4a3a0c9153f18fed0bc0197fdd29c,0.3902439024390244,4.277462697208493,31.976648318737414,79821879,91.753717228976,41,https://hashdive.com/Analyze_User?user_address=0x94d29ee7b6d4a3a0c9153f18fed0bc0197fdd29c
0x9efae295ceb34b69f2fa556515cfbee17080c133,0.3617021276595745,3.2293512090897383,31.970576969988407,79821879,1063.2735607577802,47,https://hashdive.com/Analyze_User?user_address=0x9efae295ceb34b69f2fa556515cfbee17080c133
0x2dc138aa4176eb5c261db082ab3527cafdc860ac,0.3684210526315789,3.226923023990633,31.946537937507262,79821879,4798.301851535172,19,https://hashdive.com/Analyze_User?user_address=0x2dc138aa4176eb5c261db082ab3527cafdc860ac
0x803e9f92a4005b4f0781dae1c1c3004a886cd135,0.2727272727272727,3.2269130933078176,31.946439623747395,79821879,169.625761,11,https://hashdive.com/Analyze_User?user_address=0x803e9f92a4005b4f0781dae1c1c3004a886cd135
0x159a542e441696b529b980a2e3db6e8b11058b26,0.56,4.33883552122369,31.93277489472099,79821879,19.871199792632996,25,https://hashdive.com/Analyze_User?user_address=0x159a542e441696b529b980a2e3db6e8b11058b26
0x6841405b983d080dd8ae8f0943e563d9179023be,0.2830188679245283,4.387577288718023,31.898379152063047,79821879,3256.084582226942,53,https://hashdive.com/Analyze_User?user_address=0x6841405b983d080dd8ae8f0943e563d9179023be
0x3da3958abf6ec9cbab635824447e5e0c24fc0fdc,0.12104430379746836,9.919105018164409,31.89787277164732,79830877,6233.860154255752,1264,https://hashdive.com/Analyze_User?user_address=0x3da3958abf6ec9cbab635824447e5e0c24fc0fdc
0xca752d79d0afe21c5e71d618b03d26ab91746433,0.42105263157894735,3.220926304387979,31.887170413440987,79821879,9913.138598005,19,https://hashdive.com/Analyze_User?user_address=0xca752d79d0afe21c5e71d618b03d26ab91746433
0x9048cdcd7d45e4dcda31cc0fc17d91149b412759,0.4,3.4110160990475302,31.884184306960247,79827278,2769.945210330675,45,https://hashdive.com/Analyze_User?user_address=0x9048cdcd7d45e4dcda31cc0fc17d91149b412759
0x9f95559819ebc1b78137dd5cf18acd833662df3a,0.3,3.2204798839498543,31.882750851103555,79821879,558.424647555488,20,https://hashdive.com/Analyze_User?user_address=0x9f95559819ebc1b78137dd5cf18acd833662df3a
0x06fa1b9e171885ab30c20d1c7bfc1ba6a66bde8b,0.08333333333333333,3.218820799924259,31.86632591925016,79829078,235.66653358615102,12,https://hashdive.com/Analyze_User?user_address=0x06fa1b9e171885ab30c20d1c7bfc1ba6a66bde8b
0xce852161ad7c92b6e78dd330ee06ef000dae0ecc,0.3888888888888889,3.8845660209516764,31.85494827890361,79821879,44.920909835554006,18,https://hashdive.com/Analyze_User?user_address=0xce852161ad7c92b6e78dd330ee06ef000dae0ecc
0x7719ee7b275e0f848d12b29ecb28ff0e29618c4f,0.1111111111111111,3.213084456100057,31.809536115390564,79821879,51.69348319328001,18,https://hashdive.com/Analyze_User?user_address=0x7719ee7b275e0f848d12b29ecb28ff0e29618c4f
0xb5789b602025fdc1e428495d019521e0d25aea1a,0.4117647058823529,3.2130078188420828,31.808777406536617,79821879,330.540061568007,17,https://hashdive.com/Analyze_User?user_address=0xb5789b602025fdc1e428495d019521e0d25aea1a
0x6bbf8fd2ea00961541e3e28233cfd8796cbef847,0.4666666666666667,3.477177199928035,31.80537992836357,79821879,180.61193755365903,15,https://hashdive.com/Analyze_User?user_address=0x6bbf8fd2ea00961541e3e28233cfd8796cbef847
0x3f8d29d1ca0e15f08df785fa38eb1743d5601df6,0.09,7.453985573910431,31.776544001007807,79821879,900.712032103878,100,https://hashdive.com/Analyze_User?user_address=0x3f8d29d1ca0e15f08df785fa38eb1743d5601df6
0xec5794931f1fb06674616ee5cbdbac571679c0d0,0.37037037037037035,3.209408998691639,31.773149087047226,79821879,356.04833411829287,27,https://hashdive.com/Analyze_User?user_address=0xec5794931f1fb06674616ee5cbdbac571679c0d0
0x9e25f6c7b5f039ff0534685feebcc0c40267a797,0.7142857142857143,3.2090459928774724,31.769555329486977,79821879,42.200508766416,14,https://hashdive.com/Analyze_User?user_address=0x9e25f6c7b5f039ff0534685feebcc0c40267a797
0xddd72218c51278a7580eabd42a0781d7544c9dd5,0.4666666666666667,3.207131386171291,31.75060072309578,79821879,56.831958946011994,15,https://hashdive.com/Analyze_User?user_address=0xddd72218c51278a7580eabd42a0781d7544c9dd5
0x6c0bda60a0e3e07bb6643a8e7c8ec31adcfdc08c,0.5294117647058824,3.206015376135056,31.73955222373705,79821879,326.189463005309,17,https://hashdive.com/Analyze_User?user_address=0x6c0bda60a0e3e07bb6643a8e7c8ec31adcfdc08c
0xaf4b79152596c5a7bc1ee0b0786a0a08096ff637,0.5294117647058824,3.2047456994122068,31.726982424180846,79821879,327.369059758214,17,https://hashdive.com/Analyze_User?user_address=0xaf4b79152596c5a7bc1ee0b0786a0a08096ff637
0xe025ed322344be78fbaf5130c55f414cd0b9102f,0.8181818181818182,4.638124066348047,31.713503284360748,79823676,1435.887099290535,22,https://hashdive.com/Analyze_User?user_address=0xe025ed322344be78fbaf5130c55f414cd0b9102f
0x561ac91d6059a2031dc914b3509b8cebcac351a4,0.125,4.796747516835252,31.70111403943516,79821879,0.17181822159799998,24,https://hashdive.com/Analyze_User?user_address=0x561ac91d6059a2031dc914b3509b8cebcac351a4
0xa692abf1f5b719babcc2b9d7e81d88208047c018,0.4444444444444444,3.2020871852943005,31.700663134413574,79821879,24931.75378714055,18,https://hashdive.com/Analyze_User?user_address=0xa692abf1f5b719babcc2b9d7e81d88208047c018
0x51c6647fb9fa8254f804b3ae22364723b5359501,0.5098039215686274,9.048314042325877,31.61353508167924,79821879,41.08416899119001,102,https://hashdive.com/Analyze_User?user_address=0x51c6647fb9fa8254f804b3ae22364723b5359501
0x160305c91958a12a1498e312de8ab498fd172edc,0.5238095238095238,3.1911568045724605,31.59245236526736,79821879,170.823370056847,21,https://hashdive.com/Analyze_User?user_address=0x160305c91958a12a1498e312de8ab498fd172edc
0xfafdd9f50cfabd00be651c12645f40d511b92642,0.40350877192982454,6.889402052318126,31.561319670405684,79821879,56.301984924153004,57,https://hashdive.com/Analyze_User?user_address=0xfafdd9f50cfabd00be651c12645f40d511b92642
0x571d10a043da59bd87bafa7104a1d6e07801d126,0.13333333333333333,3.1879506503785353,31.560711438747497,79821879,27.018230815664996,15,https://hashdive.com/Analyze_User?user_address=0x571d10a043da59bd87bafa7104a1d6e07801d126
0xc2bd6aab7ba1f84d4ad7e13b72ca4a0c9eb1f0a4,0.27014681892332787,10.0,31.554672179900383,79830877,3804.8468669818717,6130,https://hashdive.com/Analyze_User?user_address=0xc2bd6aab7ba1f84d4ad7e13b72ca4a0c9eb1f0a4
0x0101b214c12c8fc1e7cc753de038e95ffae6f054,0.6428571428571429,3.1858355937668046,31.539772378291367,79821879,131.08999186199193,14,https://hashdive.com/Analyze_User?user_address=0x0101b214c12c8fc1e7cc753de038e95ffae6f054
0xf8e9c43bd5a48a748baa16dc2806253e7879dde2,0.3695652173913043,3.1814400941130803,31.496256931719493,79821879,6686.948963221392,46,https://hashdive.com/Analyze_User?user_address=0xf8e9c43bd5a48a748baa16dc2806253e7879dde2
0xe2fd1793f775f2a41f547d3b54e04bade7b01273,0.5833333333333334,3.1805367670195204,31.487313993493252,79821879,31.312402561430005,12,https://hashdive.com/Analyze_User?user_address=0xe2fd1793f775f2a41f547d3b54e04bade7b01273
0xaea806164e43d5f5766584827c212430729effed,0.6,3.1802699503180785,31.48467250814898,79821879,491.96047280789594,15,https://hashdive.com/Analyze_User?user_address=0xaea806164e43d5f5766584827c212430729effed
0x051f7b4775a7bcadefcc0306ba7adb215afc50c5,0.5217391304347826,4.122529321519988,31.483559052605838,79821879,238.138271818634,23,https://hashdive.com/Analyze_User?user_address=0x051f7b4775a7bcadefcc0306ba7adb215afc50c5
0x5ea80cba01661282c40ec89bc309c47e489f45b8,0.06666666666666667,3.178213822433635,31.464316842092988,79821879,53.044564362668,15,https://hashdive.com/Analyze_User?user_address=0x5ea80cba01661282c40ec89bc309c47e489f45b8
0xf9db72f35decb05f5f2ee5b0f3ad822cfd4b56bc,0.375,3.1777744934557806,31.459967485212225,79821879,2445.586778598341,24,https://hashdive.com/Analyze_User?user_address=0xf9db72f35decb05f5f2ee5b0f3ad822cfd4b56bc
0x10485beca732579ee161bc0a2a81ed3aa83ca535,0.2727272727272727,4.600001849496476,31.45895761797064,79821879,15.729417942933,22,https://hashdive.com/Analyze_User?user_address=0x10485beca732579ee161bc0a2a81ed3aa83ca535
0x6297b93ea37ff92a57fd636410f3b71ebf74517e,0.36436597110754415,8.58110970078923,31.458691962877502,79830877,17720.34364468381,1869,https://hashdive.com/Analyze_User?user_address=0x6297b93ea37ff92a57fd636410f3b71ebf74517e
0xc302b58614dcae99a2cab713534fdef0490ef388,0.375,3.177536329533637,31.457609662383007,79821879,6928.00767398244,16,https://hashdive.com/Analyze_User?user_address=0xc302b58614dcae99a2cab713534fdef0490ef388
0xe8804bd4205e11b208ae2b834f1e4ba4cde61e3a,0.4166666666666667,3.176618826781977,31.448526385141573,79821879,194.14882960237003,12,https://hashdive.com/Analyze_User?user_address=0xe8804bd4205e11b208ae2b834f1e4ba4cde61e3a
0x897d4efea7f7315cb46461d0b04cc3ab0aef7778,0.05555555555555555,3.17641907853937,31.44654887753976,79821879,132.90414670076902,18,https://hashdive.com/Analyze_User?user_address=0x897d4efea7f7315cb46461d0b04cc3ab0aef7778
0x825c14383c25ab21fb32dd60b29b7c721ccd3fc6,0.030057163931403282,10.0,31.446061502707998,79830877,3545.0409643946145,5423,https://hashdive.com/Analyze_User?user_address=0x825c14383c25ab21fb32dd60b29b7c721ccd3fc6
0x560293576560a7f36d1efdc6abb23e557562acc9,0.631578947368421,3.9531606886871935,31.437462636414836,79827278,811.237020979955,19,https://hashdive.com/Analyze_User?user_address=0x560293576560a7f36d1efdc6abb23e557562acc9
0x2d81f95e1e8cfef2d744e102c4e1efa565bda3f7,0.7647058823529411,7.424624414747964,31.43468184500776,79821879,115.87059982708604,85,https://hashdive.com/Analyze_User?user_address=0x2d81f95e1e8cfef2d744e102c4e1efa565bda3f7
0x1518e86dd998f18a16b02765cccc290b02c9315d,0.11538461538461539,5.013788692732091,31.43270329382654,79821879,0.169258308634,26,https://hashdive.com/Analyze_User?user_address=0x1518e86dd998f18a16b02765cccc290b02c9315d
0x5467d8b49ac675bebaa2564094e6fee50e4c2bf6,0.08333333333333333,3.1730243622404513,31.41294118618047,79829078,238.7020119382189,12,https://hashdive.com/Analyze_User?user_address=0x5467d8b49ac675bebaa2564094e6fee50e4c2bf6
0x667d770cc0895c0b1f1796d8a4e37d46f673c10b,0.1875,3.3709949438445532,31.380110881239716,79821879,23.271959895666992,16,https://hashdive.com/Analyze_User?user_address=0x667d770cc0895c0b1f1796d8a4e37d46f673c10b
0xc1f33b165c993069540e71e86263dbc2b66459c9,0.09090909090909091,3.169560168657007,31.378645669704373,79829078,246.57433916013807,11,https://hashdive.com/Analyze_User?user_address=0xc1f33b165c993069540e71e86263dbc2b66459c9
0x13a8a0c60a6f604cd63fea554411676d0fb37f60,0.2727272727272727,3.2071376232402535,31.371861399258087,79821879,0.117371453597,11,https://hashdive.com/Analyze_User?user_address=0x13a8a0c60a6f604cd63fea554411676d0fb37f60
0xab49428fc9dab173c67ffe9ee70d1d8c51d034e6,0.05918367346938776,10.0,31.369885869324612,79821879,227.19679290999423,1960,https://hashdive.com/Analyze_User?user_address=0xab49428fc9dab173c67ffe9ee70d1d8c51d034e6
0xb907a504b2b8f7289f24084f894d593ef3a763f2,0.28125,4.432826868916282,31.360264881854736,79821879,475.0848958381,32,https://hashdive.com/Analyze_User?user_address=0xb907a504b2b8f7289f24084f894d593ef3a763f2
0xe708de08f27e5255f54bc4b3f7e2a0b705aa73c2,0.7222222222222222,6.687862221196076,31.328627475538898,79821879,2184.8757185126005,54,https://hashdive.com/Analyze_User?user_address=0xe708de08f27e5255f54bc4b3f7e2a0b705aa73c2
0x053e8fed4b0fc3bf3faa5188c405185236fb7ca9,0.7272727272727273,3.3166247903524964,31.328136828083135,79821879,10.390341000000001,11,https://hashdive.com/Analyze_User?user_address=0x053e8fed4b0fc3bf3faa5188c405185236fb7ca9
0x15e114b505773a4587e63a9e35fac395cba7fd98,0.26666666666666666,3.1629922383451334,31.313623159616817,79821879,25.896342214743,15,https://hashdive.com/Analyze_User?user_address=0x15e114b505773a4587e63a9e35fac395cba7fd98
0xf8ca1e552fc5bda7e075c465d72c0619c8654609,0.4,3.162277660159133,31.306548835575416,79821879,11.552926041047002,10,https://hashdive.com/Analyze_User?user_address=0xf8ca1e552fc5bda7e075c465d72c0619c8654609
0x31c87b20d0c63924119787ad85b18aeb31faf252,0.1,3.1622776599704623,31.306548833707577,79821879,13.719054946856003,10,https://hashdive.com/Analyze_User?user_address=0x31c87b20d0c63924119787ad85b18aeb31faf252
0x99e23c1b78488e9d8b20818244affa9a7aae2cdf,0.5,3.16227765880808,31.306548822199993,79821879,0.101934327123,10,https://hashdive.com/Analyze_User?user_address=0x99e23c1b78488e9d8b20818244affa9a7aae2cdf
0xa102ca8e73438f8bdb4be738645e72ad3500e102,0.4,3.162277658542928,31.30654881957499,79821879,0.14957251259100002,10,https://hashdive.com/Analyze_User?user_address=0xa102ca8e73438f8bdb4be738645e72ad3500e102
0x772eef0b0104f495d0a9d883541e3ff6540b1c6b,0.3,3.162277657466416,31.30654880891752,79821879,0.200635245918,10,https://hashdive.com/Analyze_User?user_address=0x772eef0b0104f495d0a9d883541e3ff6540b1c6b
0xa8b1fb0188ebe6e394673bfaa5b282600426a3ae,0.3,3.162277657417613,31.306548808434368,79821879,0.493173296783,10,https://hashdive.com/Analyze_User?user_address=0xa8b1fb0188ebe6e394673bfaa5b282600426a3ae
0x48aedf6fb6f87ad367900a4c8e7912f4e4318032,0.725,5.423238453521952,31.301917492788434,79821879,74.92907000000004,40,https://hashdive.com/Analyze_User?user_address=0x48aedf6fb6f87ad367900a4c8e7912f4e4318032
0x81c636004876f0ee2256719c821482d710efb526,0.7647058823529411,3.3496673906177796,31.301790960461233,79821879,883.6564253150051,17,https://hashdive.com/Analyze_User?user_address=0x81c636004876f0ee2256719c821482d710efb526
0xf37d8bb69806b6330130eef6385744da1cb49c53,0.09090909090909091,3.160778536589283,31.2917075122339,79830877,234.35323227533306,11,https://hashdive.com/Analyze_User?user_address=0xf37d8bb69806b6330130eef6385744da1cb49c53
0xa1482e36ef197e1bf8a0353e675a22cb9798e934,0.15,3.158224783851147,31.26642536012635,79821879,1580.1442104301368,20,https://hashdive.com/Analyze_User?user_address=0xa1482e36ef197e1bf8a0353e675a22cb9798e934
0xef59434cded3bac670e50192eda22846e03a4d8d,0.6428571428571429,3.1582135713969377,31.26631435682968,79821879,1152.6136545878721,14,https://hashdive.com/Analyze_User?user_address=0xef59434cded3bac670e50192eda22846e03a4d8d
0xa6ea6db3f8e29da85c5ea9ba8fadd95c534039b7,0.1,3.1569905646620193,31.25420659015399,79821879,0.424359,10,https://hashdive.com/Analyze_User?user_address=0xa6ea6db3f8e29da85c5ea9ba8fadd95c534039b7
0x62a770e6e3993fb1ad109ef60a37962ccb25a60a,0.045454545454545456,3.156213773610813,31.24651635874705,79821879,203.2683314577,22,https://hashdive.com/Analyze_User?user_address=0x62a770e6e3993fb1ad109ef60a37962ccb25a60a
0xa5da7dab6534d884a3463279606e0441205fb0d3,0.45454545454545453,3.2448811216933438,31.22651786286259,79821879,12.479613,11,https://hashdive.com/Analyze_User?user_address=0xa5da7dab6534d884a3463279606e0441205fb0d3
0x834ea21b0b55e1fa3804e2aaf5c15fe0b5648015,0.46772428884026257,10.0,31.212452735883474,79821879,113819.41760247367,1828,https://hashdive.com/Analyze_User?user_address=0x834ea21b0b55e1fa3804e2aaf5c15fe0b5648015
0xd263c42fc9aaac37f8659acfafbfdf61cd540848,0.14814814814814814,3.152107033580362,31.205859632445584,79821879,592.4888060715591,27,https://hashdive.com/Analyze_User?user_address=0xd263c42fc9aaac37f8659acfafbfdf61cd540848
0x601150f31b8b9f947d13d8f4274fde741afb52d3,0.3,4.103882637673981,31.20565222724371,79821879,49.729523572181996,30,https://hashdive.com/Analyze_User?user_address=0x601150f31b8b9f947d13d8f4274fde741afb52d3
0x88556e32bf45d2e47adb99e4051392ba86580544,0.6363636363636364,6.64735656896021,31.20092777429186,79821879,2102.167018575875,55,https://hashdive.com/Analyze_User?user_address=0x88556e32bf45d2e47adb99e4051392ba86580544
0x1685d6fe85ff4c13c8b64b381be41b9bdbada369,0.05263157894736842,3.150455673541333,31.189511168059198,79821879,997.2474220218979,19,https://hashdive.com/Analyze_User?user_address=0x1685d6fe85ff4c13c8b64b381be41b9bdbada369
0xb1940dc99189c3ba0be5a887bf1102034c59146c,0.23076923076923078,3.147956726098464,31.164771588374794,79821879,48.60550107594099,13,https://hashdive.com/Analyze_User?user_address=0xb1940dc99189c3ba0be5a887bf1102034c59146c
0xe6b121e19c1c8ee3151fbe89a55729ab4cba0be3,0.14285714285714285,3.1479495490448137,31.164700535543655,79821879,49.32504147664,14,https://hashdive.com/Analyze_User?user_address=0xe6b121e19c1c8ee3151fbe89a55729ab4cba0be3
0x66b64985f12db6e7aff93345e32fb2dd2e2b1c3e,0.7678571428571429,6.992012603542078,31.139861389082945,79821879,2649.7157960333316,56,https://hashdive.com/Analyze_User?user_address=0x66b64985f12db6e7aff93345e32fb2dd2e2b1c3e
0x31630919fc8468b99a3e8bb3cc01e8fa325b3e04,0.5,3.382503616452751,31.13547806213754,79821879,56.664826911984,14,https://hashdive.com/Analyze_User?user_address=0x31630919fc8468b99a3e8bb3cc01e8fa325b3e04
0x43a1ccd6e3da9644aeeb7ee63eb865b48dc8e43f,0.15384615384615385,3.1448313404761823,31.133830270714206,79829078,773.405355589181,13,https://hashdive.com/Analyze_User?user_address=0x43a1ccd6e3da9644aeeb7ee63eb865b48dc8e43f
0x73555d762e548d9d19f02427e5f636dac650f274,0.13333333333333333,3.1440491139408544,31.126086228014458,79821879,1.19060346896,30,https://hashdive.com/Analyze_User?user_address=0x73555d762e548d9d19f02427e5f636dac650f274
0x56d87a2f5c5034c1ac38b69e1758fe500f8dd122,0.5454545454545454,3.143747225530968,31.12309753275658,79821879,182.167351,11,https://hashdive.com/Analyze_User?user_address=0x56d87a2f5c5034c1ac38b69e1758fe500f8dd122
0x8208a07885a5c2add41607698549fd3873f7fb88,0.5217391304347826,3.1432805696003236,31.118477639043203,79821879,786.610473,23,https://hashdive.com/Analyze_User?user_address=0x8208a07885a5c2add41607698549fd3873f7fb88
0xc36c38358d145e0460e9f67aa4a5d68e7c36dd37,0.5217391304347826,3.1432805696003236,31.118477639043203,79821879,784.5999999999999,23,https://hashdive.com/Analyze_User?user_address=0xc36c38358d145e0460e9f67aa4a5d68e7c36dd37
0x3c0771d4107561197033a4d09d949527ae08425f,0.05263157894736842,3.1409850486148643,31.095751981287158,79821879,141.412330047218,19,https://hashdive.com/Analyze_User?user_address=0x3c0771d4107561197033a4d09d949527ae08425f
0x6c4a766364947329218884443bd8704784e8b0eb,0.09090909090909091,3.1405368077865004,31.091314397086354,79825478,243.735523105529,11,https://hashdive.com/Analyze_User?user_address=0x6c4a766364947329218884443bd8704784e8b0eb
0x4e3b85ca14f6d2ec4c8b77d96a19fb8becf0a80a,0.22727272727272727,3.1398938400874137,31.084949016865394,79821879,1758.5870235386944,22,https://hashdive.com/Analyze_User?user_address=0x4e3b85ca14f6d2ec4c8b77d96a19fb8becf0a80a
0x9f6dddccd4d8226c36a78df462ae2926ddcb43ae,0.24691358024691357,3.138292836483895,31.069099081190558,79821879,288.65825995076807,81,https://hashdive.com/Analyze_User?user_address=0x9f6dddccd4d8226c36a78df462ae2926ddcb43ae
0x07d87eac261cf0d01c2816f942192207786cde4b,0.45714285714285713,5.422558308556815,31.030293879477032,79821879,0.24029375627300004,35,https://hashdive.com/Analyze_User?user_address=0x07d87eac261cf0d01c2816f942192207786cde4b
0x023b0e4e83ddc4a77115da761b655b3f0569193e,0.6190476190476191,3.7174501557293187,31.018074159992466,79821879,217.80028402220697,21,https://hashdive.com/Analyze_User?user_address=0x023b0e4e83ddc4a77115da761b655b3f0569193e
0xa18a61ea190cdd458ccdea6241aa60f2492319cf,0.2857142857142857,3.5937342414655804,31.01525132540631,79821879,319.3223943222951,14,https://hashdive.com/Analyze_User?user_address=0xa18a61ea190cdd458ccdea6241aa60f2492319cf
0x571b71acd5266500fd72121e9e287ac82f4c59a1,0.35294117647058826,3.1323685534031767,31.01044867869145,79821879,4550.330088010057,17,https://hashdive.com/Analyze_User?user_address=0x571b71acd5266500fd72121e9e287ac82f4c59a1
0xc70166da80e27be290feb40e36371eeb36edc044,0.44680851063829785,6.595019833883393,31.005223566618906,79821879,24.493015910984997,47,https://hashdive.com/Analyze_User?user_address=0xc70166da80e27be290feb40e36371eeb36edc044
0x2c4d6f6da6831523251038a519d73731cdb3d461,0.3,3.160881868418936,30.998589633439956,79821879,0.09904511362,10,https://hashdive.com/Analyze_User?user_address=0x2c4d6f6da6831523251038a519d73731cdb3d461
0x0e7d5a867a650ceeb43da834eaec668d1c3d9a53,0.44285714285714284,7.135069786247351,30.98320182010906,79821879,93.964666007627,70,https://hashdive.com/Analyze_User?user_address=0x0e7d5a867a650ceeb43da834eaec668d1c3d9a53
0xa31bdf38fde5bc8da7bff11e8b075bfdf1942003,0.5,3.1274980758307485,30.962230950724408,79821879,149.65619399999997,14,https://hashdive.com/Analyze_User?user_address=0xa31bdf38fde5bc8da7bff11e8b075bfdf1942003
0x4fcbc243e3e7aa64e6d8c5e45b87f0bff9c19a18,0.0625,3.126182081400934,30.949202605869246,79821879,54.16272022938,16,https://hashdive.com/Analyze_User?user_address=0x4fcbc243e3e7aa64e6d8c5e45b87f0bff9c19a18
0x755858554fdf9e067a79e8eebc38e3d0b2fe2d70,0.1518987341772152,3.860667853878275,30.930685335724064,79821879,22281.957888477962,79,https://hashdive.com/Analyze_User?user_address=0x755858554fdf9e067a79e8eebc38e3d0b2fe2d70
0xb8348d62e4da46deae557af7e6abfb38e65a7202,0.3076923076923077,3.1235051390884347,30.9227008769755,79821879,49.321865391438,13,https://hashdive.com/Analyze_User?user_address=0xb8348d62e4da46deae557af7e6abfb38e65a7202
0xc0d0aa3baf60f4c585ddf37b3015d6a3f05f2737,0.6521739130434783,4.180053607288931,30.904804435826453,79821879,0.22916248256799998,23,https://hashdive.com/Analyze_User?user_address=0xc0d0aa3baf60f4c585ddf37b3015d6a3f05f2737
0xd9c8a8f604f9c12afc3d69a01b0e5a860cb3c658,0.5714285714285714,3.121261677844105,30.900490610656636,79821879,253.36226720537198,14,https://hashdive.com/Analyze_User?user_address=0xd9c8a8f604f9c12afc3d69a01b0e5a860cb3c658
0xdb928e041e775dcd63a8dd609443c212e25a8f58,0.3695652173913043,4.648837473578244,30.885550462143136,79821879,518.2354119512999,46,https://hashdive.com/Analyze_User?user_address=0xdb928e041e775dcd63a8dd609443c212e25a8f58
0x383f87c91932e637924238eca690cf04f92a651e,0.09090909090909091,3.1179306719906226,30.867513652707164,79821879,47.50852997658001,11,https://hashdive.com/Analyze_User?user_address=0x383f87c91932e637924238eca690cf04f92a651e
0x0760496e62f1dcd1273017519e44808421557466,0.45098039215686275,4.839897765941954,30.824383314605544,79821879,88.03157542645698,51,https://hashdive.com/Analyze_User?user_address=0x0760496e62f1dcd1273017519e44808421557466
0xfdbfebb42136ab3e86db494648e64baa0e59c3aa,0.7619047619047619,4.476005701180712,30.80158419607571,79821879,7810.414747375,63,https://hashdive.com/Analyze_User?user_address=0xfdbfebb42136ab3e86db494648e64baa0e59c3aa
0x1b8f8e7e6cd9b9922621dd6bc9fcaebebd15b3fe,0.7407407407407407,5.195985071059804,30.79285968564008,79821879,753.3525751103709,27,https://hashdive.com/Analyze_User?user_address=0x1b8f8e7e6cd9b9922621dd6bc9fcaebebd15b3fe
0xfa9602eea5c70cb477b4f4e4f0d16792e2af018d,0.036585365853658534,10.0,30.75243007661259,79821879,179.540642923527,328,https://hashdive.com/Analyze_User?user_address=0xfa9602eea5c70cb477b4f4e4f0d16792e2af018d
0x8f5cc2be83be8b3c37cf297aa7b649408f592c78,0.17073170731707318,6.211069819415013,30.749339232137917,79821879,0.2237602444649999,41,https://hashdive.com/Analyze_User?user_address=0x8f5cc2be83be8b3c37cf297aa7b649408f592c78
0x38a3012e9a397ee5c2096007d78c388037cfe3ad,0.3076923076923077,3.105622771359524,30.74566543645929,79821879,533.624387823766,13,https://hashdive.com/Analyze_User?user_address=0x38a3012e9a397ee5c2096007d78c388037cfe3ad
0xfc65fc16afdee2cd662032fe009d165bc08ce624,0.24336283185840707,6.493806351327668,30.736533926048416,79821879,241.69298150397663,226,https://hashdive.com/Analyze_User?user_address=0xfc65fc16afdee2cd662032fe009d165bc08ce624
0xd339687dec72c50844db2c077b34af263cf1d35d,0.38461538461538464,3.104376311928238,30.73332548808956,79821879,42.462034378449,13,https://hashdive.com/Analyze_User?user_address=0xd339687dec72c50844db2c077b34af263cf1d35d
0x9190745accc95bd0ee56d23665a04d480cdf7cd9,0.20930232558139536,4.476759657125132,30.733247596268477,79821879,325.16368386293294,43,https://hashdive.com/Analyze_User?user_address=0x9190745accc95bd0ee56d23665a04d480cdf7cd9
0xe700c328241308094cb87f4734b917e1b1547005,0.5686274509803921,4.9178138945245085,30.731332969769866,79821879,79426.7801508964,51,https://hashdive.com/Analyze_User?user_address=0xe700c328241308094cb87f4734b917e1b1547005
0x35e5f7051697cc8797f08b494e26ae4d3b2748d3,0.3333333333333333,3.1035847027166445,30.72548855689478,79821879,29.844716780612004,12,https://hashdive.com/Analyze_User?user_address=0x35e5f7051697cc8797f08b494e26ae4d3b2748d3
0x248fa876bff3a8df0444f942df11f040ccdf8876,0.9084745762711864,10.0,30.717620125289393,79821879,964.9672219388544,295,https://hashdive.com/Analyze_User?user_address=0x248fa876bff3a8df0444f942df11f040ccdf8876
0x315edaeb37e7256e9090dfb9fca2c4b8e1718ffd,0.08333333333333333,3.1025681164462955,30.715424352818324,79825478,242.797538403456,12,https://hashdive.com/Analyze_User?user_address=0x315edaeb37e7256e9090dfb9fca2c4b8e1718ffd
0x58ad77a79b1daad2cc44f7717bd38103c24d1b62,0.15384615384615385,3.1015541574508743,30.705386158763655,79821879,3108.2221494523765,13,https://hashdive.com/Analyze_User?user_address=0x58ad77a79b1daad2cc44f7717bd38103c24d1b62
0x53b0dfe12410ae299cf7e95695245eb5b41fa2b0,0.75,5.257188914571455,30.704107420407425,79821879,752.01297124,28,https://hashdive.com/Analyze_User?user_address=0x53b0dfe12410ae299cf7e95695245eb5b41fa2b0
0xe7c11a23c6ca160598a77c03658649e792182c3c,0.3333333333333333,3.338768205204142,30.703389454015518,79821879,14.162648,12,https://hashdive.com/Analyze_User?user_address=0xe7c11a23c6ca160598a77c03658649e792182c3c
0xbf3bfe602f2549fb6e3554f8c6f5b24323defe81,0.07142857142857142,3.100216470456026,30.69214305751466,79821879,40.795762802309994,14,https://hashdive.com/Analyze_User?user_address=0xbf3bfe602f2549fb6e3554f8c6f5b24323defe81
0xf3fa288dfd361666f1c9989f0209221fed3550e8,0.6875,6.729455166349586,30.68677273975398,79821879,1962.974811,48,https://hashdive.com/Analyze_User?user_address=0xf3fa288dfd361666f1c9989f0209221fed3550e8
0x834231766725b7a6df16d4e9dee0051301653200,0.4375,3.7431691024352283,30.675335599582347,79821879,286.430846637416,32,https://hashdive.com/Analyze_User?user_address=0x834231766725b7a6df16d4e9dee0051301653200
0x0cc36dce0a7825ab5f589e1a73309880b15fedf0,0.5806451612903226,3.3188939637295927,30.646367977672035,79827278,6968.697909036698,31,https://hashdive.com/Analyze_User?user_address=0x0cc36dce0a7825ab5f589e1a73309880b15fedf0
0x4c08503730f1e49ada66264974e2d9f58bc01e14,0.125,3.200551117395071,30.64603416755409,79821879,19.925880261475005,16,https://hashdive.com/Analyze_User?user_address=0x4c08503730f1e49ada66264974e2d9f58bc01e14
0x75680c451c925515445d6310ffbc67782728c8fd,0.09090909090909091,3.095415881530361,30.644617227150576,79829078,239.22067411703097,11,https://hashdive.com/Analyze_User?user_address=0x75680c451c925515445d6310ffbc67782728c8fd
0xc55cb5a202d2b364d036bbeb7528df272c7d1170,0.13333333333333333,3.095289283494172,30.643363906592302,79821879,55.501714956738,15,https://hashdive.com/Analyze_User?user_address=0xc55cb5a202d2b364d036bbeb7528df272c7d1170
0x930c44f39bcbf89429c7de6491930b9f8444a5a5,0.09090909090909091,3.0917564394771464,30.60838875082375,79829078,213.620741950934,11,https://hashdive.com/Analyze_User?user_address=0x930c44f39bcbf89429c7de6491930b9f8444a5a5
0x12ad536b10f35ddc5dea97706959ceff339b855f,0.48,6.5542334457647335,30.577749753523268,79823676,27.165942374510998,50,https://hashdive.com/Analyze_User?user_address=0x12ad536b10f35ddc5dea97706959ceff339b855f
0x73ff20b1b59f8b32e717b69387d7db2c16177014,0.03562735118389024,10.0,30.572146496683764,79821879,6115.3539571266965,9038,https://hashdive.com/Analyze_User?user_address=0x73ff20b1b59f8b32e717b69387d7db2c16177014
0x7b80a0672cc34dcbfbbd8c2d82c44e6a9fcaad2d,0.5063291139240507,5.348965806798163,30.559962323769817,79821879,164.14663740252806,79,https://hashdive.com/Analyze_User?user_address=0x7b80a0672cc34dcbfbbd8c2d82c44e6a9fcaad2d
0x9f4b897e75cc6de3ea741d5c0ace40d3f56df9bf,0.55,3.082797842674295,30.519698642475518,79821879,2062.732177067286,20,https://hashdive.com/Analyze_User?user_address=0x9f4b897e75cc6de3ea741d5c0ace40d3f56df9bf
0xa9719576c760f10b9c2d2016d950724d28ee7f15,0.23529411764705882,3.082725371010473,30.51898117300368,79821879,1266.860082881658,34,https://hashdive.com/Analyze_User?user_address=0xa9719576c760f10b9c2d2016d950724d28ee7f15
0xb033ed204ae3398920fc68c8cebaeaed17689e1b,0.6666666666666666,3.0815712885735826,30.507555756878467,79821879,716.2554055153569,15,https://hashdive.com/Analyze_User?user_address=0xb033ed204ae3398920fc68c8cebaeaed17689e1b
0x6984c84ee9be98981e750f82f421d1202277bfb1,0.41237113402061853,6.4993441428716805,30.5058498450525,79821879,121.10089334503701,97,https://hashdive.com/Analyze_User?user_address=0x6984c84ee9be98981e750f82f421d1202277bfb1
0x08a10fb1072c9a7ff2b5eae6ca11c66f39bbf795,1.0,4.472135954927258,30.505266879319564,79821879,13.642319,20,https://hashdive.com/Analyze_User?user_address=0x08a10fb1072c9a7ff2b5eae6ca11c66f39bbf795
0x544d2c6adb62a48ac0beb95972639553a661ae2f,0.1388888888888889,5.851448820179761,30.504785515489196,79821879,0.20381149261500003,36,https://hashdive.com/Analyze_User?user_address=0x544d2c6adb62a48ac0beb95972639553a661ae2f
0x29471e880af2d16b47f6a918cb9c60a5f153202a,0.3,3.080811930133899,30.5000381083256,79821879,131.303358,10,https://hashdive.com/Analyze_User?user_address=0x29471e880af2d16b47f6a918cb9c60a5f153202a
0xd1c95b8e0ff7a81ee83c107ef1108d6e54c7dd97,0.5009107468123861,10.0,30.498044173469996,79830877,293.60951367141024,549,https://hashdive.com/Analyze_User?user_address=0xd1c95b8e0ff7a81ee83c107ef1108d6e54c7dd97
0xcd64ddfcacf5d0145efb4138993ff4db79ca18ee,0.2988505747126437,4.209466824337344,30.494544921409226,79821879,29.353364833961958,87,https://hashdive.com/Analyze_User?user_address=0xcd64ddfcacf5d0145efb4138993ff4db79ca18ee
0x2a220cdaa7de5c2b94309509505bf308bb7be22f,0.45454545454545453,3.0798879130449985,30.490890339145484,79821879,141.142095273716,11,https://hashdive.com/Analyze_User?user_address=0x2a220cdaa7de5c2b94309509505bf308bb7be22f
0xd093ab2ad6df77851e3081bb64017486afa225f3,0.2,3.07979627574734,30.489983129898665,79830877,262.8396580109999,15,https://hashdive.com/Analyze_User?user_address=0xd093ab2ad6df77851e3081bb64017486afa225f3
0x66865a0269284c3ce8e74a2d9124a6cdb65bc63c,0.6385542168674698,8.454674589342972,30.479784107992145,79821879,194.21034742886303,83,https://hashdive.com/Analyze_User?user_address=0x66865a0269284c3ce8e74a2d9124a6cdb65bc63c
0x961bd2865a85bfa175ff378e2ff4e90065ddcd5f,0.3770491803278688,6.864448616332938,30.470967204196356,79821879,65.412170392561,61,https://hashdive.com/Analyze_User?user_address=0x961bd2865a85bfa175ff378e2ff4e90065ddcd5f
0x14c8e88496366ee10b33400f7dbae86f56b461f5,0.4166666666666667,3.0778015963706986,30.470235804069915,79821879,2134.53832355109,12,https://hashdive.com/Analyze_User?user_address=0x14c8e88496366ee10b33400f7dbae86f56b461f5
0x9524e6caca4da8aa811b57564a0a5a6d9fc286cf,0.6061776061776062,7.640761318599195,30.468690224378015,79829078,180397.91552364142,259,https://hashdive.com/Analyze_User?user_address=0x9524e6caca4da8aa811b57564a0a5a6d9fc286cf
0xd76626da7f8120aacfa3e3f6cc11ba1e2fe272a6,0.5714285714285714,4.921278406771537,30.444658664680976,79821879,20.669499882536,28,https://hashdive.com/Analyze_User?user_address=0xd76626da7f8120aacfa3e3f6cc11ba1e2fe272a6
0xb95d2304a58b1bbd18367ed6449ea0294a8fd0fe,0.5,3.073930530762887,30.43191225455258,79821879,470.948016585862,12,https://hashdive.com/Analyze_User?user_address=0xb95d2304a58b1bbd18367ed6449ea0294a8fd0fe
0xc5b831fe82bb33bd74640ddd91bb3c07a6d4597b,0.7358490566037735,7.115519264227779,30.42267506795966,79821879,2276.724138,53,https://hashdive.com/Analyze_User?user_address=0xc5b831fe82bb33bd74640ddd91bb3c07a6d4597b
0xe945221d4ac3269a5724d3db365d17b4b8035604,0.3181818181818182,3.938476489008589,30.41080466193545,79821879,28.4712,22,https://hashdive.com/Analyze_User?user_address=0xe945221d4ac3269a5724d3db365d17b4b8035604
0x2650ae33dce8f90466219d631947b5fe202e92c3,0.375,3.403571649347196,30.383720464572832,79821879,324.79526041220697,16,https://hashdive.com/Analyze_User?user_address=0x2650ae33dce8f90466219d631947b5fe202e92c3
0x9230fe9e2571c15ac5db149584d27c340eb622a2,0.6888888888888889,4.745373779286228,30.382587046836154,79821879,4964.415000000001,45,https://hashdive.com/Analyze_User?user_address=0x9230fe9e2571c15ac5db149584d27c340eb622a2
0x9dc4e53fc819f533432b904d5c3dde3b56760ac2,0.05467625899280575,10.0,30.37724430230227,79821879,203.97141283213395,695,https://hashdive.com/Analyze_User?user_address=0x9dc4e53fc819f533432b904d5c3dde3b56760ac2
0x6f62410c031ece813c1410181b95b2154cc838fc,0.7619047619047619,7.266989089799368,30.37116062372168,79821879,29410.982871626897,168,https://hashdive.com/Analyze_User?user_address=0x6f62410c031ece813c1410181b95b2154cc838fc
0xa2b0fedebe848639c321dfa219894fc366567160,0.5517241379310345,3.951529668744657,30.35399830926203,79821879,13810.175159504684,29,https://hashdive.com/Analyze_User?user_address=0xa2b0fedebe848639c321dfa219894fc366567160
0x71e5fba32f6b56c5afa95d8739d3396b602750a4,0.22580645161290322,3.335493519047322,30.350727441619895,79821879,36707.24534675907,62,https://hashdive.com/Analyze_User?user_address=0x71e5fba32f6b56c5afa95d8739d3396b602750a4
0xaf1aa94eb0781e769191adac870caac8e3c01988,0.4166666666666667,3.0629651985997035,30.323355466137066,79821879,1619.8134716201762,24,https://hashdive.com/Analyze_User?user_address=0xaf1aa94eb0781e769191adac870caac8e3c01988
0x78ec920f3ea178e25bfeb92dcfd856c4e97f2d07,0.5538461538461539,8.187959192316738,30.31049070972326,79821879,2187.9758318632234,260,https://hashdive.com/Analyze_User?user_address=0x78ec920f3ea178e25bfeb92dcfd856c4e97f2d07
0xcff7d599a09607325fb5573f36d8716dfa8a866a,0.8108108108108109,6.781027851411542,30.300559208975507,79821879,8502.216484999999,74,https://hashdive.com/Analyze_User?user_address=0xcff7d599a09607325fb5573f36d8716dfa8a866a
0x21232eeba7cfa6baf16d16e61c609dfaa5651a14,0.9166666666666666,3.3963540395123957,30.2918062983538,79821879,82.5,12,https://hashdive.com/Analyze_User?user_address=0x21232eeba7cfa6baf16d16e61c609dfaa5651a14
0xa740af75d5990a502086b28b538d318c7bb9adf9,0.13043478260869565,4.706795515181755,30.27757858992823,79821879,0.15437223961399996,23,https://hashdive.com/Analyze_User?user_address=0xa740af75d5990a502086b28b538d318c7bb9adf9
0xa95668e71697f2616ac2dfbdeed4fdebc9ca632d,0.04,4.422001855612619,30.27361849972275,79821879,47.34679708336901,25,https://hashdive.com/Analyze_User?user_address=0xa95668e71697f2616ac2dfbdeed4fdebc9ca632d
0x3f5047f9a05f6d0b5526ce6775584b54eafeea75,0.07142857142857142,3.056858739102488,30.262901517114635,79829078,232.41198026635502,14,https://hashdive.com/Analyze_User?user_address=0x3f5047f9a05f6d0b5526ce6775584b54eafeea75
0x06ee21907a57e28463de82c43b143e1e176519f6,0.5,3.056390737568039,30.258268301923586,79821879,1369.9411374681,12,https://hashdive.com/Analyze_User?user_address=0x06ee21907a57e28463de82c43b143e1e176519f6
0x5bc78c78da94c43994e0d24ef2e5c0500485b206,1.0,3.0550504633038935,30.24499958670855,79821879,140.0,10,https://hashdive.com/Analyze_User?user_address=0x5bc78c78da94c43994e0d24ef2e5c0500485b206
0x933f90a86a9bed95d81c9feb19f6b0eeb0b9c68e,1.0,3.0550504633038935,30.24499958670855,79821879,140.0,10,https://hashdive.com/Analyze_User?user_address=0x933f90a86a9bed95d81c9feb19f6b0eeb0b9c68e
0xcf3876e2c59390722d9cd8f8ae8a770c00de1231,1.0,3.0550504633038935,30.24499958670855,79821879,140.0,10,https://hashdive.com/Analyze_User?user_address=0xcf3876e2c59390722d9cd8f8ae8a770c00de1231
0x6fb8d0e3f068856233142a0dd6ee27d4edb63a41,0.09090909090909091,3.054182829758496,30.23641001460911,79829078,256.523058760303,11,https://hashdive.com/Analyze_User?user_address=0x6fb8d0e3f068856233142a0dd6ee27d4edb63a41
0xb8569aa841a01bc77c450911627c9635186824e3,0.7,3.050852299879889,30.203437768810897,79821879,12.093213939884999,10,https://hashdive.com/Analyze_User?user_address=0xb8569aa841a01bc77c450911627c9635186824e3
0xe8f8f090f1e8498f0fa8a80dc74846cc8355b900,0.2,3.0508506309977337,30.203421246877564,79821879,10.995640102245996,10,https://hashdive.com/Analyze_User?user_address=0xe8f8f090f1e8498f0fa8a80dc74846cc8355b900
0x26a6388ba24fa797c44769a1755b37175b563b25,0.3142857142857143,4.124625137655072,30.185548953657374,79821879,514.8788375974299,35,https://hashdive.com/Analyze_User?user_address=0x26a6388ba24fa797c44769a1755b37175b563b25
0x9db29743b1aea9cb6ac7fe01cdb995d313da91be,0.02857142857142857,3.0467973786822324,30.1632940489541,79821879,3.1570000000000005,35,https://hashdive.com/Analyze_User?user_address=0x9db29743b1aea9cb6ac7fe01cdb995d313da91be
0x17d247eef701fd2b1ff2d686cba8c89a9e6e94b6,0.1,3.0464300439242247,30.159657434849827,79821879,70.972623425717,10,https://hashdive.com/Analyze_User?user_address=0x17d247eef701fd2b1ff2d686cba8c89a9e6e94b6
0x3a727c8e4678bd1528290f3c18622a8bb2cec2a0,0.4523809523809524,5.672945743686752,30.13506981437473,79821879,554.009353172032,42,https://hashdive.com/Analyze_User?user_address=0x3a727c8e4678bd1528290f3c18622a8bb2cec2a0
0x6fff2e655b4e0026d83b2b55c489154b56363c74,0.8181818181818182,3.0433073790027896,30.128743052127618,79821879,57.214671390000994,11,https://hashdive.com/Analyze_User?user_address=0x6fff2e655b4e0026d83b2b55c489154b56363c74
0x82e53bcf69d3a3113bd7b33c0a94b602150a6315,0.7142857142857143,3.0426025765844424,30.12176550818598,79821879,564.358853685495,21,https://hashdive.com/Analyze_User?user_address=0x82e53bcf69d3a3113bd7b33c0a94b602150a6315
0xf3091943bf5cafc7aea6827f30686d73cc78b77a,0.5,3.0417309461742335,30.11313636712491,79821879,89.61682599999999,10,https://hashdive.com/Analyze_User?user_address=0xf3091943bf5cafc7aea6827f30686d73cc78b77a
0xe4f2ee892dfbfd54a77d9c9c8b797cda76900063,1.0,3.040026026493563,30.096257662286273,79821879,145.0,10,https://hashdive.com/Analyze_User?user_address=0xe4f2ee892dfbfd54a77d9c9c8b797cda76900063
0x8de5f8fce6ca2192cf8e2925dfa7e40aab599350,1.0,3.040026026493563,30.096257662286273,79821879,145.0,10,https://hashdive.com/Analyze_User?user_address=0x8de5f8fce6ca2192cf8e2925dfa7e40aab599350
0x1ae149e0a1850316b97056be4b92cc1378b46d1b,0.75,3.344666286185136,30.090159281768848,79821879,101.49784489024799,12,https://hashdive.com/Analyze_User?user_address=0x1ae149e0a1850316b97056be4b92cc1378b46d1b
0x988252d0215489dfcb31d58a77533c0eb9d9c4cc,0.47058823529411764,3.586695333588795,30.08956566937934,79821879,1387.250573788936,17,https://hashdive.com/Analyze_User?user_address=0x988252d0215489dfcb31d58a77533c0eb9d9c4cc
0xcd1f50e85f66608cc689767ba5be742c77542130,0.4,3.03869101575602,30.0830410559846,79821879,174.04426496444302,15,https://hashdive.com/Analyze_User?user_address=0xcd1f50e85f66608cc689767ba5be742c77542130
0xe7846b21b22db06379a4d1c35d974333c09f5ae3,0.08333333333333333,3.037639290889698,30.072628979808012,79829078,71.863731813878,12,https://hashdive.com/Analyze_User?user_address=0xe7846b21b22db06379a4d1c35d974333c09f5ae3
0xe9b42acb8cf9b3ce94d70c7400acabcbb942f03a,0.0063166932417515025,10.0,30.050550545921098,79830877,463.3367455150069,16306,https://hashdive.com/Analyze_User?user_address=0xe9b42acb8cf9b3ce94d70c7400acabcbb942f03a
0xdea1474e67958e48b3ad595a6ea644ca1ac0742f,0.0625,3.455196254093628,30.031900925617762,79821879,93.00125410197002,16,https://hashdive.com/Analyze_User?user_address=0xdea1474e67958e48b3ad595a6ea644ca1ac0742f
0xc613e6707bd115e5c04d303d944568232697662b,0.5243423635649784,10.0,30.031242251889893,79830877,27535.86440286812,10188,https://hashdive.com/Analyze_User?user_address=0xc613e6707bd115e5c04d303d944568232697662b
0x7dc0bc02b4ac097e2c8f28b6b523c1f91167ece8,0.09090909090909091,3.0323981396759803,30.020741582792205,79829078,112.11607137758003,11,https://hashdive.com/Analyze_User?user_address=0x7dc0bc02b4ac097e2c8f28b6b523c1f91167ece8
0xee17c836395cd73cac34f96da0684993d298e388,0.6363636363636364,3.0322855545792335,30.019626990334412,79821879,37.155188,11,https://hashdive.com/Analyze_User?user_address=0xee17c836395cd73cac34f96da0684993d298e388
0x10095229ab3b9de0be2947836d886b1abb34d623,0.25,4.545891293870949,30.00526256169966,79821879,18.447051799687994,24,https://hashdive.com/Analyze_User?user_address=0x10095229ab3b9de0be2947836d886b1abb34d623
0xbce512ee8f522c48b5f567025501a886d5fe21c8,0.37037037037037035,3.029133875156071,29.988425364045103,79821879,5923.699335528424,27,https://hashdive.com/Analyze_User?user_address=0xbce512ee8f522c48b5f567025501a886d5fe21c8
0x220606ab6d80eaa482a65cc2cf2e21d01bfc362f,0.5227272727272727,3.099668827143181,29.963044485298767,79821879,1092.3155519999996,44,https://hashdive.com/Analyze_User?user_address=0x220606ab6d80eaa482a65cc2cf2e21d01bfc362f
0xd55edf8d65f8bf51ad229c85f690599583240bf6,0.7647058823529411,7.082309042864673,29.94672083429462,79821879,2318.0,51,https://hashdive.com/Analyze_User?user_address=0xd55edf8d65f8bf51ad229c85f690599583240bf6
0x72cad979d3b0bd4cd6e57f14594bb684e184b4d9,0.5,3.1622776555355023,29.941001101566535,79821879,0.09467312208999998,10,https://hashdive.com/Analyze_User?user_address=0x72cad979d3b0bd4cd6e57f14594bb684e184b4d9
0x362ca5ba9f54706d4c600afde4eb8fc00f6fd3a2,0.9,3.0227511998572063,29.925236878586343,79821879,5176.473991,10,https://hashdive.com/Analyze_User?user_address=0x362ca5ba9f54706d4c600afde4eb8fc00f6fd3a2
0xbd59dae5ff60d9317d03b2c3df59c126bb220a77,0.4,3.0222625375594268,29.920399121838326,79821879,2101.1058240559087,15,https://hashdive.com/Analyze_User?user_address=0xbd59dae5ff60d9317d03b2c3df59c126bb220a77
0x851b07292f29a6e9b380a80be6787e204bf65e49,0.4230769230769231,3.021617465904139,29.914012912450975,79821879,873.2552276322501,52,https://hashdive.com/Analyze_User?user_address=0x851b07292f29a6e9b380a80be6787e204bf65e49
0x57fee3be824b2ad1ae1302c13bf130b675643bee,0.25,3.0213788348965744,29.911650465476086,79821879,361.21179,12,https://hashdive.com/Analyze_User?user_address=0x57fee3be824b2ad1ae1302c13bf130b675643bee
0x27256750d430d78f1790efd121706991f57f7cbc,0.35714285714285715,3.020554127847767,29.903485865692893,79821879,333.58741664582,14,https://hashdive.com/Analyze_User?user_address=0x27256750d430d78f1790efd121706991f57f7cbc
0x6fbd1378117c4341b1d49fa4c0ae7ec15d857e6f,0.16666666666666666,3.0194217395220133,29.89227522126793,79821879,102.078075676585,12,https://hashdive.com/Analyze_User?user_address=0x6fbd1378117c4341b1d49fa4c0ae7ec15d857e6f
0x649742252202fad2d22b38fd1be00f94e6d8922e,0.6666666666666666,3.018548155620317,29.883626740641137,79821879,493.400626679924,15,https://hashdive.com/Analyze_User?user_address=0x649742252202fad2d22b38fd1be00f94e6d8922e
0x23d2010aabbd71de2dc14a60aae4e453759cfbdc,0.08333333333333333,3.016491919763697,29.8632700056606,79829078,89.92538889246401,12,https://hashdive.com/Analyze_User?user_address=0x23d2010aabbd71de2dc14a60aae4e453759cfbdc
0xe91f11c9b5a26c2461e4c54bf30651df7e90595e,0.23076923076923078,3.178344623716191,29.846725794830085,79821879,20.049010393156003,13,https://hashdive.com/Analyze_User?user_address=0xe91f11c9b5a26c2461e4c54bf30651df7e90595e
0xcd6ddfe9e47a5e1a2baae63e1c94e2b5a346cc94,0.625,3.014630906853434,29.844845977848994,79829078,204.026170978024,16,https://hashdive.com/Analyze_User?user_address=0xcd6ddfe9e47a5e1a2baae63e1c94e2b5a346cc94
0x933e7e10cb102f685fb363d3d297aa836417ea14,0.3333333333333333,3.6489215799968013,29.84077024024044,79821879,65.63540725759701,27,https://hashdive.com/Analyze_User?user_address=0x933e7e10cb102f685fb363d3d297aa836417ea14
0x3176faad2e36370c3e63dae0d7803b8cd39b3990,0.20689655172413793,3.010512140952942,29.80407019543413,79821879,3425.0032878088186,29,https://hashdive.com/Analyze_User?user_address=0x3176faad2e36370c3e63dae0d7803b8cd39b3990
0xe9f53b1d97a1d6257eb3ecfa2970ced43b99cffc,0.47058823529411764,3.0101647548480983,29.800631072996172,79821879,107.92342858788699,17,https://hashdive.com/Analyze_User?user_address=0xe9f53b1d97a1d6257eb3ecfa2970ced43b99cffc
0x0a854897a06d4999e5b2dde5693609f1428ffe9d,0.2833333333333333,3.0101285717039374,29.80027285986898,79821879,365075.9238008576,60,https://hashdive.com/Analyze_User?user_address=0x0a854897a06d4999e5b2dde5693609f1428ffe9d
0xf301e0475240f644b72793d3ba3653fb1f484ce1,0.375,4.365340913440136,29.789339190368864,79823676,30063.25054557649,112,https://hashdive.com/Analyze_User?user_address=0xf301e0475240f644b72793d3ba3653fb1f484ce1
0xf2fad63eba8d81c1941978cd92dfc88295318135,0.3783783783783784,4.2419414166919385,29.785029930954998,79821879,3342.4050364062173,37,https://hashdive.com/Analyze_User?user_address=0xf2fad63eba8d81c1941978cd92dfc88295318135
0x93685397268fee22d435930d749da9fdacc2e5d3,0.38,5.702196779488544,29.771989021548386,79821879,63.937877078163005,50,https://hashdive.com/Analyze_User?user_address=0x93685397268fee22d435930d749da9fdacc2e5d3
0x8a3f0e9d9860b29dccc2ca647a28af8bcc9b2e5a,0.058823529411764705,3.006872735013837,29.768040076636986,79821879,223.041508003609,17,https://hashdive.com/Analyze_User?user_address=0x8a3f0e9d9860b29dccc2ca647a28af8bcc9b2e5a
0x3d30114a2ec89809dca51693dc44defb380e2551,0.5172413793103449,3.0057569415038596,29.75699372088821,79821879,261.74810639382,29,https://hashdive.com/Analyze_User?user_address=0x3d30114a2ec89809dca51693dc44defb380e2551
0x0cc953b43a61a51678a04114d76d8524d9d5ad2c,0.35,3.0054064055290715,29.753523414737806,79821879,2993.487822936416,20,https://hashdive.com/Analyze_User?user_address=0x0cc953b43a61a51678a04114d76d8524d9d5ad2c
0x12e08f89efd6dd801b0dfd84e8a168b5e34649a1,0.18518518518518517,4.96400316417201,29.748822545774626,79821879,0.1857664833859999,27,https://hashdive.com/Analyze_User?user_address=0x12e08f89efd6dd801b0dfd84e8a168b5e34649a1
0xb3cdf797870e44648ee4944b2e19cf4b468cc1ee,0.42857142857142855,5.1094214167313154,29.734392988272557,79821879,173.95601547437394,63,https://hashdive.com/Analyze_User?user_address=0xb3cdf797870e44648ee4944b2e19cf4b468cc1ee
0xecdfaca7662a124f40818e553688aa3787351214,0.09090909090909091,3.0028706603130746,29.728419537099438,79829078,250.228248853325,11,https://hashdive.com/Analyze_User?user_address=0xecdfaca7662a124f40818e553688aa3787351214
0xc9553b00146b189bbf486ab2341e97b8fe8a284d,0.6666666666666666,3.0014633164551587,29.714486832906072,79821879,18.056367821280997,15,https://hashdive.com/Analyze_User?user_address=0xc9553b00146b189bbf486ab2341e97b8fe8a284d
0x3243365bd75aa80f36ba3c12b24287779336b648,0.4838709677419355,4.60178113459539,29.714390231732377,79821879,38.742659779035,31,https://hashdive.com/Analyze_User?user_address=0x3243365bd75aa80f36ba3c12b24287779336b648
0xe87f5a91b995287bc014ca5ee48ea3cfa77cd05a,0.4444444444444444,2.9999999999913296,29.699999999914162,79821879,103.329459591734,9,https://hashdive.com/Analyze_User?user_address=0xe87f5a91b995287bc014ca5ee48ea3cfa77cd05a
0x6e96e56c720cbb2a4a3a078a6e9e0dc05051b69a,0.1111111111111111,2.9999999996987277,29.699999997017407,79821879,17.000099049218,9,https://hashdive.com/Analyze_User?user_address=0x6e96e56c720cbb2a4a3a078a6e9e0dc05051b69a
0x538e35fcce01bfc640ef8477bf9822d67c59c1d8,0.1111111111111111,2.9999999991364428,29.69999999145078,79821879,16.794958,9,https://hashdive.com/Analyze_User?user_address=0x538e35fcce01bfc640ef8477bf9822d67c59c1d8
0x94694a34ca5b169e91269a6f3d45352547ef8891,0.09090909090909091,2.999984147433501,29.699843059591657,79821879,40.500241248925995,11,https://hashdive.com/Analyze_User?user_address=0x94694a34ca5b169e91269a6f3d45352547ef8891
0xd80257ea45c57d3a0dc5b008b0a439f4b490b4a2,0.29545454545454547,5.598349128489756,29.686819437747577,79821879,32.98980744924,44,https://hashdive.com/Analyze_User?user_address=0xd80257ea45c57d3a0dc5b008b0a439f4b490b4a2
0xfae330732d990ff4f670958d17ce3936853c5228,0.8759811616954474,10.0,29.6348958554167,79830877,7761.610561991582,637,https://hashdive.com/Analyze_User?user_address=0xfae330732d990ff4f670958d17ce3936853c5228
0x02e2b69d297711661234dfa12b58dd001ee69655,0.2631578947368421,3.6740743121691786,29.628940072316393,79821879,108.56656263263496,19,https://hashdive.com/Analyze_User?user_address=0x02e2b69d297711661234dfa12b58dd001ee69655
0x18b2d3cf885a9d894c75a2eaed068b055cab1531,0.15384615384615385,2.9907962723466173,29.60888309623151,79821879,538.063153,13,https://hashdive.com/Analyze_User?user_address=0x18b2d3cf885a9d894c75a2eaed068b055cab1531
0xb2e4567925b79231265adf5d54687ddfb761bc51,0.5483870967741935,4.831890053943305,29.601299866082567,79821879,167772.22463841824,31,https://hashdive.com/Analyze_User?user_address=0xb2e4567925b79231265adf5d54687ddfb761bc51
0x72ea5dad16a636c92af4e2335a7c0dae922e999d,0.0625,2.9887323264175203,29.588450031533448,79821879,150.12757770140402,16,https://hashdive.com/Analyze_User?user_address=0x72ea5dad16a636c92af4e2335a7c0dae922e999d
0xe907e229a93738879a4db78d379bd06da14bc114,0.47619047619047616,3.4581323371657757,29.58675958519452,79821879,6479.9632758923235,42,https://hashdive.com/Analyze_User?user_address=0xe907e229a93738879a4db78d379bd06da14bc114
0xa8584c3e9d07f38a8646f53d4ff094f9d5f2dfc1,0.7435897435897436,6.1080346581762885,29.583169509913745,79821879,881.0,39,https://hashdive.com/Analyze_User?user_address=0xa8584c3e9d07f38a8646f53d4ff094f9d5f2dfc1
0xbcd5fea2dcab846e71eea0ad3b09c863f0a3c970,0.1,2.9881619221113205,29.582803028902074,79830877,238.34536662508097,10,https://hashdive.com/Analyze_User?user_address=0xbcd5fea2dcab846e71eea0ad3b09c863f0a3c970
0x603951c48e941d49ee4a67054aa3994dce8903a0,0.3076923076923077,2.9872928783464054,29.574199495629415,79821879,1689.4496022427672,13,https://hashdive.com/Analyze_User?user_address=0x603951c48e941d49ee4a67054aa3994dce8903a0
0xddfdffd6b4526965adf138fe2faa1d8a4ce0372f,0.8987341772151899,6.565261092617161,29.572656879927983,79821879,118.04307185938696,79,https://hashdive.com/Analyze_User?user_address=0xddfdffd6b4526965adf138fe2faa1d8a4ce0372f
0x4db9ab921b0693d5d8d2c5c199cc150d4595b008,0.7272727272727273,2.9867721667548017,29.569044450872536,79830877,81.58809569409101,11,https://hashdive.com/Analyze_User?user_address=0x4db9ab921b0693d5d8d2c5c199cc150d4595b008
0x3f1e5a536f997afb02a4300727f33a1970ace41e,0.5151515151515151,3.4709145050528667,29.562443495119943,79821879,3250.9687410818647,33,https://hashdive.com/Analyze_User?user_address=0x3f1e5a536f997afb02a4300727f33a1970ace41e
0x4ad0cae15ed16d25fa4e4b3d8ff05cf35ab48473,0.11764705882352941,2.9858360965060986,29.559777355410375,79821879,67.844835644693,17,https://hashdive.com/Analyze_User?user_address=0x4ad0cae15ed16d25fa4e4b3d8ff05cf35ab48473
0x9442a15bd351fc7fe54cbe550f6e574a7ed7734a,0.36,7.903939903439376,29.5589026511064,79821879,507.2828438195726,100,https://hashdive.com/Analyze_User?user_address=0x9442a15bd351fc7fe54cbe550f6e574a7ed7734a
0x4f6083c1f034d76fc51f887d40d6ef44a05f92de,0.375,2.985402429405149,29.555484051110973,79821879,1197.524103643088,16,https://hashdive.com/Analyze_User?user_address=0x4f6083c1f034d76fc51f887d40d6ef44a05f92de
0x15ae545ffbefbcbefbdc22e5cd8d2363f1839b0d,0.2626427406199021,10.0,29.553876394754113,79821879,901.6212591889386,613,https://hashdive.com/Analyze_User?user_address=0x15ae545ffbefbcbefbdc22e5cd8d2363f1839b0d
0xacc49cd6ba6dc17120d552e5c5302011cbcfd451,0.5,2.9832836800051,29.53450843205049,79821879,125.862657359093,12,https://hashdive.com/Analyze_User?user_address=0xacc49cd6ba6dc17120d552e5c5302011cbcfd451
0x03735945084c4dfb99498cf2b81ff1211cdabe18,0.5,3.1521046669720296,29.52997132995143,79821879,53.399358727598994,12,https://hashdive.com/Analyze_User?user_address=0x03735945084c4dfb99498cf2b81ff1211cdabe18
0xa624f30ec917099303416ae5438cb4e74e144cf2,0.09090909090909091,2.9804232546500025,29.506190221035023,79821879,586.4633105842139,11,https://hashdive.com/Analyze_User?user_address=0xa624f30ec917099303416ae5438cb4e74e144cf2
0xa2becd1f2426ed8a4727fa5b1f2a523d5ba8feeb,0.09090909090909091,2.98038420841574,29.505803663315827,79825478,256.290631520898,11,https://hashdive.com/Analyze_User?user_address=0xa2becd1f2426ed8a4727fa5b1f2a523d5ba8feeb
0x222e66a99f7950be9cfc4c7b4ccd713f320f0d53,0.5227272727272727,4.693905138727748,29.492375118573406,79821879,4628.924277904574,44,https://hashdive.com/Analyze_User?user_address=0x222e66a99f7950be9cfc4c7b4ccd713f320f0d53
0x755a66c797a38ed1ca61bc38defd6e888af96da6,0.40404040404040403,10.0,29.49146968843681,79821879,133.1771000739981,198,https://hashdive.com/Analyze_User?user_address=0x755a66c797a38ed1ca61bc38defd6e888af96da6
0xe00fa5797781c4f04ea6c45a01f5d13c84a2b2f6,0.7142857142857143,3.2829211617729146,29.48162719948509,79821879,3916.4,14,https://hashdive.com/Analyze_User?user_address=0xe00fa5797781c4f04ea6c45a01f5d13c84a2b2f6
0x501dd794b79a206f8f3993a94526c98cc7484998,0.4857142857142857,6.7387850281236075,29.477555119206404,79821879,92.424141253224,70,https://hashdive.com/Analyze_User?user_address=0x501dd794b79a206f8f3993a94526c98cc7484998
0xfe8d1a2294a0dc6d38031b3292598eab3c29323a,0.1,2.975605204874591,29.45849152825845,79829078,235.89484389684898,10,https://hashdive.com/Analyze_User?user_address=0xfe8d1a2294a0dc6d38031b3292598eab3c29323a
0xecb0fab9eb110834ab2fe7a9579bbb570689ef4a,0.6666666666666666,3.803291715702923,29.45587429536979,79821879,488.8299999999999,18,https://hashdive.com/Analyze_User?user_address=0xecb0fab9eb110834ab2fe7a9579bbb570689ef4a
0xd470891778baa5f85f3777072a335d20420d32d3,0.4166666666666667,5.773693655801193,29.453981482889567,79821879,0.20399708574099992,36,https://hashdive.com/Analyze_User?user_address=0xd470891778baa5f85f3777072a335d20420d32d3
0x3dcd4cfc1e39c580c0ef844485193b53aebcad36,0.6153846153846154,2.9749185451861018,29.451693597342405,79821879,444.22277725420895,13,https://hashdive.com/Analyze_User?user_address=0x3dcd4cfc1e39c580c0ef844485193b53aebcad36
0x82bffda3a1492d2cf77f5bac27176a0e7f0b0939,0.4411764705882353,4.416170477839498,29.446639342691142,79821879,607.770383574813,34,https://hashdive.com/Analyze_User?user_address=0x82bffda3a1492d2cf77f5bac27176a0e7f0b0939
0xe58f5ef9187ab505be320836768e65194c8f49e3,0.38461538461538464,2.974388677230618,29.44644790458312,79821879,7.021612178063002,13,https://hashdive.com/Analyze_User?user_address=0xe58f5ef9187ab505be320836768e65194c8f49e3
0xebff99ff1c137e26c8c242bd09c018927fe8d88c,0.4577114427860697,8.365280228188706,29.43600695125297,79821879,1242.9415306539634,201,https://hashdive.com/Analyze_User?user_address=0xebff99ff1c137e26c8c242bd09c018927fe8d88c
0x0f184733a99ee83b1cd3d9c7d1217042f2547c23,0.0049261083743842365,10.0,29.406528663607446,79821879,1.1446841220000294,406,https://hashdive.com/Analyze_User?user_address=0x0f184733a99ee83b1cd3d9c7d1217042f2547c23
0x16495a82f673f25ab77892cd144499b9d04fac89,0.7090909090909091,7.320516389879594,29.382022305050334,79821879,2234.0,55,https://hashdive.com/Analyze_User?user_address=0x16495a82f673f25ab77892cd144499b9d04fac89
0x92e10340343b0a24a2ab59f7f3e3c13d7c274d6d,0.3333333333333333,2.9674120253820515,29.377379051282308,79821879,118.44417999999999,9,https://hashdive.com/Analyze_User?user_address=0x92e10340343b0a24a2ab59f7f3e3c13d7c274d6d
0x1cfd7bb97027af8047e56a4d714ccb922d0e254e,0.35714285714285715,3.255651893996621,29.36610893938724,79823676,70.35576820359199,14,https://hashdive.com/Analyze_User?user_address=0x1cfd7bb97027af8047e56a4d714ccb922d0e254e
0x82506d2f94dcb2148310ec0e3c466adeccbe294f,0.6,3.0846154479903847,29.361863529753624,79821879,8.852472170047001,10,https://hashdive.com/Analyze_User?user_address=0x82506d2f94dcb2148310ec0e3c466adeccbe294f
0xf07a9b272a1f894f6a4b98be31795c3220423299,0.11702127659574468,2.965002178503274,29.353521567182415,79821879,558.455580075017,94,https://hashdive.com/Analyze_User?user_address=0xf07a9b272a1f894f6a4b98be31795c3220423299
0x06bf90f7806f32220e54e8dccd87cfb498735da5,0.5588235294117647,5.345223344087409,29.34872918489553,79821879,21.962525063367003,34,https://hashdive.com/Analyze_User?user_address=0x06bf90f7806f32220e54e8dccd87cfb498735da5
0x62a5fdd5ac93be24959ede3ce4ade50bd6e8814b,0.2982456140350877,6.6920540860703985,29.345361311762595,79821879,34.019402597638,57,https://hashdive.com/Analyze_User?user_address=0x62a5fdd5ac93be24959ede3ce4ade50bd6e8814b
0xc83e3874091fac00b58476c7f694e6c94b8d892a,0.1,2.963744992797917,29.34107542869938,79829078,233.780699177916,10,https://hashdive.com/Analyze_User?user_address=0xc83e3874091fac00b58476c7f694e6c94b8d892a
0x2f75bfee9f58e0ff3ea5aade2aa56af9bb4d54fa,0.7894736842105263,3.9039257482215914,29.332384398685356,79821879,4785.65,19,https://hashdive.com/Analyze_User?user_address=0x2f75bfee9f58e0ff3ea5aade2aa56af9bb4d54fa
0xf467c5da013cdd4604f4ec8babd5feb056af0f59,0.3502824858757062,4.887650729891296,29.31899130750739,79821879,447.34573691626775,177,https://hashdive.com/Analyze_User?user_address=0xf467c5da013cdd4604f4ec8babd5feb056af0f59
0xe18710b64f4f3fb848115d5ebaf3636595697b35,0.1111111111111111,2.9593210316948797,29.297278213779308,79821879,182.800167008848,9,https://hashdive.com/Analyze_User?user_address=0xe18710b64f4f3fb848115d5ebaf3636595697b35
0x17fe48f8724242f2882a38a67c09fc482f60bf99,0.5,3.599187468904852,29.279434721778088,79821879,13.260006043954004,14,https://hashdive.com/Analyze_User?user_address=0x17fe48f8724242f2882a38a67c09fc482f60bf99
0xa418b940844eab30caf631d2206508324498abc9,0.1111111111111111,2.9552456666334224,29.25693209967088,79821879,169.14698499999997,9,https://hashdive.com/Analyze_User?user_address=0xa418b940844eab30caf631d2206508324498abc9
0xdaf3dd2a5972053ac0067da36cec0f02f8323bf8,0.6,2.9548387571072556,29.25290369536183,79821879,1283.434499720304,15,https://hashdive.com/Analyze_User?user_address=0xdaf3dd2a5972053ac0067da36cec0f02f8323bf8
0x56aa03b2d1919c48d141e90f329c688171b0fd71,0.2857142857142857,4.582575690990638,29.2508214588928,79821879,0.134031230557,21,https://hashdive.com/Analyze_User?user_address=0x56aa03b2d1919c48d141e90f329c688171b0fd71
0x2c15115956131e353df28f8522bc509c65f2b478,0.3157894736842105,2.9536443184808863,29.24107875296077,79821879,801.429742927928,19,https://hashdive.com/Analyze_User?user_address=0x2c15115956131e353df28f8522bc509c65f2b478
0xc495571375cb855a76d2fba5d11aecc3cddfb276,0.13333333333333333,2.952818994284701,29.232908043418536,79821879,513.1414551914191,15,https://hashdive.com/Analyze_User?user_address=0xc495571375cb855a76d2fba5d11aecc3cddfb276
0x56bbd5265fe4ee145855b8b1149b8544bf6c2949,0.22727272727272727,3.205477829878122,29.21660617947193,79821879,755.5319599038198,22,https://hashdive.com/Analyze_User?user_address=0x56bbd5265fe4ee145855b8b1149b8544bf6c2949
0xa9d69335c2a21ad567c595c3ff16a9087a27eec0,0.4375,6.383020502843519,29.21290451870005,79821879,112.55429607200001,48,https://hashdive.com/Analyze_User?user_address=0xa9d69335c2a21ad567c595c3ff16a9087a27eec0
0x2c9c61208346003eb100441cbf1456b0d018420f,0.2,2.949774699366029,29.20276952372369,79821879,209.101621161494,10,https://hashdive.com/Analyze_User?user_address=0x2c9c61208346003eb100441cbf1456b0d018420f
0xf5771a1dd953981fd35d7845aaaef84b3327972e,0.20155038759689922,5.139406535214003,29.19747176922183,79821879,3384.704917054701,129,https://hashdive.com/Analyze_User?user_address=0xf5771a1dd953981fd35d7845aaaef84b3327972e
0xa343697ee79332df3298d1a9a81466058ca2f389,0.1,2.948012182234818,29.1853206041247,79830877,217.394104255503,10,https://hashdive.com/Analyze_User?user_address=0xa343697ee79332df3298d1a9a81466058ca2f389
0xca53809ad5689be01f221e5ba16997766bf6e604,0.2,2.947858421874044,29.18379837655303,79821879,60.209386,10,https://hashdive.com/Analyze_User?user_address=0xca53809ad5689be01f221e5ba16997766bf6e604
0x4d62b95e963b354d75ba8f6a020cca1348cda1f0,0.36363636363636365,5.2888112186760186,29.179587864671266,79821879,27012.48765509114,66,https://hashdive.com/Analyze_User?user_address=0x4d62b95e963b354d75ba8f6a020cca1348cda1f0
0xc9df6405682be149e7770760afe6ff0b613adbd1,0.5,2.9463655586959665,29.16901903109007,79821879,246.38836825392897,16,https://hashdive.com/Analyze_User?user_address=0xc9df6405682be149e7770760afe6ff0b613adbd1
0xa5fc4bbc0243c10d66297a2bb63f931d7674e91a,0.5205479452054794,3.682152243697285,29.164390381087294,79821879,4217.126443892161,73,https://hashdive.com/Analyze_User?user_address=0xa5fc4bbc0243c10d66297a2bb63f931d7674e91a
0x07e3ab16ff1ea63628d25ad887be036dc5a55144,0.31666666666666665,6.348048244174204,29.164289757778615,79821879,141.36332971187,60,https://hashdive.com/Analyze_User?user_address=0x07e3ab16ff1ea63628d25ad887be036dc5a55144
0xee1f01dd0403b728789803862ea7ed5881af9ced,0.4124293785310734,6.18963645722462,29.143870083993974,79830877,17043.87336722311,177,https://hashdive.com/Analyze_User?user_address=0xee1f01dd0403b728789803862ea7ed5881af9ced
0xa5f43ec826d794c908730f57f3f5cea0f0381327,0.2361111111111111,4.722495234383663,29.14259682911377,79821879,953.7285708012066,72,https://hashdive.com/Analyze_User?user_address=0xa5f43ec826d794c908730f57f3f5cea0f0381327
0xcc6450ae0c83fde972b0200d1f454823ccd156c6,0.5,2.9427484638617334,29.13320979223116,79821879,18.896033454443,12,https://hashdive.com/Analyze_User?user_address=0xcc6450ae0c83fde972b0200d1f454823ccd156c6
0xfedafb650eb8fd131248fc0e1259fabf28588a37,0.2222222222222222,2.94271967275687,29.132924760293015,79821879,106.15499793201198,9,https://hashdive.com/Analyze_User?user_address=0xfedafb650eb8fd131248fc0e1259fabf28588a37
0x2eeca9a9b49000a1b75b9903daf458c86a15c999,0.625,2.942096810254899,29.1267584215235,79827278,1827.973357248579,24,https://hashdive.com/Analyze_User?user_address=0x2eeca9a9b49000a1b75b9903daf458c86a15c999
0x812e20f8092040e97878a132b49c68eef12e2b8a,0.5,2.9382313547664918,29.08849041218827,79821879,595.067159827988,14,https://hashdive.com/Analyze_User?user_address=0x812e20f8092040e97878a132b49c68eef12e2b8a
0xbb35e1dabae8d8662debdf9a1b9dee2130ee8092,0.35714285714285715,3.013165438365849,29.086653230659223,79821879,92.97981485767201,14,https://hashdive.com/Analyze_User?user_address=0xbb35e1dabae8d8662debdf9a1b9dee2130ee8092
0x5083feb9d497c235c0ab681010c83bb98b02f2dc,0.14,4.714495871833028,29.07758749175848,79821879,281.6557556825221,50,https://hashdive.com/Analyze_User?user_address=0x5083feb9d497c235c0ab681010c83bb98b02f2dc
0xca5f5d124f8d0dda510054f274c72cce1f308b62,0.09090909090909091,2.9361343734960044,29.067730297610442,79829078,255.77620755275703,11,https://hashdive.com/Analyze_User?user_address=0xca5f5d124f8d0dda510054f274c72cce1f308b62
0x834fd335dcb3535132bb9578251c571a6b8bc496,0.391304347826087,3.807473427989844,29.063095977009755,79821879,69.02784958148,23,https://hashdive.com/Analyze_User?user_address=0x834fd335dcb3535132bb9578251c571a6b8bc496
0xca038b2df39f3fa371c875c116b8831b8df89e20,0.42857142857142855,3.1447380482646654,29.05586246668968,79821879,337.840455,56,https://hashdive.com/Analyze_User?user_address=0xca038b2df39f3fa371c875c116b8831b8df89e20
0xa20541f819b2e21173f742a3dcf64b252becc6c6,0.3150684931506849,4.912195483970116,29.050956644037843,79827278,631.2379740000002,73,https://hashdive.com/Analyze_User?user_address=0xa20541f819b2e21173f742a3dcf64b252becc6c6
0x8e2eac97e467d879f857eaf4948c3bb4f7e3b2ee,0.2727272727272727,2.9342776662723655,29.04934889609642,79821879,72.89030000000001,11,https://hashdive.com/Analyze_User?user_address=0x8e2eac97e467d879f857eaf4948c3bb4f7e3b2ee
0xfdb1b8d128f71d1c8f099a024a81597aad2c7fc3,0.5833333333333334,5.596433706073411,29.02945283061339,79821879,83.81138763964002,48,https://hashdive.com/Analyze_User?user_address=0xfdb1b8d128f71d1c8f099a024a81597aad2c7fc3
0xb3a99242b992a3f15fca8bd77339ffdb52e70508,0.2222222222222222,2.9313331155914497,29.02019784435535,79821879,308.967073923517,18,https://hashdive.com/Analyze_User?user_address=0xb3a99242b992a3f15fca8bd77339ffdb52e70508
0x7128839bafaee0cb302cf6b734e3923af44cfe56,0.3103448275862069,3.4362945722861764,28.99418771070294,79821879,193.60104222945398,58,https://hashdive.com/Analyze_User?user_address=0x7128839bafaee0cb302cf6b734e3923af44cfe56
0x0915962b4c6bc4505e7434a0de815a596a6667c3,0.20408163265306123,2.9282350652279168,28.989527145756377,79821879,114401.14019087674,49,https://hashdive.com/Analyze_User?user_address=0x0915962b4c6bc4505e7434a0de815a596a6667c3
0x323f06e4de88353748b468505a0f36289dde0898,0.26666666666666666,3.838460619776444,28.98645616903968,79821879,14.192347999999999,15,https://hashdive.com/Analyze_User?user_address=0x323f06e4de88353748b468505a0f36289dde0898
0xb597f8ff72c275c409afa12f08fcc0a2c38acef9,0.1,2.927850273607774,28.98571770871696,79829078,255.588884561986,10,https://hashdive.com/Analyze_User?user_address=0xb597f8ff72c275c409afa12f08fcc0a2c38acef9
0xf1df1fa78b97b69b4a6286c16376647f067dc6e8,0.09090909090909091,2.926652087212702,28.97385566340575,79829078,242.05208013177003,11,https://hashdive.com/Analyze_User?user_address=0xf1df1fa78b97b69b4a6286c16376647f067dc6e8
0x5557bf43cb455f6ace4066b59e479a16a4d598c4,0.3333333333333333,2.9264360564681553,28.971716959034737,79821879,131.22798999999998,9,https://hashdive.com/Analyze_User?user_address=0x5557bf43cb455f6ace4066b59e479a16a4d598c4
0x540c5d1c31f4c0aa234b9a0d00e4ef4373918f98,0.7,2.923952352525965,28.947128290007058,79821879,72.373016723036,10,https://hashdive.com/Analyze_User?user_address=0x540c5d1c31f4c0aa234b9a0d00e4ef4373918f98
0x3aa06befa718ab5951d11caa7aefc833310ee211,0.37272727272727274,4.555090147452564,28.940326724919757,79821879,611.790958565821,110,https://hashdive.com/Analyze_User?user_address=0x3aa06befa718ab5951d11caa7aefc833310ee211
0xb68b200ccb2967673e867ff1ed04155dddd423ff,0.1,2.922986992527748,28.9375712260247,79829078,241.54849844011798,10,https://hashdive.com/Analyze_User?user_address=0xb68b200ccb2967673e867ff1ed04155dddd423ff
0xb8e7ce64df29d94ded583bbf9b39881d5968fc5e,0.03333333333333333,5.396391404517385,28.93517968091107,79821879,0.1662123518749999,30,https://hashdive.com/Analyze_User?user_address=0xb8e7ce64df29d94ded583bbf9b39881d5968fc5e
0xb0cab79aad20cf622b8131289eadb647df8e9a11,0.8181818181818182,3.2071362513298785,28.92029203742139,79821879,10.820946583525998,11,https://hashdive.com/Analyze_User?user_address=0xb0cab79aad20cf622b8131289eadb647df8e9a11
0x91ce4bc6d94f31c0c2a58f69cc4eb2d36d6d1b37,0.5079365079365079,4.585893381574953,28.91449514928793,79821879,112.98694909183699,63,https://hashdive.com/Analyze_User?user_address=0x91ce4bc6d94f31c0c2a58f69cc4eb2d36d6d1b37
0xc51f9c8bceb7bb7759c7beaad61d371613c26065,0.4,2.9199861162672884,28.907862551046154,79821879,23.185777833711,10,https://hashdive.com/Analyze_User?user_address=0xc51f9c8bceb7bb7759c7beaad61d371613c26065
0x95d3aac984a9b2a3abc289ad951ddf7842c6cc20,0.2679738562091503,10.0,28.89967629987978,79821879,1400.0448991255234,306,https://hashdive.com/Analyze_User?user_address=0x95d3aac984a9b2a3abc289ad951ddf7842c6cc20
0x4275c7893d16f662092c4b1799609d6776bff5fe,0.5,3.670153342506846,28.884701576628387,79821879,950.5902911429343,20,https://hashdive.com/Analyze_User?user_address=0x4275c7893d16f662092c4b1799609d6776bff5fe
0x6bc06d602cfcfdaceb9d0c9f866a6f2b88089b94,0.2857142857142857,2.917490641193317,28.883157347813835,79821879,90.79822907845902,14,https://hashdive.com/Analyze_User?user_address=0x6bc06d602cfcfdaceb9d0c9f866a6f2b88089b94
0x776d82d3b731d2f2bbd3678f921bc47944332088,0.5428571428571428,3.227644192291285,28.870770790901112,79821879,14933.360504860917,35,https://hashdive.com/Analyze_User?user_address=0x776d82d3b731d2f2bbd3678f921bc47944332088
0x1974a11488e3bb007fa855a3e2c5ffa44a20f2fc,0.4166666666666667,3.3565877018665597,28.869777309422602,79821879,0.11180141637,12,https://hashdive.com/Analyze_User?user_address=0x1974a11488e3bb007fa855a3e2c5ffa44a20f2fc
0x88e36a5edc2afe1e1351dfb9e8a0fbb66420a9e1,0.1,2.9156111855989746,28.86455073742985,79829078,168.703887170028,10,https://hashdive.com/Analyze_User?user_address=0x88e36a5edc2afe1e1351dfb9e8a0fbb66420a9e1
0x4dc19d18a70ab9b73ad136f205672f0e3802f780,0.5,2.9154254134745923,28.862711593398465,79821879,396.059483051408,12,https://hashdive.com/Analyze_User?user_address=0x4dc19d18a70ab9b73ad136f205672f0e3802f780
0x733ea5666778815fd474195f1a5b0f40c03ad4d9,0.2727272727272727,4.599969090862806,28.837848433396015,79821879,0.14417810540899997,22,https://hashdive.com/Analyze_User?user_address=0x733ea5666778815fd474195f1a5b0f40c03ad4d9
0x7238e71bdde45fe1f240fa6c63ee232b40201396,0.09773635153129161,6.851581355013084,28.81819240867832,79821879,23748.02449630166,3755,https://hashdive.com/Analyze_User?user_address=0x7238e71bdde45fe1f240fa6c63ee232b40201396
0x271bc5a7cc33d60de01090bd75d119526c6a80e4,0.7,3.1539174868639726,28.80319195382036,79821879,143.782031,10,https://hashdive.com/Analyze_User?user_address=0x271bc5a7cc33d60de01090bd75d119526c6a80e4
0xdff5f986827ac63c6778920f0401877272af061e,0.09090909090909091,2.90800438755322,28.789243436776882,79829078,255.26081017982898,11,https://hashdive.com/Analyze_User?user_address=0xdff5f986827ac63c6778920f0401877272af061e
0x03ca937f024abc0a3419c3ca802b2bf1eef94fae,0.23529411764705882,3.835593964762569,28.78552838252269,79821879,8139.593802871215,34,https://hashdive.com/Analyze_User?user_address=0x03ca937f024abc0a3419c3ca802b2bf1eef94fae
0xcdaf669904f09bd6de8931852604405adee0cfcd,0.6666666666666666,2.907514273578572,28.784391308427864,79821879,3350.633853036843,12,https://hashdive.com/Analyze_User?user_address=0xcdaf669904f09bd6de8931852604405adee0cfcd
0xaf8e0094396c34cf7d8492b84c53b63938c5a830,0.4722222222222222,5.729826340824156,28.780589532571895,79821879,20.985762249510994,36,https://hashdive.com/Analyze_User?user_address=0xaf8e0094396c34cf7d8492b84c53b63938c5a830
0x6797d5f997c10bf722553b11ca2721809ca9eca2,0.09090909090909091,2.9067939337053326,28.777259943682793,79829078,244.184537781551,11,https://hashdive.com/Analyze_User?user_address=0x6797d5f997c10bf722553b11ca2721809ca9eca2
0x4845328534aa5a3ec7a20b5e64a47967306bed1e,0.21951219512195122,2.9059973746228516,28.769374008766228,79821879,1375.001099225163,41,https://hashdive.com/Analyze_User?user_address=0x4845328534aa5a3ec7a20b5e64a47967306bed1e
0x87ff41be5fd7aafe97095d21580be122a73783f1,0.5687203791469194,9.995611160335477,28.753837635713097,79821879,518.100317363252,211,https://hashdive.com/Analyze_User?user_address=0x87ff41be5fd7aafe97095d21580be122a73783f1
0xe132a237097a1e8009f9540cb069b9e8f2d8ad65,0.4,3.0004656512864414,28.75262622218773,79821879,385.24342653333207,10,https://hashdive.com/Analyze_User?user_address=0xe132a237097a1e8009f9540cb069b9e8f2d8ad65
0x38455e2ff26a46fbb30cf2307cab428620e76bd9,0.7802197802197802,7.097389339102287,28.73047234285865,79823676,27240.231387024254,91,https://hashdive.com/Analyze_User?user_address=0x38455e2ff26a46fbb30cf2307cab428620e76bd9
0x9ad8468338a375b6af4fee7abb4ba20b736e51d7,0.2608695652173913,4.512480875063236,28.727678096224842,79821879,56.659295681936975,46,https://hashdive.com/Analyze_User?user_address=0x9ad8468338a375b6af4fee7abb4ba20b736e51d7
0x80c545908d098a2037fbe69f88220c0e3c665898,0.5172413793103449,5.122717831932821,28.723121916991957,79821879,182.227206223154,29,https://hashdive.com/Analyze_User?user_address=0x80c545908d098a2037fbe69f88220c0e3c665898
0x2954357d236bb4797b62a4bb642ee716725ad34e,0.6153846153846154,6.3763760988028455,28.676341129407625,79821879,1364.008438689388,52,https://hashdive.com/Analyze_User?user_address=0x2954357d236bb4797b62a4bb642ee716725ad34e
0x88f5140411f34f0cd261e77ee9420994fa27cd53,0.07142857142857142,2.894228802377136,28.652865143533646,79821879,316.862337498528,14,https://hashdive.com/Analyze_User?user_address=0x88f5140411f34f0cd261e77ee9420994fa27cd53
0xfb474c6ed596c7e54ab140ea9ef99750b33095e7,0.1,2.8942003460268766,28.65258342566608,79830877,241.6754994866,10,https://hashdive.com/Analyze_User?user_address=0xfb474c6ed596c7e54ab140ea9ef99750b33095e7
0xf8f390c7bedc2a8840c7c31d6243f10f56063d8a,0.5714285714285714,4.715830164303836,28.629705002240108,79821879,11291.175525074326,77,https://hashdive.com/Analyze_User?user_address=0xf8f390c7bedc2a8840c7c31d6243f10f56063d8a
0x785b43cde54f9c7eaab9533563646e0bc059c51d,0.5039370078740157,6.032686882726195,28.62897707798806,79821879,2270.7998056246684,127,https://hashdive.com/Analyze_User?user_address=0x785b43cde54f9c7eaab9533563646e0bc059c51d
0x8a091656e5f4c6bc4fdf37b2585be0235f68e317,0.9090909090909091,2.8916315793564906,28.62715263562926,79821879,94380.9505128216,22,https://hashdive.com/Analyze_User?user_address=0x8a091656e5f4c6bc4fdf37b2585be0235f68e317
0x69f421383ffde44022a68aa39af6f92642b143dd,0.3125,4.977438537904155,28.62446046825623,79821879,300.123489676604,48,https://hashdive.com/Analyze_User?user_address=0x69f421383ffde44022a68aa39af6f92642b143dd
0xc950ae1cfe438fed4f34e711896427791f407a6f,0.8666666666666667,3.828902577655554,28.619772702762205,79821879,491.08494314830693,15,https://hashdive.com/Analyze_User?user_address=0xc950ae1cfe438fed4f34e711896427791f407a6f
0xe3be7a553ba79e38bde3728cc7242b1ce7ec94e4,0.45454545454545453,2.8895763209987995,28.606805577888114,79827278,622.3714635066458,22,https://hashdive.com/Analyze_User?user_address=0xe3be7a553ba79e38bde3728cc7242b1ce7ec94e4
0x072aa2b930da08f927b96356dec2ad5247d00d8f,0.6744186046511628,6.213394227250832,28.59766806738893,79827278,963.0198730000001,43,https://hashdive.com/Analyze_User?user_address=0x072aa2b930da08f927b96356dec2ad5247d00d8f
0x839af8a4984f12962e3e32efc4257c68f2fba1ac,0.23076923076923078,2.888113477408501,28.59232342634416,79821879,88.98404667143001,13,https://hashdive.com/Analyze_User?user_address=0x839af8a4984f12962e3e32efc4257c68f2fba1ac
0x5362d246690ada3e4ddcd30cbeb49f5f9a34bd32,0.2222222222222222,2.8867820271389775,28.579142068675875,79821879,0.6681170000000001,9,https://hashdive.com/Analyze_User?user_address=0x5362d246690ada3e4ddcd30cbeb49f5f9a34bd32
0x1dfd78f234cdd8cfed57ad66f3fd5a0ce54bc28c,0.2222222222222222,2.8867519007681044,28.57884381760423,79821879,15.374678766288994,9,https://hashdive.com/Analyze_User?user_address=0x1dfd78f234cdd8cfed57ad66f3fd5a0ce54bc28c
0xcd3fc069a22d739740f6ebdcdde0323d16357155,0.4,2.8867509648737646,28.578834552250267,79821879,17.162393528535,10,https://hashdive.com/Analyze_User?user_address=0xcd3fc069a22d739740f6ebdcdde0323d16357155
0x3b8d50129e2d773e7a954c9b6e8a4880bbd3e263,0.5555555555555556,2.884195860835841,28.553539022274826,79821879,18.131243815132002,9,https://hashdive.com/Analyze_User?user_address=0x3b8d50129e2d773e7a954c9b6e8a4880bbd3e263
0x65e6bf357b1b0c994396fa5d4ad61b66a45442dc,0.6666666666666666,2.883856566433322,28.550180007689892,79821879,7588.371771172803,18,https://hashdive.com/Analyze_User?user_address=0x65e6bf357b1b0c994396fa5d4ad61b66a45442dc
0x3d60ee0f579d9c8cdc0a0b9763f7ca18480a74b1,0.6779661016949152,7.303271435690752,28.540505838401756,79821879,1993.814163,59,https://hashdive.com/Analyze_User?user_address=0x3d60ee0f579d9c8cdc0a0b9763f7ca18480a74b1
0x975225ef513098e959ce3467fd4a569fa056bd2e,0.6428571428571429,7.135885327623846,28.540353065004037,79821879,1944.6627556184844,56,https://hashdive.com/Analyze_User?user_address=0x975225ef513098e959ce3467fd4a569fa056bd2e
0x4a6614386e1814392bf367dc4c312e9aec0ff7f4,0.3235294117647059,5.546925819476836,28.536660943720587,79821879,0.20575147097399998,34,https://hashdive.com/Analyze_User?user_address=0x4a6614386e1814392bf367dc4c312e9aec0ff7f4
0xb440f7f452a9625fc2f87db90bba67769db16f0e,0.28,4.8493431948322145,28.534429020032842,79821879,0.158861393505,25,https://hashdive.com/Analyze_User?user_address=0xb440f7f452a9625fc2f87db90bba67769db16f0e
0xb5df87d168d32c1b9467d5477f0629b73edd15ed,0.6571428571428571,3.782281496284671,28.52998390398295,79821879,3492.4,35,https://hashdive.com/Analyze_User?user_address=0xb5df87d168d32c1b9467d5477f0629b73edd15ed
0x7fe1833ec50c862bb256056917a2c5c00eaedff6,0.3333333333333333,3.2575854489790856,28.516707011383275,79821879,16.804033999999998,15,https://hashdive.com/Analyze_User?user_address=0x7fe1833ec50c862bb256056917a2c5c00eaedff6
0xdd5580b2247d1a0a9a96eda7393e55efb87ac9bf,0.5476190476190477,6.672690699498697,28.51244809161614,79830877,1318.975107021587,126,https://hashdive.com/Analyze_User?user_address=0xdd5580b2247d1a0a9a96eda7393e55efb87ac9bf
0xd4aa79edc4a4e3424c4cd43559a60bf78537d7c8,0.6,2.8796395689862706,28.508431732964077,79821879,1032.927219755834,10,https://hashdive.com/Analyze_User?user_address=0xd4aa79edc4a4e3424c4cd43559a60bf78537d7c8
0xe351f54f636172f6ac089c67294c243804e35c45,0.41304347826086957,4.125344764558775,28.507793619670394,79821879,49076.62892485856,46,https://hashdive.com/Analyze_User?user_address=0xe351f54f636172f6ac089c67294c243804e35c45
0x42491d3ac9ea16f4f64820ceda969688f00b7844,0.2222222222222222,2.8785380417660917,28.497526613484307,79821879,118.238,9,https://hashdive.com/Analyze_User?user_address=0x42491d3ac9ea16f4f64820ceda969688f00b7844
0x20b325ee99135956ca84b4afc6f0cae739de6899,0.1111111111111111,2.8778457867472422,28.490673288797698,79830877,255.23739436764495,9,https://hashdive.com/Analyze_User?user_address=0x20b325ee99135956ca84b4afc6f0cae739de6899
0x833849a3abc60fa03f6feb60126e1ed0106cba0d,0.5,2.8774047939382563,28.486307459988737,79821879,31.354939,10,https://hashdive.com/Analyze_User?user_address=0x833849a3abc60fa03f6feb60126e1ed0106cba0d
0x8fc45092284026b981a0ba11a3db628d43aa2dcc,0.7142857142857143,2.87699441058669,28.482244664808228,79821879,179.98761737719,21,https://hashdive.com/Analyze_User?user_address=0x8fc45092284026b981a0ba11a3db628d43aa2dcc
0x5ecd6ea0806d743c82f21c91d0cff85411b9ea10,0.4948453608247423,4.981775738395417,28.47739517553725,79821879,220.65637182199697,97,https://hashdive.com/Analyze_User?user_address=0x5ecd6ea0806d743c82f21c91d0cff85411b9ea10
0x4997bd591a4030fcd12ba0860e71f407b3b0919a,0.6,4.72280375013218,28.473805192558604,79821879,172.56175628726302,25,https://hashdive.com/Analyze_User?user_address=0x4997bd591a4030fcd12ba0860e71f407b3b0919a
0x61c998c90922a6478f89feec13309b8a1bb601c9,0.7272727272727273,2.907390745172056,28.473014305856456,79821879,660.530102,11,https://hashdive.com/Analyze_User?user_address=0x61c998c90922a6478f89feec13309b8a1bb601c9
0xf46012df4dc70883e90b84c416543d5e6db544f4,0.45454545454545453,3.8116659005613327,28.46659087539399,79821879,13.942781,22,https://hashdive.com/Analyze_User?user_address=0xf46012df4dc70883e90b84c416543d5e6db544f4
0x4d15105427b9497f79bec06d881abae75df6fee5,0.8,3.541215877668374,28.465603037773374,79821879,3302.09,20,https://hashdive.com/Analyze_User?user_address=0x4d15105427b9497f79bec06d881abae75df6fee5
0x6c3bfbf462fed60c89b7d466abc46a8c3015dcdd,0.42857142857142855,3.0089549031863614,28.45497308134354,79821879,141.08422451264198,14,https://hashdive.com/Analyze_User?user_address=0x6c3bfbf462fed60c89b7d466abc46a8c3015dcdd
0xcf2b28830002cde75f3d17cdfaef9b6d4a21042d,0.46153846153846156,2.8728502089483916,28.441217068589076,79821879,158.826930720084,13,https://hashdive.com/Analyze_User?user_address=0xcf2b28830002cde75f3d17cdfaef9b6d4a21042d
0x69e7befddebba5f6fc1d7738cdf72b54f71f02b7,0.46153846153846156,2.872617142891729,28.438909714628117,79821879,482.88931919999993,13,https://hashdive.com/Analyze_User?user_address=0x69e7befddebba5f6fc1d7738cdf72b54f71f02b7
0x899004cc083465331c30d9724f3d61e6c1491837,0.2727272727272727,2.8709440935560404,28.422346526204798,79821879,70.99198990915102,11,https://hashdive.com/Analyze_User?user_address=0x899004cc083465331c30d9724f3d61e6c1491837
0x5ed98bcf0c2bfa2dfd9df66def9e3ed257968a62,0.5,2.870199042658339,28.414970522317557,79821879,581.9345419126158,12,https://hashdive.com/Analyze_User?user_address=0x5ed98bcf0c2bfa2dfd9df66def9e3ed257968a62
0x6857c64396ea675b659eba448dfd71075dd89f77,0.3829787234042553,4.8733975637977816,28.41113298625844,79821879,4186.3905912028595,47,https://hashdive.com/Analyze_User?user_address=0x6857c64396ea675b659eba448dfd71075dd89f77
0xcbb1e153dfc184732cfb899e83b8222f88b60c56,0.5789473684210527,2.8690730258883743,28.403822956294906,79821879,677.4185349526871,19,https://hashdive.com/Analyze_User?user_address=0xcbb1e153dfc184732cfb899e83b8222f88b60c56
0xa22106b65ae9716fc45ec33db17887e7a1aa5b1f,0.43010752688172044,7.670786802178464,28.39770780253291,79830877,669.418339035824,93,https://hashdive.com/Analyze_User?user_address=0xa22106b65ae9716fc45ec33db17887e7a1aa5b1f
0x32b90f543e678029952580c1897e4fcb0804fc97,0.6666666666666666,2.86798851654811,28.393086313826288,79821879,626.986704480576,24,https://hashdive.com/Analyze_User?user_address=0x32b90f543e678029952580c1897e4fcb0804fc97
0xa69877b9b47fb7a5b9276928e3e71abcf6667f1e,0.625,3.165961470438515,28.389407678929825,79821879,5024.820842678772,16,https://hashdive.com/Analyze_User?user_address=0xa69877b9b47fb7a5b9276928e3e71abcf6667f1e
0x60e15a4a3dcdea057ce0536ce07a955779e6f631,0.5263157894736842,5.41159842544126,28.386271767999776,79821879,230.977658997723,95,https://hashdive.com/Analyze_User?user_address=0x60e15a4a3dcdea057ce0536ce07a955779e6f631
0x0b46e9e78b38b6827603fce244aa95bf4a7395b2,0.2,2.866634602894592,28.379682568656463,79821879,5175.838152666185,15,https://hashdive.com/Analyze_User?user_address=0x0b46e9e78b38b6827603fce244aa95bf4a7395b2
0xe6c12200cd1b65e8dcb0da363a35b1760bd799fb,0.4,2.8636959158025177,28.350589566444924,79821879,2604.8108245229632,10,https://hashdive.com/Analyze_User?user_address=0xe6c12200cd1b65e8dcb0da363a35b1760bd799fb
0x9f82b4d483e2c1097b4a2ce82f45a3f0f3df8076,0.8125,3.855300340531348,28.350256300219677,79821879,508.5,16,https://hashdive.com/Analyze_User?user_address=0x9f82b4d483e2c1097b4a2ce82f45a3f0f3df8076
0x1c305caee340a8ef051766f0e6340412f38bf0b6,0.4,2.8635267178403234,28.348914506619202,79821879,937.846398984,10,https://hashdive.com/Analyze_User?user_address=0x1c305caee340a8ef051766f0e6340412f38bf0b6
0xc16b11a7a9749eb217fc4e7f5db278be8faca52a,0.3333333333333333,5.430491524668253,28.34733809817681,79821879,0.21398554236200001,33,https://hashdive.com/Analyze_User?user_address=0xc16b11a7a9749eb217fc4e7f5db278be8faca52a
0x6be4235f3778287c008e4fcfa9443dfbf2b36ff8,0.3333333333333333,3.3539360590097336,28.329078734169283,79821879,1848.0781677948323,21,https://hashdive.com/Analyze_User?user_address=0x6be4235f3778287c008e4fcfa9443dfbf2b36ff8
0x43c4cec3c9826521c15cd52c55b4cf77f789e031,0.625,3.425799300558074,28.328590456157904,79823676,4252.01,16,https://hashdive.com/Analyze_User?user_address=0x43c4cec3c9826521c15cd52c55b4cf77f789e031
0x821148025c8891eb4d28ac65f69afc014733b8eb,0.09090909090909091,2.861085911124654,28.324750520134074,79829078,242.432068389127,11,https://hashdive.com/Analyze_User?user_address=0x821148025c8891eb4d28ac65f69afc014733b8eb
0xa772e703b6a5574a546070f12414ba57b76231e6,0.1111111111111111,2.8602531499429014,28.316506184434722,79829078,238.944045989597,9,https://hashdive.com/Analyze_User?user_address=0xa772e703b6a5574a546070f12414ba57b76231e6
0x8471dd1755f39d9334af6deb8728ac8b41bbc977,0.38461538461538464,2.8602108485424025,28.316087400569785,79821879,24.883896744260998,13,https://hashdive.com/Analyze_User?user_address=0x8471dd1755f39d9334af6deb8728ac8b41bbc977
0x38b7b387ccdcab0709cf7754cd10c3795a291ca0,0.1111111111111111,2.860112749612377,28.31511622116253,79829078,239.340875067386,9,https://hashdive.com/Analyze_User?user_address=0x38b7b387ccdcab0709cf7754cd10c3795a291ca0
0xfe7bd392b1a58af1846d729575c1cc64c9334c84,0.13636363636363635,2.8586206990231404,28.30034492032909,79821879,245.20039298862,22,https://hashdive.com/Analyze_User?user_address=0xfe7bd392b1a58af1846d729575c1cc64c9334c84
0xcc13a81563f6efb8b3841e95320ffe613429e879,0.21739130434782608,4.55117949750949,28.29153622467445,79821879,0.162860198365,23,https://hashdive.com/Analyze_User?user_address=0xcc13a81563f6efb8b3841e95320ffe613429e879
0x7268225737d204c644d83e08c8332e98d4b6acfa,0.1,2.8565829869670805,28.280171570974098,79829078,227.40079876840403,10,https://hashdive.com/Analyze_User?user_address=0x7268225737d204c644d83e08c8332e98d4b6acfa
0xfd71f849b1bd1f92d2b8ec9e3602676d01e1b1fc,0.125,4.7001101093824165,28.275976010234494,79821879,0.16242020936599996,24,https://hashdive.com/Analyze_User?user_address=0xfd71f849b1bd1f92d2b8ec9e3602676d01e1b1fc
0xe505530c4c854e75db39e84b96507ea6d88bd18b,0.5248618784530387,8.019433222767185,28.274179066431643,79821879,129059.86001099992,181,https://hashdive.com/Analyze_User?user_address=0xe505530c4c854e75db39e84b96507ea6d88bd18b
0x5e443d3ccdde59416094849ce6ada4f001047cbd,0.25,3.802698139778688,28.251803889491065,79821879,16.827492552594002,24,https://hashdive.com/Analyze_User?user_address=0x5e443d3ccdde59416094849ce6ada4f001047cbd
0xcdfd1622cc80e81871f8392b59e328d07c1355d2,0.1111111111111111,2.8537046728994766,28.251676261704816,79829078,263.041322046,9,https://hashdive.com/Analyze_User?user_address=0xcdfd1622cc80e81871f8392b59e328d07c1355d2
0x56d7c8ce65cf92cefe62becc5f3d8cf527461ea9,0.039922825764321754,10.0,28.242121866075173,79830877,4018.326346860154,6738,https://hashdive.com/Analyze_User?user_address=0x56d7c8ce65cf92cefe62becc5f3d8cf527461ea9
0xc972b6c888bb23ef26d18865e04b4c766f4c9b5d,0.7272727272727273,2.8522934969875307,28.237705620176552,79821879,692.5166408594969,11,https://hashdive.com/Analyze_User?user_address=0xc972b6c888bb23ef26d18865e04b4c766f4c9b5d
0x667458bf7c81503383cdcc056dc724d48c35a4e4,0.23076923076923078,2.8478313767214685,28.193530629542536,79821879,630.339523335876,26,https://hashdive.com/Analyze_User?user_address=0x667458bf7c81503383cdcc056dc724d48c35a4e4
0x07ff4afa70441c665c48125f2f4e492a3d65e1f0,1.0,2.8708927077495527,28.186174697392758,79821879,1381.094075804237,20,https://hashdive.com/Analyze_User?user_address=0x07ff4afa70441c665c48125f2f4e492a3d65e1f0
0xa2e2583d9690840fe5d07ff8897b5f8e22efb253,0.1111111111111111,2.846188699769725,28.17726812772028,79821879,223.017477466489,9,https://hashdive.com/Analyze_User?user_address=0xa2e2583d9690840fe5d07ff8897b5f8e22efb253
0x6097726f9164e9591c19b52e864d80f7e3c5f812,0.8421052631578947,4.049803730009421,28.16419772374131,79821879,1077.9829533496738,19,https://hashdive.com/Analyze_User?user_address=0x6097726f9164e9591c19b52e864d80f7e3c5f812
0x78f084b3d7ba4d6c8e811b9033b52187b88cbfca,0.36363636363636365,2.844344607691078,28.159011616141672,79821879,446.99147895893003,11,https://hashdive.com/Analyze_User?user_address=0x78f084b3d7ba4d6c8e811b9033b52187b88cbfca
0xf854a8e67ed69bd3fbc5797b6fb753b1e5167229,0.7692307692307693,2.84430485538191,28.15861806828091,79821879,486.819933828971,13,https://hashdive.com/Analyze_User?user_address=0xf854a8e67ed69bd3fbc5797b6fb753b1e5167229
0x9ffd9cb50342a775c92206cdc3846d92ed0dc854,0.5128205128205128,4.1782430543527385,28.154011833913202,79821879,1657.2408995897144,39,https://hashdive.com/Analyze_User?user_address=0x9ffd9cb50342a775c92206cdc3846d92ed0dc854
0xe50c2a6df2d7b2e53a90ecd946c05bbed86b6215,0.45555555555555555,7.604736277015688,28.152685205155272,79821879,55.417409886792996,90,https://hashdive.com/Analyze_User?user_address=0xe50c2a6df2d7b2e53a90ecd946c05bbed86b6215
0x17c0d62e14cc63a141dd554e28de3a3a3c00c49b,0.3333333333333333,2.8430863046501895,28.146554416036874,79823676,5864.259119603816,15,https://hashdive.com/Analyze_User?user_address=0x17c0d62e14cc63a141dd554e28de3a3a3c00c49b
0x4d518c62fbad70a11f8a5a5c404035e34af3bb15,0.6708860759493671,8.711409377047346,28.140664053803214,79821879,2493.481175,79,https://hashdive.com/Analyze_User?user_address=0x4d518c62fbad70a11f8a5a5c404035e34af3bb15
0x837070b379ce22be8310b305469554b74b1f033b,0.38095238095238093,2.8409648028398315,28.12555154811433,79821879,25122.243198409367,21,https://hashdive.com/Analyze_User?user_address=0x837070b379ce22be8310b305469554b74b1f033b
0x2fb49cad58eef4a670440a3dc03b304430df4202,0.5555555555555556,2.8401892842290737,28.11787391386783,79821879,19.865679471142002,9,https://hashdive.com/Analyze_User?user_address=0x2fb49cad58eef4a670440a3dc03b304430df4202
0x41434a0f1213df6bc13914f4c01605a0810dd67d,0.6120092378752887,10.0,28.11360706097545,79823676,1665.4697089333854,433,https://hashdive.com/Analyze_User?user_address=0x41434a0f1213df6bc13914f4c01605a0810dd67d
0xce658ba88d1c5053c57aa7fe4688ceff5d5afa36,0.45454545454545453,7.53525291682815,28.112105797601604,79821879,55.587911344434985,88,https://hashdive.com/Analyze_User?user_address=0xce658ba88d1c5053c57aa7fe4688ceff5d5afa36
0xdd296ee64d17eca662da9e009f8eb60e15262c0c,0.35294117647058826,3.4286085228971883,28.109522779473192,79821879,23.496879962643,17,https://hashdive.com/Analyze_User?user_address=0xdd296ee64d17eca662da9e009f8eb60e15262c0c
0xf11e71ca1ca0e07fcf3db5670f450e63b1f2897e,0.5,2.8365782943398257,28.082125113964274,79821879,422.30402863453395,10,https://hashdive.com/Analyze_User?user_address=0xf11e71ca1ca0e07fcf3db5670f450e63b1f2897e
0x65fc953012b9f368c51ce0a8a0721ddd136cbeac,0.24193548387096775,6.220607449959306,28.079680393271612,79821879,265.240825867923,62,https://hashdive.com/Analyze_User?user_address=0x65fc953012b9f368c51ce0a8a0721ddd136cbeac
0x550e78d3ef57391e6cd73d062a9a98e19aa6d4f7,0.1,2.8359376766559024,28.075782998893434,79830877,226.820664001267,10,https://hashdive.com/Analyze_User?user_address=0x550e78d3ef57391e6cd73d062a9a98e19aa6d4f7
0xe3cf805a62747df3c959da365209c247e9b04de3,0.5806451612903226,2.8357802794464684,28.074224766520036,79821879,2624.2433622533163,31,https://hashdive.com/Analyze_User?user_address=0xe3cf805a62747df3c959da365209c247e9b04de3
0x4344ddb329ae56159128d291f13bfd9bf4ba4da7,0.4444444444444444,2.8357225931153724,28.073653671842187,79821879,252.765942405099,9,https://hashdive.com/Analyze_User?user_address=0x4344ddb329ae56159128d291f13bfd9bf4ba4da7
0x7a25d848dddf39edb7b0d42e3194d7735b1a71b6,0.45,2.8353874954033387,28.070336204493053,79821879,128.654431763496,20,https://hashdive.com/Analyze_User?user_address=0x7a25d848dddf39edb7b0d42e3194d7735b1a71b6
0x48e980cc8943c00c22fa4344b304cd80491e3306,0.5263157894736842,4.2600266062025085,28.058982465075452,79821879,5.427265990781999,19,https://hashdive.com/Analyze_User?user_address=0x48e980cc8943c00c22fa4344b304cd80491e3306
0x6decbfd0fc7891c49cbc992e81ff64cc5734be12,0.3220338983050847,2.833784371274763,28.054465275620153,79829078,7929.784768853891,59,https://hashdive.com/Analyze_User?user_address=0x6decbfd0fc7891c49cbc992e81ff64cc5734be12
0x038ecb910d2c16ea5257db15c1a5f48d32291d43,0.639344262295082,7.282913957101608,28.049882809218857,79821879,1972.4888999999996,61,https://hashdive.com/Analyze_User?user_address=0x038ecb910d2c16ea5257db15c1a5f48d32291d43
0x2f9e8cd9af0af5eb21a58b5b6b7cf82646bc81a6,0.1,2.8324766546352,28.04151888088848,79829078,261.118663396003,10,https://hashdive.com/Analyze_User?user_address=0x2f9e8cd9af0af5eb21a58b5b6b7cf82646bc81a6
0xd9be4e8f031a5beaa1f0d29ceff2826e3cc91d98,0.5517241379310345,2.831136684017281,28.02825317177108,79821879,287387.4543773447,29,https://hashdive.com/Analyze_User?user_address=0xd9be4e8f031a5beaa1f0d29ceff2826e3cc91d98
0xf6e88cb08fc3dda5f4e004d27e06705cd60afff4,0.1,2.830701990385947,28.023949704820875,79829078,231.62066258138597,10,https://hashdive.com/Analyze_User?user_address=0xf6e88cb08fc3dda5f4e004d27e06705cd60afff4
0x1fb40ac34b63baa9015f1afe987eae1c467081b1,0.1,2.8305990836647212,28.022930928280736,79821879,6.054857003,10,https://hashdive.com/Analyze_User?user_address=0x1fb40ac34b63baa9015f1afe987eae1c467081b1
0x557d7b5a0ba777fc18ce70d218e066e6e28b0130,0.4,2.830228750097357,28.019264625963835,79821879,22.761184999999998,10,https://hashdive.com/Analyze_User?user_address=0x557d7b5a0ba777fc18ce70d218e066e6e28b0130
0x5c6ec2c267d41da9f383412b4c04e98c74c1ccc7,0.6363636363636364,2.829015832013003,28.00725673692873,79821879,394.20910939807203,11,https://hashdive.com/Analyze_User?user_address=0x5c6ec2c267d41da9f383412b4c04e98c74c1ccc7
0x11c03425e2de0736dc60a3b0890573ee0871a1ed,0.14285714285714285,2.8288215833213446,28.005333674881314,79821879,58.986160952892014,21,https://hashdive.com/Analyze_User?user_address=0x11c03425e2de0736dc60a3b0890573ee0871a1ed
0x2a3c650f745469f61befe02066fe692895d7b2c4,0.391304347826087,2.828428881442047,28.001445926276265,79821879,59.44680505039499,23,https://hashdive.com/Analyze_User?user_address=0x2a3c650f745469f61befe02066fe692895d7b2c4
0x39cef52dab7c1cb2f1acc09983cee060df534b3f,0.75,2.828427124728622,28.00142853481336,79821879,12.044606728006999,8,https://hashdive.com/Analyze_User?user_address=0x39cef52dab7c1cb2f1acc09983cee060df534b3f
0x094e296fa844dd18378756c1185b84927dd12e69,0.375,2.8284271245780754,28.001428533322947,79821879,13.70544824334,8,https://hashdive.com/Analyze_User?user_address=0x094e296fa844dd18378756c1185b84927dd12e69
0x1f5de238fe8dbfcf300c6950ae35b0b3aca84593,0.25,2.8284271245483668,28.001428533028832,79821879,35.618676554279006,8,https://hashdive.com/Analyze_User?user_address=0x1f5de238fe8dbfcf300c6950ae35b0b3aca84593
0xc8071810a44be19f01aff5e8ca837c4956e02496,0.25,2.8284271225823177,28.001428513564942,79821879,0.46286129629,8,https://hashdive.com/Analyze_User?user_address=0xc8071810a44be19f01aff5e8ca837c4956e02496
0xc32f2de7c42d2db060e77a3602a6eef7c97faf66,0.25,2.8284271211845695,28.00142849972724,79821879,0.56706305828,8,https://hashdive.com/Analyze_User?user_address=0xc32f2de7c42d2db060e77a3602a6eef7c97faf66
0xb6a1f3bc03497c490af11adab0e36562aba9079d,1.0,2.828362374025063,28.000787502848127,79821879,40.9,8,https://hashdive.com/Analyze_User?user_address=0xb6a1f3bc03497c490af11adab0e36562aba9079d
0x14e6d2f1be90ec56985681c894c7b37fda6c29c7,0.18604651162790697,2.8277467709954016,27.994693032854478,79821879,1166.2454186940197,43,https://hashdive.com/Analyze_User?user_address=0x14e6d2f1be90ec56985681c894c7b37fda6c29c7
0x9a103dbf3d85861130dc10503d2172fd27ca7624,0.09523809523809523,9.177284850594905,27.99281000880079,79821879,43.46884300104304,105,https://hashdive.com/Analyze_User?user_address=0x9a103dbf3d85861130dc10503d2172fd27ca7624
0x561b66de68e53081d964f97e22142a88f1d10a5f,0.52,3.1169000519243366,27.977093417077825,79821879,1571.9454009463652,25,https://hashdive.com/Analyze_User?user_address=0x561b66de68e53081d964f97e22142a88f1d10a5f
0x437018158b9f27c9ab146fe2ec330ff8966f9282,0.2857142857142857,3.5776937125615564,27.96834481296749,79821879,0.125068777744,14,https://hashdive.com/Analyze_User?user_address=0x437018158b9f27c9ab146fe2ec330ff8966f9282
0xf29e193bcea1ae8c24f8a4e6c53b1fb2d63b3bcc,0.8,2.824854343966931,27.966058005272618,79821879,202.23123400400002,10,https://hashdive.com/Analyze_User?user_address=0xf29e193bcea1ae8c24f8a4e6c53b1fb2d63b3bcc
0x7671672af64d1686568b64ec372e2915dd958878,0.375,2.823137265085586,27.9490589243473,79821879,1100.75263861811,16,https://hashdive.com/Analyze_User?user_address=0x7671672af64d1686568b64ec372e2915dd958878
0xbf61f9ee4597faad7d8e67d629eb6b21afe46121,1.0,2.8221211292063373,27.93899917914274,79821879,786.0,8,https://hashdive.com/Analyze_User?user_address=0xbf61f9ee4597faad7d8e67d629eb6b21afe46121
0x0a17d7d1e66ec5f2ecb16928e3832ada34b05791,0.36363636363636365,2.8184857319891368,27.903008746692453,79821879,420.426815418168,11,https://hashdive.com/Analyze_User?user_address=0x0a17d7d1e66ec5f2ecb16928e3832ada34b05791
0xd73f0e628edeeaf216ac348ef1f3d51b75800a1e,0.23076923076923078,2.8181867388857,27.900048714968428,79821879,1179.96038571007,13,https://hashdive.com/Analyze_User?user_address=0xd73f0e628edeeaf216ac348ef1f3d51b75800a1e
0x32e3742a6dd363c3dfdba700b77f845ec99ad066,0.5172413793103449,2.8162592090546625,27.880966169641155,79821879,25776.290463709323,29,https://hashdive.com/Analyze_User?user_address=0x32e3742a6dd363c3dfdba700b77f845ec99ad066
0x2728d99b2405a52db60160837e130b3ba3c1a83c,0.45625,2.815539423993328,27.873840297533942,79821879,1308415.2777972075,160,https://hashdive.com/Analyze_User?user_address=0x2728d99b2405a52db60160837e130b3ba3c1a83c
0x63669060d4adab5e41ccb9d7918dc328eeec3db3,0.6842105263157895,3.78466911027545,27.866160125255355,79821879,230.105057090213,19,https://hashdive.com/Analyze_User?user_address=0x63669060d4adab5e41ccb9d7918dc328eeec3db3
0xea0cd45dd7f0bf48bf21535181da10950aa11f6f,0.3333333333333333,2.813753880453759,27.856163416492215,79821879,629.1528471257878,18,https://hashdive.com/Analyze_User?user_address=0xea0cd45dd7f0bf48bf21535181da10950aa11f6f
0xb5cd560cea8a1c3a6cf41020f172fa332de7e2ef,0.3888888888888889,3.7096732855118804,27.835362185795113,79821879,1114.854823565635,18,https://hashdive.com/Analyze_User?user_address=0xb5cd560cea8a1c3a6cf41020f172fa332de7e2ef
0xb5237c2d6226b216f8d4633352ffa07203bbe5fd,0.6382978723404256,6.4259180259469355,27.83419037977015,79821879,2025.0,47,https://hashdive.com/Analyze_User?user_address=0xb5237c2d6226b216f8d4633352ffa07203bbe5fd
0xf7b828f0c5a6b6de94375d3b8da89874c2a1da73,0.6956521739130435,3.7500750585321163,27.828735564042233,79821879,213.71898251108902,23,https://hashdive.com/Analyze_User?user_address=0xf7b828f0c5a6b6de94375d3b8da89874c2a1da73
0x8997f7928bf7db27864889cb1a7c9623ade5b9ca,0.1111111111111111,2.810411137183221,27.823070258113887,79829078,230.04978256619398,9,https://hashdive.com/Analyze_User?user_address=0x8997f7928bf7db27864889cb1a7c9623ade5b9ca
0xeed729d66638dc1bfa2cfed11a3107bf418bc2e0,0.3888888888888889,2.809173649733735,27.81081913236398,79821879,6031.5099436441715,18,https://hashdive.com/Analyze_User?user_address=0xeed729d66638dc1bfa2cfed11a3107bf418bc2e0
0x591866409a9188468e8de385554b585cc23a3b7f,0.2222222222222222,2.809156958227573,27.81065388645297,79829078,508.22834977124205,9,https://hashdive.com/Analyze_User?user_address=0x591866409a9188468e8de385554b585cc23a3b7f
0x75dc20b72096de63296773d4803df64cce868763,0.5405405405405406,2.8091197491601863,27.81028551668584,79821879,2267.740369499245,37,https://hashdive.com/Analyze_User?user_address=0x75dc20b72096de63296773d4803df64cce868763
0x071cacd8acba3c473a699def46bb90ee18f59f61,0.2222222222222222,2.8082388042684894,27.801564162258043,79829078,502.42020183050397,9,https://hashdive.com/Analyze_User?user_address=0x071cacd8acba3c473a699def46bb90ee18f59f61
0x9e96bf1a125edc30e4d5d0c4037cf40ed4d9633f,0.39473684210526316,2.8081708194491752,27.800891112546836,79821879,23812.353386378458,152,https://hashdive.com/Analyze_User?user_address=0x9e96bf1a125edc30e4d5d0c4037cf40ed4d9633f
0xe38d8fb23de9ab02d9bb59f2c9c4d0b5f6ab19be,0.5,3.3846415297722015,27.78357376070861,79821879,124.18132001142698,12,https://hashdive.com/Analyze_User?user_address=0xe38d8fb23de9ab02d9bb59f2c9c4d0b5f6ab19be
0x4b1b7a4f625c8e3796c7f9f13da7a501457ddb35,0.5,2.8052587439339813,27.772061564946412,79821879,18.751852992033,10,https://hashdive.com/Analyze_User?user_address=0x4b1b7a4f625c8e3796c7f9f13da7a501457ddb35
0xbc42172ed52179bf74bb8b8787609d0a020871e9,0.8571428571428571,6.218169423121815,27.764081949550345,79821879,108.17765052598206,56,https://hashdive.com/Analyze_User?user_address=0xbc42172ed52179bf74bb8b8787609d0a020871e9
0xf4597347180af956ae454cb000623bfdfedca5c8,0.42857142857142855,2.803936417791322,27.75897053613409,79821879,35958.07264664363,21,https://hashdive.com/Analyze_User?user_address=0xf4597347180af956ae454cb000623bfdfedca5c8
0x0a761ca96e91a7eab54f9ed3ea4086d949d4faa7,0.3333333333333333,3.3485142775443437,27.754827384810635,79821879,125.33526761793999,15,https://hashdive.com/Analyze_User?user_address=0x0a761ca96e91a7eab54f9ed3ea4086d949d4faa7
0x8d62a82a66077f8a67bc9e78f01f4e0ea3c2476c,0.9047619047619048,3.0943723969188657,27.74445941846399,79821879,11447.812721456805,42,https://hashdive.com/Analyze_User?user_address=0x8d62a82a66077f8a67bc9e78f01f4e0ea3c2476c
0x4ef60f6ab7e7f96144b279c3074e801a538a8385,0.25,2.8010868499645394,27.730759814648938,79821879,49.78994136858401,12,https://hashdive.com/Analyze_User?user_address=0x4ef60f6ab7e7f96144b279c3074e801a538a8385
0x81d715eb0a336e9c1a316a7e10f25a4d93de1957,0.35,2.8010113560999983,27.730012425389987,79821879,4720.087271682401,20,https://hashdive.com/Analyze_User?user_address=0x81d715eb0a336e9c1a316a7e10f25a4d93de1957
0x160753bfd6d579968227d44725e86cbc667059b6,0.7272727272727273,2.9439110044592134,27.71984429343927,79821879,122.512308544386,11,https://hashdive.com/Analyze_User?user_address=0x160753bfd6d579968227d44725e86cbc667059b6
0x2476584cb5b7a50c5254a087eb7bb4568b1d88bd,0.3888888888888889,3.766067885900002,27.71928790100338,79821879,345.10471393445414,36,https://hashdive.com/Analyze_User?user_address=0x2476584cb5b7a50c5254a087eb7bb4568b1d88bd
0x7f8d84fa64083ef92c404de17e166e6af6820dd0,0.43478260869565216,2.95391574765469,27.718190523334844,79821879,457.86845065612795,23,https://hashdive.com/Analyze_User?user_address=0x7f8d84fa64083ef92c404de17e166e6af6820dd0
0xa8cce5524b0c9664300002f4d1f779c41c3b728f,0.6610169491525424,7.346841115980517,27.716276476570982,79821879,2030.081011734723,59,https://hashdive.com/Analyze_User?user_address=0xa8cce5524b0c9664300002f4d1f779c41c3b728f
0x691603cf7394f096173711892ae9634a3e7c63aa,0.20833333333333334,2.7996212919103747,27.71625078991271,79821879,960.601591804774,24,https://hashdive.com/Analyze_User?user_address=0x691603cf7394f096173711892ae9634a3e7c63aa
0xdab5fc1d652a6687b55c955619f9e7496fffbd0c,0.5606060606060606,8.004331171363475,27.70737988253623,79829078,1203.2316777802412,66,https://hashdive.com/Analyze_User?user_address=0xdab5fc1d652a6687b55c955619f9e7496fffbd0c
0x6ac2bdbe3ed968b74248795615938b216a34df25,0.8,2.7987198854420856,27.707326865876645,79821879,493.11907,10,https://hashdive.com/Analyze_User?user_address=0x6ac2bdbe3ed968b74248795615938b216a34df25
0x2b2e0148d504b70b37f8f6d19618d7a0f5037466,0.6666666666666666,7.6939372535321855,27.68842050810902,79830877,66.71993108133499,63,https://hashdive.com/Analyze_User?user_address=0x2b2e0148d504b70b37f8f6d19618d7a0f5037466
0x1dbd838b24211251e96318af1b62dcf6e8fc3db6,0.6851851851851852,7.1521388128729155,27.673238191990777,79821879,1955.119664,54,https://hashdive.com/Analyze_User?user_address=0x1dbd838b24211251e96318af1b62dcf6e8fc3db6
0x3075272e3a2cf06f817b568666e9590124c4b0a7,0.1,2.7946285577829597,27.666822722051304,79830877,244.42758659932397,10,https://hashdive.com/Analyze_User?user_address=0x3075272e3a2cf06f817b568666e9590124c4b0a7
0xa2a750da68bbb87f9a781773fdb7fade10396594,0.9090909090909091,3.2795241556576196,27.66576168603966,79821879,775.2090929999999,11,https://hashdive.com/Analyze_User?user_address=0xa2a750da68bbb87f9a781773fdb7fade10396594
0xb595ef79e1fde63b9fadb8d0fac0e9107f39588e,0.2727272727272727,2.794002939837009,27.660629104386388,79821879,122.49328656746,11,https://hashdive.com/Analyze_User?user_address=0xb595ef79e1fde63b9fadb8d0fac0e9107f39588e
0xfad1272625f86dd87e4b646865bebafc43219fd1,0.44,3.5455975165605915,27.65470423366861,79821879,495.2801557059471,25,https://hashdive.com/Analyze_User?user_address=0xfad1272625f86dd87e4b646865bebafc43219fd1
0x8eee00e53a864fb08593f1d5136679843bbd0614,0.5714285714285714,2.792493911684163,27.645689725673215,79821879,8153.875093111527,21,https://hashdive.com/Analyze_User?user_address=0x8eee00e53a864fb08593f1d5136679843bbd0614
0xce768dd0dacaff5fb4228b691fd65827f464dc1f,0.45977011494252873,7.484949992445548,27.641476142240933,79821879,54.21040792563999,87,https://hashdive.com/Analyze_User?user_address=0xce768dd0dacaff5fb4228b691fd65827f464dc1f
0x5ff217f65accb24e74251584aca72ac252c4ba22,0.4375,2.791838397120936,27.63920013149726,79821879,2267.445292933463,16,https://hashdive.com/Analyze_User?user_address=0x5ff217f65accb24e74251584aca72ac252c4ba22
0x25842d93b261c64ce201e73a0100bd6de3b44933,0.7272727272727273,4.910790805036046,27.634930128707435,79821879,3100.0790150843027,33,https://hashdive.com/Analyze_User?user_address=0x25842d93b261c64ce201e73a0100bd6de3b44933
0x72f00e51652a33484edd3e94a0e1f8c35a15e301,0.5,2.7895580157439097,27.616624355864708,79821879,94.73682119798103,24,https://hashdive.com/Analyze_User?user_address=0x72f00e51652a33484edd3e94a0e1f8c35a15e301
0xaf2ecb9814cf865e113a054dd31b3b4ebc437d73,0.3,2.7894714840954875,27.615767692545326,79821879,427.129219354709,10,https://hashdive.com/Analyze_User?user_address=0xaf2ecb9814cf865e113a054dd31b3b4ebc437d73
0xb53b0b8d4de1440e23cf8956a9c56cd9840573f5,0.15384615384615385,2.7893394170793875,27.614460229085935,79821879,238.78665541981997,13,https://hashdive.com/Analyze_User?user_address=0xb53b0b8d4de1440e23cf8956a9c56cd9840573f5
0x7c50aa74f6a2df64bed3b6c47538f4d600455a8a,0.21568627450980393,2.78869537090912,27.608084172000286,79821879,466.5808753765628,51,https://hashdive.com/Analyze_User?user_address=0x7c50aa74f6a2df64bed3b6c47538f4d600455a8a
0xb58f0b6023f474d132f9f02e04582ab0343ea5a5,0.32727272727272727,2.788640261453174,27.607538588386422,79821879,1016.4825728521048,55,https://hashdive.com/Analyze_User?user_address=0xb58f0b6023f474d132f9f02e04582ab0343ea5a5
0xedd4c23f8d7d4f79bb27e34951b5ef769960f347,0.25,2.788311311437238,27.60428198322866,79821879,318.11248680159304,16,https://hashdive.com/Analyze_User?user_address=0xedd4c23f8d7d4f79bb27e34951b5ef769960f347
0x2318d167efadffc25a7573f81b5f855677ce8e43,0.8604651162790697,3.9160937060348195,27.599424194197866,79821879,7303.060478307107,43,https://hashdive.com/Analyze_User?user_address=0x2318d167efadffc25a7573f81b5f855677ce8e43
0x3041f627ee705b327a68e01d0cd8fdb254884b3b,0.1111111111111111,2.787732020426219,27.59854700221957,79830877,254.041837947348,9,https://hashdive.com/Analyze_User?user_address=0x3041f627ee705b327a68e01d0cd8fdb254884b3b
0x288726ee326267aa15e66bc690eb2d7b646ef7dd,0.25,2.8366325498156106,27.58984681559423,79821879,109.13917411700801,20,https://hashdive.com/Analyze_User?user_address=0x288726ee326267aa15e66bc690eb2d7b646ef7dd
0x39ef77b9aa1c712564bc2c5e1a63b58c1df2620f,0.1,2.786656952923896,27.587903833946573,79829078,255.37772266967696,10,https://hashdive.com/Analyze_User?user_address=0x39ef77b9aa1c712564bc2c5e1a63b58c1df2620f
0xbbcfa3c6469ab541e62bccebdd202e0d0bf391ab,0.25,3.2655908595676957,27.587256743936965,79821879,25.053796348062995,16,https://hashdive.com/Analyze_User?user_address=0xbbcfa3c6469ab541e62bccebdd202e0d0bf391ab
0x5bbefc673462f1955e31b4a2347450724946c65d,0.5569272976680384,6.881387207214763,27.582919947418134,79821879,24920.933368205064,729,https://hashdive.com/Analyze_User?user_address=0x5bbefc673462f1955e31b4a2347450724946c65d
0x0061f603a457754bae0241f1fb34f0ce6a5e8fd6,0.002967359050445104,10.0,27.581235392609354,79830877,68.8281590000002,2022,https://hashdive.com/Analyze_User?user_address=0x0061f603a457754bae0241f1fb34f0ce6a5e8fd6
0xb7daf6e87132b1793cde801bdfa8f8d6aa2e7c69,0.08333333333333333,2.7855697527592698,27.57714055231677,79821879,523.8532568650321,12,https://hashdive.com/Analyze_User?user_address=0xb7daf6e87132b1793cde801bdfa8f8d6aa2e7c69
0xbe62c2caf02e37603c9404a1c4280d219163107f,0.5555555555555556,2.785488218435351,27.576333362509974,79821879,17.298317443812,9,https://hashdive.com/Analyze_User?user_address=0xbe62c2caf02e37603c9404a1c4280d219163107f
0xfc2eda4ce64b0217b5f49298f500506a78a141a7,0.6296296296296297,4.172410749227892,27.575148489844437,79821879,8517.062764981569,27,https://hashdive.com/Analyze_User?user_address=0xfc2eda4ce64b0217b5f49298f500506a78a141a7
0x740772195373d51bf407a14191e01d9b6a21f154,0.5833333333333334,3.3565932138163443,27.55878169608667,79821879,0.106725235035,12,https://hashdive.com/Analyze_User?user_address=0x740772195373d51bf407a14191e01d9b6a21f154
0x71d831666baae7db3a1fb23ab10c17915c805c98,0.1111111111111111,2.7833810142627016,27.555472041200744,79829078,244.39657216151195,9,https://hashdive.com/Analyze_User?user_address=0x71d831666baae7db3a1fb23ab10c17915c805c98
0xf5f9413eee82586e7ffce1992deacb02866f9ad6,0.8205128205128205,2.78292765781937,27.55098381241176,79821879,26259.526927580064,39,https://hashdive.com/Analyze_User?user_address=0xf5f9413eee82586e7ffce1992deacb02866f9ad6
0x46e21488089476568b174f1667d4578ae0b51a31,0.21052631578947367,3.8143042750619403,27.54266007137599,79821879,19.272431678971,19,https://hashdive.com/Analyze_User?user_address=0x46e21488089476568b174f1667d4578ae0b51a31
0xadf7e14417edb66b8aa8c8bf1167e3a88ed655a5,0.38095238095238093,2.7820672002851063,27.542465282822555,79821879,111.88082436069699,21,https://hashdive.com/Analyze_User?user_address=0xadf7e14417edb66b8aa8c8bf1167e3a88ed655a5
0x94e4a1603d8ef174b40cd9af5cc06d3e7048b7cf,0.47107438016528924,5.505283562265167,27.538349339652513,79821879,3320.8591108041915,121,https://hashdive.com/Analyze_User?user_address=0x94e4a1603d8ef174b40cd9af5cc06d3e7048b7cf
0x687c1053af1e7d7d6ad4dc11f63bcf7751e2fab2,0.3333333333333333,4.21084376130005,27.533174598448184,79821879,49.510322264636,24,https://hashdive.com/Analyze_User?user_address=0x687c1053af1e7d7d6ad4dc11f63bcf7751e2fab2
0x1c2dc93cdd5492a166d87034226baab4149943f3,0.5789473684210527,3.582752772508966,27.532518228961198,79821879,3483.93,38,https://hashdive.com/Analyze_User?user_address=0x1c2dc93cdd5492a166d87034226baab4149943f3
0xbd4551317959abc7829df32e22b5d2fa0aef3dd4,0.44,2.7802936893892416,27.52490752495349,79827278,29065.468215726672,50,https://hashdive.com/Analyze_User?user_address=0xbd4551317959abc7829df32e22b5d2fa0aef3dd4
0xfe15ab2b5d5af545aecf26e620dd32b9890f865b,0.7407407407407407,4.754119262847561,27.523848548288953,79821879,3520.000014938548,27,https://hashdive.com/Analyze_User?user_address=0xfe15ab2b5d5af545aecf26e620dd32b9890f865b
0xcb3f46ce6fdca89196bf85d6e7a6b92c67744439,0.34523809523809523,7.5307335051759186,27.517146765172214,79821879,174.55491131999997,84,https://hashdive.com/Analyze_User?user_address=0xcb3f46ce6fdca89196bf85d6e7a6b92c67744439
0x547bc2f983ee1b8fe33dbf26138f312028240b8d,0.2727272727272727,2.7775532078440985,27.497776757656574,79821879,15.959959667459001,11,https://hashdive.com/Analyze_User?user_address=0x547bc2f983ee1b8fe33dbf26138f312028240b8d
0xca6e396c0cc6f037af310366bb9621a45a67141b,0.2608695652173913,2.7771819679650966,27.494101482854457,79821879,4810.620159608055,23,https://hashdive.com/Analyze_User?user_address=0xca6e396c0cc6f037af310366bb9621a45a67141b
0x5403225da36003509138b1311ab33a641fd8b62c,0.5512820512820513,5.22905854478025,27.489423877948944,79821879,401.49000938054576,78,https://hashdive.com/Analyze_User?user_address=0x5403225da36003509138b1311ab33a641fd8b62c
0xfdbad1dd309af982893b0d0b22340e398a7c9829,0.625,7.136395491242517,27.474378945736866,79821879,1890.7608092325227,56,https://hashdive.com/Analyze_User?user_address=0xfdbad1dd309af982893b0d0b22340e398a7c9829
0x0886d77ae89bb4370820a07b89f5608a3722f748,0.6666666666666666,3.1123355578684526,27.46285378550705,79821879,90.75345131042802,12,https://hashdive.com/Analyze_User?user_address=0x0886d77ae89bb4370820a07b89f5608a3722f748
0x75c4009e8a48b8e01d5eb66b703d1c78af74fff1,0.9090909090909091,3.3076226335665466,27.458052567031665,79821879,889.5,11,https://hashdive.com/Analyze_User?user_address=0x75c4009e8a48b8e01d5eb66b703d1c78af74fff1
0xd7f323337fda6edca600cd5948af702397f1135a,0.45454545454545453,2.818570036117184,27.451087131517045,79821879,67.990308517348,11,https://hashdive.com/Analyze_User?user_address=0xd7f323337fda6edca600cd5948af702397f1135a
0x37c203e646ac1477d56be7a9fdb21a3fa00273db,0.3333333333333333,2.772453996026442,27.447294560661774,79821879,2897.5794963577086,45,https://hashdive.com/Analyze_User?user_address=0x37c203e646ac1477d56be7a9fdb21a3fa00273db
0xb80dba49175629d13c918d52ebc4951dd752b052,0.4411764705882353,4.444580822432795,27.444791369924033,79821879,46.829619236,34,https://hashdive.com/Analyze_User?user_address=0xb80dba49175629d13c918d52ebc4951dd752b052
0x81a60a0882a2393dd4a453e257af763e3362762e,0.2378167641325536,10.0,27.44338431435971,79825478,333.21874826900006,513,https://hashdive.com/Analyze_User?user_address=0x81a60a0882a2393dd4a453e257af763e3362762e
0x81a1b54fae6aef42a81436e513bc1cc52829aef0,0.4358974358974359,2.771936614301008,27.44217248157998,79821879,1236.4237932934243,39,https://hashdive.com/Analyze_User?user_address=0x81a1b54fae6aef42a81436e513bc1cc52829aef0
0x0c6e6efaa78fe3d8c7cddd092cd3e2955f9c6425,0.8461538461538461,2.7716015714471482,27.438855557326768,79821879,5860.8099999999995,13,https://hashdive.com/Analyze_User?user_address=0x0c6e6efaa78fe3d8c7cddd092cd3e2955f9c6425
0xc4622c77a41980b17d18a5637e3b62dd9a3ce245,0.6,2.7700113181955595,27.423112050136037,79821879,111.45706400196501,10,https://hashdive.com/Analyze_User?user_address=0xc4622c77a41980b17d18a5637e3b62dd9a3ce245
0xa416a5c03381c90b94e4c1881b0494281e3e025e,0.4489795918367347,3.3175130776244224,27.41098972588795,79821879,94868.32452825893,98,https://hashdive.com/Analyze_User?user_address=0xa416a5c03381c90b94e4c1881b0494281e3e025e
0x12cca223a16bd53dcd294dcaa44cde75568d4439,0.4,3.162277658701888,27.40873932821617,79821879,0.08666613041299999,10,https://hashdive.com/Analyze_User?user_address=0x12cca223a16bd53dcd294dcaa44cde75568d4439
0xec6c974130c918edf44b46f001c1228cf59064fe,0.5277777777777778,5.957069182382199,27.398643150217357,79821879,80.48839764474,36,https://hashdive.com/Analyze_User?user_address=0xec6c974130c918edf44b46f001c1228cf59064fe
0x0301f2af3f032bb6129a92bf361dc0c7337ad1d4,0.021367521367521368,10.0,27.39661430333185,79821879,12.902987000000062,234,https://hashdive.com/Analyze_User?user_address=0x0301f2af3f032bb6129a92bf361dc0c7337ad1d4
0x5e9ffe7473eba7fa54ff7ec5032f70310b3991db,0.3235294117647059,2.767231345058751,27.395590316081634,79830877,32615.678212864703,170,https://hashdive.com/Analyze_User?user_address=0x5e9ffe7473eba7fa54ff7ec5032f70310b3991db
0x25f8eee33c0e3420cd327912ada94112cdd9c282,0.5,2.7661987496970535,27.385367622000828,79821879,4096.614491341822,16,https://hashdive.com/Analyze_User?user_address=0x25f8eee33c0e3420cd327912ada94112cdd9c282
0x3933db6220156b6133b39b2cc54c67600d623e64,0.15,2.7656471739627526,27.37990702223125,79821879,1062.282093247543,20,https://hashdive.com/Analyze_User?user_address=0x3933db6220156b6133b39b2cc54c67600d623e64
0x6c445f65137a03b3b55168cad0109239cc2d3e3e,0.09090909090909091,2.76501119269267,27.373610807657435,79829078,243.870769776482,11,https://hashdive.com/Analyze_User?user_address=0x6c445f65137a03b3b55168cad0109239cc2d3e3e
0x5fc4ceb761540f272b62ff2a37d1c588eefd3a28,0.28,3.45968457192083,27.37256823068504,79821879,76.43618394525599,25,https://hashdive.com/Analyze_User?user_address=0x5fc4ceb761540f272b62ff2a37d1c588eefd3a28
0x8ae26f3aedf6aecdf807f9a72acdaf9709775e05,0.3684210526315789,2.763785506784148,27.361476517163066,79821879,88.412084097877,19,https://hashdive.com/Analyze_User?user_address=0x8ae26f3aedf6aecdf807f9a72acdaf9709775e05
0x343d4466dc323b850e5249394894c7381d91456e,0.5882352941176471,4.218721059223227,27.361205316556028,79821879,2604547.667341,34,https://hashdive.com/Analyze_User?user_address=0x343d4466dc323b850e5249394894c7381d91456e
0xe07044225b3f3cc7a7cf6a7cb0ce7d6980e2b7db,0.6,6.111052821956155,27.359769764678376,79821879,2072.0,45,https://hashdive.com/Analyze_User?user_address=0xe07044225b3f3cc7a7cf6a7cb0ce7d6980e2b7db
0xf4716681e764df9bb153ff8503baa57dbde21088,0.875,2.763276543093665,27.356437776627285,79821879,123.04273013611801,8,https://hashdive.com/Analyze_User?user_address=0xf4716681e764df9bb153ff8503baa57dbde21088
0x8d57fa5b8c130877e40c985494d532aa4ff29c4b,0.15384615384615385,2.7628546784902026,27.352261317053003,79821879,5.285764398439999,13,https://hashdive.com/Analyze_User?user_address=0x8d57fa5b8c130877e40c985494d532aa4ff29c4b
0xeba5d1af0d6bf44b0a460e0cb484becfcebdc562,0.1111111111111111,2.762819268067659,27.351910753869824,79829078,245.76670341544903,9,https://hashdive.com/Analyze_User?user_address=0xeba5d1af0d6bf44b0a460e0cb484becfcebdc562
0xd216190326a59d0e21f541d31e10d9031eb0d911,0.6153846153846154,3.6278469494817354,27.348901869589504,79821879,796.7910088704521,26,https://hashdive.com/Analyze_User?user_address=0xd216190326a59d0e21f541d31e10d9031eb0d911
0xd1a0cb709a6066c054d810a879cf30102d7b5bdc,0.2777777777777778,4.684975588240249,27.348192574040965,79821879,455.345636658653,36,https://hashdive.com/Analyze_User?user_address=0xd1a0cb709a6066c054d810a879cf30102d7b5bdc
0x393492f74468ecb30ca6545d3134c0e4da716307,0.6363636363636364,2.7623261502047933,27.347028887027456,79821879,762.4610480000001,11,https://hashdive.com/Analyze_User?user_address=0x393492f74468ecb30ca6545d3134c0e4da716307
0x0cb10c40b0776e9ee8cef970af85724654dda76c,0.4847071021254536,10.0,27.33938096072745,79830877,38269.01721694109,1929,https://hashdive.com/Analyze_User?user_address=0x0cb10c40b0776e9ee8cef970af85724654dda76c
0x7d7c8097c4c18cc607414cc2bbfa7c03a1549fd1,0.4,2.7612922779605844,27.336793551809784,79821879,1701.4226079999999,10,https://hashdive.com/Analyze_User?user_address=0x7d7c8097c4c18cc607414cc2bbfa7c03a1549fd1
0xbd2e16ec52022716386cb27a264555bad4cb9bd4,0.5555555555555556,2.76125701680694,27.336444466388702,79821879,379.67637936301907,9,https://hashdive.com/Analyze_User?user_address=0xbd2e16ec52022716386cb27a264555bad4cb9bd4
0x74cbe13dba27a6a16805e9e7142ee68aa09cae6d,0.6151012891344383,8.191880336606273,27.328863360129564,79821879,1917.6262237288618,543,https://hashdive.com/Analyze_User?user_address=0x74cbe13dba27a6a16805e9e7142ee68aa09cae6d
0x52ddb58f48de9cd41c661460de7f6688c143e573,0.25,2.7596248368379084,27.32028588469529,79829078,518.324559108642,8,https://hashdive.com/Analyze_User?user_address=0x52ddb58f48de9cd41c661460de7f6688c143e573
0x8853fb99aaba4d1a3ef61c3cf7f21c55e3e66d22,0.6206896551724138,3.3924707783993795,27.27284809726685,79821879,1719.7189667012988,29,https://hashdive.com/Analyze_User?user_address=0x8853fb99aaba4d1a3ef61c3cf7f21c55e3e66d22
0x1ab60eddb32339dda7d1a5bcd6c485e59fd24731,0.3055555555555556,2.7510227283680186,27.235125010843383,79821879,138.207316701259,36,https://hashdive.com/Analyze_User?user_address=0x1ab60eddb32339dda7d1a5bcd6c485e59fd24731
0x9cc79cfa4af721c5c89006c5217a0659d3b7ec85,0.125,2.7509095754259856,27.234004796717258,79829078,251.31918346375102,8,https://hashdive.com/Analyze_User?user_address=0x9cc79cfa4af721c5c89006c5217a0659d3b7ec85
0x0b003256ebc2122c5899a529a965870f47fb8c73,0.3,2.9442111754836366,27.230062302826184,79821879,43.903263352394006,10,https://hashdive.com/Analyze_User?user_address=0x0b003256ebc2122c5899a529a965870f47fb8c73
0xb9eab70c0014c0d5aeef913b353845a0e7c9e15c,0.49377593360995853,10.0,27.22949255055431,79821879,4365.993245356082,241,https://hashdive.com/Analyze_User?user_address=0xb9eab70c0014c0d5aeef913b353845a0e7c9e15c
0xb01d425bb6d20f1c5ab636b282cd21a47b6d1634,0.6111111111111112,3.711042626430262,27.223137414895735,79821879,34.78376289306501,18,https://hashdive.com/Analyze_User?user_address=0xb01d425bb6d20f1c5ab636b282cd21a47b6d1634
0xb11be470231f42e02d02dc3029aa63580073c7de,0.6904761904761905,3.4434593111086143,27.220615535958142,79821879,3213.0350000000003,42,https://hashdive.com/Analyze_User?user_address=0xb11be470231f42e02d02dc3029aa63580073c7de
0x3e64b197a25cc70216cc1d0e1fd3158833dd659f,0.2222222222222222,2.749364321350199,27.218706781366965,79821879,15.554000000000002,9,https://hashdive.com/Analyze_User?user_address=0x3e64b197a25cc70216cc1d0e1fd3158833dd659f
0x8f2147537a9b28d636d64a6c9c9c46de324a4883,0.8,2.9211965900962875,27.213988468236266,79821879,14.905495586416,10,https://hashdive.com/Analyze_User?user_address=0x8f2147537a9b28d636d64a6c9c9c46de324a4883
0xd113c2884eb5c0bbed09c2627d1505219e2ad256,0.5294117647058824,3.4713158294007647,27.213515121234856,79821879,84.528111133591,17,https://hashdive.com/Analyze_User?user_address=0xd113c2884eb5c0bbed09c2627d1505219e2ad256
0xa36bcde66e0c48b438a7f155a8f6c2fef0fdc1c3,0.1111111111111111,2.7484819575922645,27.20997138016342,79830877,241.810362460654,9,https://hashdive.com/Analyze_User?user_address=0xa36bcde66e0c48b438a7f155a8f6c2fef0fdc1c3
0x904ae3244b8f6e74fb3c7631809ac4ac595c6232,0.5,5.682530381575525,27.205033414262058,79821879,2905.3859099621927,64,https://hashdive.com/Analyze_User?user_address=0x904ae3244b8f6e74fb3c7631809ac4ac595c6232
0x50330ca7fa030ef6ce2196ca2d58530e5425b48b,0.42857142857142855,3.048433573068956,27.190857779641977,79821879,435.485222553668,21,https://hashdive.com/Analyze_User?user_address=0x50330ca7fa030ef6ce2196ca2d58530e5425b48b
0xd82d94a0f1df25f7fcd357ff5064bc359d918c12,0.6785714285714286,4.663847126230011,27.18909834577092,79821879,3016.2,28,https://hashdive.com/Analyze_User?user_address=0xd82d94a0f1df25f7fcd357ff5064bc359d918c12
0x79e04860494b9a81a1e55f5d54294dffbcd4cd79,0.4146341463414634,4.547759769130134,27.178969559245076,79821879,1129.962546519265,41,https://hashdive.com/Analyze_User?user_address=0x79e04860494b9a81a1e55f5d54294dffbcd4cd79
0x526ddfc4a5c40158b9679e8e97db67017dc373f1,0.5431034482758621,7.972304836458645,27.17591898492525,79821879,981.8457675013238,116,https://hashdive.com/Analyze_User?user_address=0x526ddfc4a5c40158b9679e8e97db67017dc373f1
0x09af3deb2c082deeb52af4758bc766da424b9de7,0.5,2.830980864596783,27.16328330370181,79821879,115.71536403310301,14,https://hashdive.com/Analyze_User?user_address=0x09af3deb2c082deeb52af4758bc766da424b9de7
0x7a9bdd8e442780f22eee09f976d990ecaa4e59f6,1.0,2.7433844002187815,27.159505562165936,79821879,5624.15,8,https://hashdive.com/Analyze_User?user_address=0x7a9bdd8e442780f22eee09f976d990ecaa4e59f6
0x42083346fae0d9c96a527b6a5898de3d70f71094,0.3333333333333333,2.743260373089349,27.158277693584555,79821879,214.09133964044702,9,https://hashdive.com/Analyze_User?user_address=0x42083346fae0d9c96a527b6a5898de3d70f71094
0x1328c7cd084d943fbb0276c595a6fc0fa71a4fda,0.5454545454545454,2.742976759649707,27.1554699205321,79821879,33.572008,11,https://hashdive.com/Analyze_User?user_address=0x1328c7cd084d943fbb0276c595a6fc0fa71a4fda
0x8b21f16cfa134c697fb76338ced8aabfd5fe10c5,0.7083333333333334,2.741879201789712,27.14460409771815,79821879,10418.459476324375,24,https://hashdive.com/Analyze_User?user_address=0x8b21f16cfa134c697fb76338ced8aabfd5fe10c5
0x0e90cd06a7435f600138a10a5f2d9d45edd5beb7,0.3,3.0508590724336235,27.122236486896124,79821879,0.09778218905200001,10,https://hashdive.com/Analyze_User?user_address=0x0e90cd06a7435f600138a10a5f2d9d45edd5beb7
0x5fb9f59bf39e2c31766ea8a6ceaf76918d3ea2c1,0.46153846153846156,3.4412362149461244,27.114840903648233,79821879,11.819057568505002,13,https://hashdive.com/Analyze_User?user_address=0x5fb9f59bf39e2c31766ea8a6ceaf76918d3ea2c1
0x4833b5c939c42284a2a441820eeb3888c29c6956,0.7777777777777778,3.563151953909515,27.107004944773415,79821879,139.49108565232805,27,https://hashdive.com/Analyze_User?user_address=0x4833b5c939c42284a2a441820eeb3888c29c6956
0x727fdf699167ec303927f44d48f3f8e1791b914b,0.7804878048780488,5.58487615104691,27.097295535416798,79821879,63.59276500000001,41,https://hashdive.com/Analyze_User?user_address=0x727fdf699167ec303927f44d48f3f8e1791b914b
0x3f74fcb59dbae80549bd7ac1b75bf03d5c24ffda,0.5257731958762887,6.702312676474596,27.093826401682854,79821879,950.8987878630932,194,https://hashdive.com/Analyze_User?user_address=0x3f74fcb59dbae80549bd7ac1b75bf03d5c24ffda
0x8c50cf662956b0c483140c581a7d6809d9358b7a,0.723404255319149,6.767720361270988,27.093029281532324,79821879,1723.00608,47,https://hashdive.com/Analyze_User?user_address=0x8c50cf662956b0c483140c581a7d6809d9358b7a
0x6d8704a7f7ed6b7532d1d363dc73bee882d0f6c2,0.5882352941176471,2.7363921402924603,27.090282188895358,79821879,5007.822511262,17,https://hashdive.com/Analyze_User?user_address=0x6d8704a7f7ed6b7532d1d363dc73bee882d0f6c2
0xc90524794808294216a63dd5723a28918e4a6303,0.7,3.8382802432231804,27.081988140548667,79821879,131.914474,20,https://hashdive.com/Analyze_User?user_address=0xc90524794808294216a63dd5723a28918e4a6303
0xc666933d0429b82089b7177c1ec817d1f4c18d00,0.4444444444444444,2.7868341479799246,27.05931492267483,79821879,610.5343062065351,9,https://hashdive.com/Analyze_User?user_address=0xc666933d0429b82089b7177c1ec817d1f4c18d00
0x13d7755cdea3d1d72e2107713c5e0bf61f751038,0.1111111111111111,2.732953136291373,27.056236049284593,79829078,247.64651007340697,9,https://hashdive.com/Analyze_User?user_address=0x13d7755cdea3d1d72e2107713c5e0bf61f751038
0xc6fa0d5a7cdfed7eddfdb7e0d6c05b29477bdd75,0.2857142857142857,3.2189886860799124,27.04929056909052,79821879,26.074510958287,14,https://hashdive.com/Analyze_User?user_address=0xc6fa0d5a7cdfed7eddfdb7e0d6c05b29477bdd75
0x7d0b275e9551c111308a446737b8fd73c95eb2fa,0.4444444444444444,2.8647322385558733,27.046643572298898,79821879,42.485486854417005,9,https://hashdive.com/Analyze_User?user_address=0x7d0b275e9551c111308a446737b8fd73c95eb2fa
0x250c209da4b8cd7543a12eed529efc68b6982774,0.1956027293404094,10.0,27.04660571244912,79830877,1267.279845356293,1319,https://hashdive.com/Analyze_User?user_address=0x250c209da4b8cd7543a12eed529efc68b6982774
0xe1209231c3e00791c704eb3ce61a2de2bc926d22,0.64,3.6758608723633786,27.03334168144498,79821879,57.95192375471199,25,https://hashdive.com/Analyze_User?user_address=0xe1209231c3e00791c704eb3ce61a2de2bc926d22
0x7ddad02f369c93d6163fa624dba1d8832ae44ecb,0.7,3.855768390088769,27.03323850446038,79821879,129.891427,20,https://hashdive.com/Analyze_User?user_address=0x7ddad02f369c93d6163fa624dba1d8832ae44ecb
0x54823dc484c64f7a0715983a596685be768bd2b7,0.35,2.730119340667317,27.028181472606438,79821879,100.66636937018201,20,https://hashdive.com/Analyze_User?user_address=0x54823dc484c64f7a0715983a596685be768bd2b7
0x2f5862f865bd80baa089719a2824c845b333129a,0.36363636363636365,3.421870991091825,27.02519398088272,79821879,6939.852423898211,44,https://hashdive.com/Analyze_User?user_address=0x2f5862f865bd80baa089719a2824c845b333129a
0xbec0009014ad73212e4d640ca359b3ca09a34b37,0.3142857142857143,3.695808904090421,27.021597190065844,79821879,140.266573413549,35,https://hashdive.com/Analyze_User?user_address=0xbec0009014ad73212e4d640ca359b3ca09a34b37
0x996cc26aff034243e563a88624666d05fa9fd8b9,0.46875,2.959753401794104,27.0161948647282,79821879,30103.441820014683,64,https://hashdive.com/Analyze_User?user_address=0x996cc26aff034243e563a88624666d05fa9fd8b9
0x47a8b07b98debc244b78f2ddf7f7a144b039c34e,0.36363636363636365,2.728634166596866,27.013478249308974,79821879,634.878410686147,11,https://hashdive.com/Analyze_User?user_address=0x47a8b07b98debc244b78f2ddf7f7a144b039c34e
0xea703a3ecc85e0185b6df24513da5192ee00f1c3,0.2857142857142857,2.8945819761819993,27.011661892643367,79821879,1036.7202511202802,21,https://hashdive.com/Analyze_User?user_address=0xea703a3ecc85e0185b6df24513da5192ee00f1c3
0x81eee0fa4940bb57346da2fd60734259c2b89a1b,0.46153846153846156,2.728088505064842,27.008076200141936,79821879,40.225772355065985,13,https://hashdive.com/Analyze_User?user_address=0x81eee0fa4940bb57346da2fd60734259c2b89a1b
0x7c370385fb17a043441166e60570c8dbbb65ede2,0.6363636363636364,2.7261916292842474,26.989297129914046,79830877,161.72581412000002,11,https://hashdive.com/Analyze_User?user_address=0x7c370385fb17a043441166e60570c8dbbb65ede2
0x214d5ecc0087d76d3f399645beee343628f9fa0e,0.45,3.618657880731163,26.986698784944526,79821879,109.388992,20,https://hashdive.com/Analyze_User?user_address=0x214d5ecc0087d76d3f399645beee343628f9fa0e
0xe2140c9806df920bc4326fe4a19d820acfaee516,0.8571428571428571,3.2699453803343372,26.98415243329235,79821879,2840.0610639999995,14,https://hashdive.com/Analyze_User?user_address=0xe2140c9806df920bc4326fe4a19d820acfaee516
0x2e7828f8dbd782bdde6e1cbb317ff9ac299d4676,0.2222222222222222,2.9817436784295905,26.975961761725543,79821879,69.999453378131,18,https://hashdive.com/Analyze_User?user_address=0x2e7828f8dbd782bdde6e1cbb317ff9ac299d4676
0xd8c7902d6ff93ab73b440795a3e301abf6562f9e,0.1111111111111111,2.7246259536038178,26.973796940677794,79829078,248.40560872401997,9,https://hashdive.com/Analyze_User?user_address=0xd8c7902d6ff93ab73b440795a3e301abf6562f9e
0xff66fc73d9235887613e15b74234c8c9c1084691,0.2702702702702703,3.7275369266993956,26.971931222402464,79821879,372.8337515847849,37,https://hashdive.com/Analyze_User?user_address=0xff66fc73d9235887613e15b74234c8c9c1084691
0xc64dc807352babd73eb3c37b4d4fd0b63263ac87,0.6666666666666666,2.7242529074718376,26.97010378397119,79821879,347.73522751531294,9,https://hashdive.com/Analyze_User?user_address=0xc64dc807352babd73eb3c37b4d4fd0b63263ac87
0x47fcb31f631f2e992331fc80d3fb9fb106d7979d,0.6666666666666666,2.7237640715911917,26.9652643087528,79821879,162.902944697669,9,https://hashdive.com/Analyze_User?user_address=0x47fcb31f631f2e992331fc80d3fb9fb106d7979d
0x546cff90764204f17a6c9b3215727cd941b09b5c,0.6857142857142857,4.972811583237212,26.95112210355312,79821879,6017.5795,35,https://hashdive.com/Analyze_User?user_address=0x546cff90764204f17a6c9b3215727cd941b09b5c
0xcec5e7478801ea8fe8651869be259b3d14ce764f,0.3,2.9002179504835834,26.94316944672459,79821879,160.558952,20,https://hashdive.com/Analyze_User?user_address=0xcec5e7478801ea8fe8651869be259b3d14ce764f
0xd9c1eb39f3bee0d4258abfa0b7ff4b8635302cc7,0.08333333333333333,2.7209053349247796,26.93696281575532,79821879,5.216879555536998,12,https://hashdive.com/Analyze_User?user_address=0xd9c1eb39f3bee0d4258abfa0b7ff4b8635302cc7
0x87f9096b6a6446abaaec7348ee807f7a054cdbb5,0.13636363636363635,3.04923320026799,26.901185186620342,79830877,1063.9019756312289,22,https://hashdive.com/Analyze_User?user_address=0x87f9096b6a6446abaaec7348ee807f7a054cdbb5
0x9f5aa44b370ef137dcf56e262da304e3143438a4,0.5379746835443038,10.0,26.89814590773328,79821879,198.23352100000002,158,https://hashdive.com/Analyze_User?user_address=0x9f5aa44b370ef137dcf56e262da304e3143438a4
0x6ae8944e50e66bff1ab893ba42e99fde3b5befbc,0.6896551724137931,7.141045248305818,26.893836027847907,79821879,2026.0823671367018,58,https://hashdive.com/Analyze_User?user_address=0x6ae8944e50e66bff1ab893ba42e99fde3b5befbc
0xaf841b1277551975d16e7d49d0ab734294fc84ff,0.0625,3.098976905440618,26.88155878484322,79821879,5.751022162905999,16,https://hashdive.com/Analyze_User?user_address=0xaf841b1277551975d16e7d49d0ab734294fc84ff
0x1a59699735275667cd6d615eb94afb8a2a66b234,0.4,3.367646015412472,26.88122074702828,79821879,138.09145645092102,15,https://hashdive.com/Analyze_User?user_address=0x1a59699735275667cd6d615eb94afb8a2a66b234
0xde881be900236975ab3ebef1144dc2ded165aca8,0.36363636363636365,3.1848588301260303,26.87851295683228,79821879,123.66302280738299,11,https://hashdive.com/Analyze_User?user_address=0xde881be900236975ab3ebef1144dc2ded165aca8
0x97e1b0aabfa6eca7f4254e7d76bfb36aac275917,0.05555555555555555,3.0423335213899407,26.871071141547933,79830877,60.040795149606986,18,https://hashdive.com/Analyze_User?user_address=0x97e1b0aabfa6eca7f4254e7d76bfb36aac275917
0x7826916de4fb7ce7098498f97fb1392aa919191f,0.3870967741935484,7.5805519613443835,26.866604712945232,79821879,1355.315302544692,155,https://hashdive.com/Analyze_User?user_address=0x7826916de4fb7ce7098498f97fb1392aa919191f
0xddad95d46786fe23dd9d95854821f2ec73cb1fe8,0.75,2.7136018788858998,26.864658600970408,79821879,10.728187339687,8,https://hashdive.com/Analyze_User?user_address=0xddad95d46786fe23dd9d95854821f2ec73cb1fe8
0xd6370b5213693c3a708575da82adbea189321c86,0.36,2.7118975469978635,26.847785715278846,79821879,36820.56092466096,25,https://hashdive.com/Analyze_User?user_address=0xd6370b5213693c3a708575da82adbea189321c86
0xbdb01d1bc6559e320483ef8560713ca71ec8f974,0.2727272727272727,2.7117834312032794,26.846655968912465,79821879,566.1041956483491,11,https://hashdive.com/Analyze_User?user_address=0xbdb01d1bc6559e320483ef8560713ca71ec8f974
0xf6fb3a66cd758bedc974b6c21634cbf8e28bb4a6,0.4,3.972139733670119,26.836981833286767,79821879,489.108553101992,30,https://hashdive.com/Analyze_User?user_address=0xf6fb3a66cd758bedc974b6c21634cbf8e28bb4a6
0x1b740123415b0dccff0ee15e199b3508dcb2778c,0.3,2.71039036317487,26.83286459543121,79821879,7478.651601263935,30,https://hashdive.com/Analyze_User?user_address=0x1b740123415b0dccff0ee15e199b3508dcb2778c
0x424bac669dfa92814179dcedd50c112ec27b1ba4,1.0,2.867480957008501,26.82571627936149,79821879,116.003624884935,11,https://hashdive.com/Analyze_User?user_address=0x424bac669dfa92814179dcedd50c112ec27b1ba4
0x87e0c7cd68329d1e47c885a07d8bd08ef081ee7e,0.11764705882352941,4.0249324391137735,26.81397362483162,79821879,0.11990620824999995,17,https://hashdive.com/Analyze_User?user_address=0x87e0c7cd68329d1e47c885a07d8bd08ef081ee7e
0x7a996251fa8ffe6b08cddf11814c6ff411b63c20,0.42857142857142855,2.932436263034349,26.811507127217315,79821879,214.889100591234,14,https://hashdive.com/Analyze_User?user_address=0x7a996251fa8ffe6b08cddf11814c6ff411b63c20
0x4c9f9934a9362b68cebd3f65d22ccf3e4448c97a,0.21973094170403587,2.7076351026743177,26.805587516475743,79821879,16668.34211728068,223,https://hashdive.com/Analyze_User?user_address=0x4c9f9934a9362b68cebd3f65d22ccf3e4448c97a
0x4dc0a0eb6bdcba01ab25c8f18550af7052c3a09d,0.4444444444444444,2.706972345176928,26.799026217251587,79821879,353.436399698814,18,https://hashdive.com/Analyze_User?user_address=0x4dc0a0eb6bdcba01ab25c8f18550af7052c3a09d
0xbca17fe1ddfad33f3488be59b252a876fa29ae4d,0.7222222222222222,3.679351088943939,26.798585395106514,79821879,164.47676791730402,18,https://hashdive.com/Analyze_User?user_address=0xbca17fe1ddfad33f3488be59b252a876fa29ae4d
0xd1e63a23e179dea3c32a3eb76428c8fc1c37618d,0.35714285714285715,2.7064730388234874,26.794083084352526,79821879,1136.2444860796911,14,https://hashdive.com/Analyze_User?user_address=0xd1e63a23e179dea3c32a3eb76428c8fc1c37618d
0xbf2b105711f48e1253bc2026ca8c4945f1d8a7f0,0.6363636363636364,2.8083806340286497,26.77884327016924,79821879,157.189712432514,11,https://hashdive.com/Analyze_User?user_address=0xbf2b105711f48e1253bc2026ca8c4945f1d8a7f0
0x8d8da135a346a0cd94ef2b0c468de39d2c7cbce8,0.14285714285714285,2.704427827218015,26.77383548945835,79821879,91.66439753155002,14,https://hashdive.com/Analyze_User?user_address=0x8d8da135a346a0cd94ef2b0c468de39d2c7cbce8
0xf4b0934ae80dbe1bf3ae75a416cfb6473aea7b89,0.375,2.703911896494921,26.76872777529972,79821879,143.3073,8,https://hashdive.com/Analyze_User?user_address=0xf4b0934ae80dbe1bf3ae75a416cfb6473aea7b89
0xf4574b5927424c8d57b65aa907e4f0d8788703bd,0.5428571428571428,2.7034202368949964,26.763860345260465,79821879,2516.7106856872833,35,https://hashdive.com/Analyze_User?user_address=0xf4574b5927424c8d57b65aa907e4f0d8788703bd
0xe18a40ec7edd52d08629e4884d3099146cacfd87,0.6288659793814433,8.154924218000863,26.75150583155142,79830877,21007.837754548666,97,https://hashdive.com/Analyze_User?user_address=0xe18a40ec7edd52d08629e4884d3099146cacfd87
0x8ae1b216952ed50db13eb2d9ba9301474a0f30f4,0.75,2.7001697801609006,26.731680823592914,79821879,16.191687963811,8,https://hashdive.com/Analyze_User?user_address=0x8ae1b216952ed50db13eb2d9ba9301474a0f30f4
0x3364390c724582e291ed647f6e9d23062799a8d4,0.7272727272727273,2.698247366815865,26.712648931477062,79821879,87.768983,11,https://hashdive.com/Analyze_User?user_address=0x3364390c724582e291ed647f6e9d23062799a8d4
0xb7acca0d75cae92841d7afdd86756a660d6dcaa2,0.25,2.6980925580388675,26.711116324584786,79821879,49.094402526208,12,https://hashdive.com/Analyze_User?user_address=0xb7acca0d75cae92841d7afdd86756a660d6dcaa2
0x0b9168da5620dfab028b53c753a3be88d585ae77,0.3465346534653465,5.793140031353414,26.709191516414002,79821879,4508.712776652565,101,https://hashdive.com/Analyze_User?user_address=0x0b9168da5620dfab028b53c753a3be88d585ae77
0xd947091944706d6d1dc1022b84bc4a75cf902efa,0.7,2.6966941810833642,26.697272392725306,79821879,11.863734036806001,10,https://hashdive.com/Analyze_User?user_address=0xd947091944706d6d1dc1022b84bc4a75cf902efa
0x4f7dd31f54c0f96631e82fce0f2a5c36bd4e6aea,0.6666666666666666,4.555424448702634,26.69127002967358,79821879,239.64192718603402,21,https://hashdive.com/Analyze_User?user_address=0x4f7dd31f54c0f96631e82fce0f2a5c36bd4e6aea
0xdda321512a93bc563301849aa767857567a8d256,0.5555555555555556,2.6953845437725885,26.684306983348627,79821879,49.210192,9,https://hashdive.com/Analyze_User?user_address=0xdda321512a93bc563301849aa767857567a8d256
0x3bd2750af1efffcab2702892ed0c4ec4d5f2750e,0.1111111111111111,2.6952032478843875,26.682512154055438,79829078,254.72655616714098,9,https://hashdive.com/Analyze_User?user_address=0x3bd2750af1efffcab2702892ed0c4ec4d5f2750e
0x849816b404a9a08fbaa1ecbbb008e1b9c9900e94,0.43564356435643564,7.159026755673454,26.67981364793998,79821879,1098.972932666583,101,https://hashdive.com/Analyze_User?user_address=0x849816b404a9a08fbaa1ecbbb008e1b9c9900e94
0x981abe53c2c619c778341e310ec7483ce2ff3600,0.2,2.6942583372691513,26.6731575389646,79821879,78.82356100000001,10,https://hashdive.com/Analyze_User?user_address=0x981abe53c2c619c778341e310ec7483ce2ff3600
0xa201ebf764c7d2bbbf80a2cdf8e311c6ddaceccf,0.0625,2.6935239180481787,26.665886788676968,79825478,192.678424632839,16,https://hashdive.com/Analyze_User?user_address=0xa201ebf764c7d2bbbf80a2cdf8e311c6ddaceccf
0xf82fbdc95e85a411b4536f7e139887a54b584bb1,0.7,2.692503847187788,26.6557880871591,79821879,58.111403035081004,10,https://hashdive.com/Analyze_User?user_address=0xf82fbdc95e85a411b4536f7e139887a54b584bb1
0x233669f23714f9f39744538338a85efc1990fa17,0.6,2.6888529179107987,26.619643887316904,79821879,125.458318059682,10,https://hashdive.com/Analyze_User?user_address=0x233669f23714f9f39744538338a85efc1990fa17
0x4bbfdd0d844bc5e1c97e4049162578d6e7a8a331,0.6607142857142857,7.014331925719959,26.617784525280154,79821879,1839.3255820000004,56,https://hashdive.com/Analyze_User?user_address=0x4bbfdd0d844bc5e1c97e4049162578d6e7a8a331
0x302d8fe8b7e623b0f759ef8d1dcaa5471540edd2,0.24390243902439024,5.282476920106561,26.615339526102787,79821879,96.48096608931299,41,https://hashdive.com/Analyze_User?user_address=0x302d8fe8b7e623b0f759ef8d1dcaa5471540edd2
0x10e1bfe2a6d77631aee7abd537400840e5c15d54,0.7241379310344828,2.6960294305141925,26.60401823879255,79821879,4973.294519805294,29,https://hashdive.com/Analyze_User?user_address=0x10e1bfe2a6d77631aee7abd537400840e5c15d54
0x250a33baf48c260c84f4678e811778debd721a23,0.42857142857142855,3.208827461695762,26.595781810176117,79821879,106.73009360822,14,https://hashdive.com/Analyze_User?user_address=0x250a33baf48c260c84f4678e811778debd721a23
0x853a63111b1712c57c613eda3f65bad9f1e7e46a,0.25,4.024622342143071,26.584217542510945,79821879,48.219020982189996,20,https://hashdive.com/Analyze_User?user_address=0x853a63111b1712c57c613eda3f65bad9f1e7e46a
0x07dabbff642b5a46a47ae6cc12a76d4d82ac8d63,0.7777777777777778,2.6850564387525098,26.582058743649846,79821879,114.399825467167,9,https://hashdive.com/Analyze_User?user_address=0x07dabbff642b5a46a47ae6cc12a76d4d82ac8d63
0x394e570921fea8382f1e9709024a25c8aeefc26a,0.4411764705882353,4.011470828991084,26.582051937881396,79821879,1213.9728805399832,34,https://hashdive.com/Analyze_User?user_address=0x394e570921fea8382f1e9709024a25c8aeefc26a
0x49830d8639e88a10987125e35d5704da428bc957,0.5,3.0860363932715718,26.581870087003576,79821879,86.118436995548,12,https://hashdive.com/Analyze_User?user_address=0x49830d8639e88a10987125e35d5704da428bc957
0xe62dd05890ab56e9fa880f29c061c6649d1ea9da,0.0967741935483871,3.843195801723644,26.57694780360938,79821879,13988.316255526737,155,https://hashdive.com/Analyze_User?user_address=0xe62dd05890ab56e9fa880f29c061c6649d1ea9da
0x6bdf0d0006491ddfc5cecf2e333a590e78f964c7,0.125,2.6843229338354972,26.574797044971422,79829078,87.93763917242399,8,https://hashdive.com/Analyze_User?user_address=0x6bdf0d0006491ddfc5cecf2e333a590e78f964c7
0xfed09810bcd3625ffa5be64df0e24cb9ba0c6625,0.2727272727272727,2.6840085797694737,26.57168493971779,79821879,4487.92476195259,11,https://hashdive.com/Analyze_User?user_address=0xfed09810bcd3625ffa5be64df0e24cb9ba0c6625
0xe9c74fbf4d076ef83c051a55a000a0876d76d9e8,0.7,2.6836461820753006,26.568097202545474,79821879,1334.188201166806,10,https://hashdive.com/Analyze_User?user_address=0xe9c74fbf4d076ef83c051a55a000a0876d76d9e8
0x90c117cb5a61aca8c1be399603bc49d2d0599efb,0.26666666666666666,3.5355328944190947,26.565092857696882,79821879,0.15025949899299995,15,https://hashdive.com/Analyze_User?user_address=0x90c117cb5a61aca8c1be399603bc49d2d0599efb
0x24049a74dd69d455a9f7a2339b446c8e2f501b52,0.575,3.976554690014216,26.562045142204752,79821879,673.1145220000001,40,https://hashdive.com/Analyze_User?user_address=0x24049a74dd69d455a9f7a2339b446c8e2f501b52
0xdf3abe7c01168d29cc37c697beb03c106e371cd1,0.1,2.680297751078657,26.534947735678706,79821879,2.8330300000000004,10,https://hashdive.com/Analyze_User?user_address=0xdf3abe7c01168d29cc37c697beb03c106e371cd1
0x57d7e8d89df8fa6edc9fd694b3717948cb9b903b,0.3125,3.965281059149537,26.533111758261,79821879,0.11374542598099999,16,https://hashdive.com/Analyze_User?user_address=0x57d7e8d89df8fa6edc9fd694b3717948cb9b903b
0xa47d36de64d3a200ca5f680935c9e156dbf4f5b5,0.1111111111111111,2.678832587187895,26.52044261316016,79830877,258.235474024267,9,https://hashdive.com/Analyze_User?user_address=0xa47d36de64d3a200ca5f680935c9e156dbf4f5b5
0xb9bf8d13b331650c98899115fc16fe1f170ad4b6,0.625,2.6783647230552314,26.515810758246793,79821879,24.342165947413,8,https://hashdive.com/Analyze_User?user_address=0xb9bf8d13b331650c98899115fc16fe1f170ad4b6
0xc164371b7c17e02d351bd48af4d20c1d8c707788,0.3181818181818182,4.599999315376008,26.500278367134534,79821879,13.250069856869999,22,https://hashdive.com/Analyze_User?user_address=0xc164371b7c17e02d351bd48af4d20c1d8c707788
0xc8a0707ef7f68c2935c0aa9d5a81954cada79f92,0.7241379310344828,4.808218841822979,26.495997920103544,79821879,2874.2,29,https://hashdive.com/Analyze_User?user_address=0xc8a0707ef7f68c2935c0aa9d5a81954cada79f92
0xe6a8626caf2d3430cb38a843c7d07a8ddb2a3737,0.1,2.675617636091627,26.488614597307105,79829078,246.06379527335298,10,https://hashdive.com/Analyze_User?user_address=0xe6a8626caf2d3430cb38a843c7d07a8ddb2a3737
0x21318ffc4561e2dbfed6215b91caf3613100cf3c,0.4166666666666667,2.7421143100009475,26.48850419515988,79821879,4540.338258892872,24,https://hashdive.com/Analyze_User?user_address=0x21318ffc4561e2dbfed6215b91caf3613100cf3c
0xf8b48fa0e63b7d8744ca0cb1bc79c8303c0ca8bf,0.5,2.6747935929720423,26.48045657042322,79821879,85.80485981980098,14,https://hashdive.com/Analyze_User?user_address=0xf8b48fa0e63b7d8744ca0cb1bc79c8303c0ca8bf
0xc05321d2eb79fcbbc3af9dcac708191f643595fc,0.1111111111111111,2.67413394809833,26.473926086173467,79829078,249.08181888263803,9,https://hashdive.com/Analyze_User?user_address=0xc05321d2eb79fcbbc3af9dcac708191f643595fc
0xf995e0fe4b3df38fab2d3585f69b141699aaf1a6,0.25,2.672611040641256,26.458849302348433,79821879,0.11096020731799999,8,https://hashdive.com/Analyze_User?user_address=0xf995e0fe4b3df38fab2d3585f69b141699aaf1a6
0xb0be28734e69551a58a9199ef157af5c54d8bfb2,0.6842105263157895,2.67249699104789,26.457720211374113,79821879,2196.2146391938545,19,https://hashdive.com/Analyze_User?user_address=0xb0be28734e69551a58a9199ef157af5c54d8bfb2
0x7435caa40c25ceb204efdea8a591dfd29c1cd9a0,0.08333333333333333,2.6724413817306645,26.457169679133578,79821879,56.976819460093,12,https://hashdive.com/Analyze_User?user_address=0x7435caa40c25ceb204efdea8a591dfd29c1cd9a0
0x67668dac1ef00806aff9e5540dfb21f69a8b3603,0.3333333333333333,2.6722789986255546,26.45556208639299,79821879,131.602178004,9,https://hashdive.com/Analyze_User?user_address=0x67668dac1ef00806aff9e5540dfb21f69a8b3603
0xe81777e4efb097d6a23837514acc8eb0550e5e3f,1.0,2.6715647070390562,26.448490599686657,79821879,87.05250500000001,10,https://hashdive.com/Analyze_User?user_address=0xe81777e4efb097d6a23837514acc8eb0550e5e3f
0x9700a1cdc205c1e69759139e863d494ec63c2dec,0.43478260869565216,3.293603285075908,26.440725637136595,79821879,141.75579764499602,46,https://hashdive.com/Analyze_User?user_address=0x9700a1cdc205c1e69759139e863d494ec63c2dec
0x344d206bb69b313eca334e49bf1d79e3c8feec22,0.07272727272727272,4.658450993738249,26.43885949373445,79821879,167.71727518383406,55,https://hashdive.com/Analyze_User?user_address=0x344d206bb69b313eca334e49bf1d79e3c8feec22
0xc24381696218be1740b3fc796b064b0a03ec2b37,0.48507462686567165,7.2522807627867305,26.43698736427035,79821879,1024.5671127590197,134,https://hashdive.com/Analyze_User?user_address=0xc24381696218be1740b3fc796b064b0a03ec2b37
0x87394633c083985905058aa5f9d66cc0ae6364a1,0.5405405405405406,4.6775056010165015,26.435925361276613,79821879,500.1602692089999,37,https://hashdive.com/Analyze_User?user_address=0x87394633c083985905058aa5f9d66cc0ae6364a1
0x990c9c3c0608058a967308dcaf6b5877036b5ccf,0.3128491620111732,8.325770375657417,26.434942235186366,79821879,2217.4114541193035,179,https://hashdive.com/Analyze_User?user_address=0x990c9c3c0608058a967308dcaf6b5877036b5ccf
0xc9b63d2ff4e438e84b9d909d7a0387ac4fae8129,0.6842105263157895,3.572447197599135,26.427540026768625,79821879,136.159373673332,19,https://hashdive.com/Analyze_User?user_address=0xc9b63d2ff4e438e84b9d909d7a0387ac4fae8129
0x6a333391ca8b11ae2781c139339a043c8057b4d9,1.0,2.668879039736812,26.42190249339444,79830877,7854.799465999999,21,https://hashdive.com/Analyze_User?user_address=0x6a333391ca8b11ae2781c139339a043c8057b4d9
0x1c81bf1ab2912528241eaffacb5a95252d6c3e62,0.041666666666666664,4.247451718240135,26.418997823675177,79825478,47.625223133601,24,https://hashdive.com/Analyze_User?user_address=0x1c81bf1ab2912528241eaffacb5a95252d6c3e62
0xe02c01184389712cd9123905bb1aa1b35334cbd9,0.6363636363636364,4.3323583261767675,26.40398287391281,79821879,192.210316481354,22,https://hashdive.com/Analyze_User?user_address=0xe02c01184389712cd9123905bb1aa1b35334cbd9
0x569851074d05d8cd65524265390d60f08de053ae,0.8,3.1057988412331383,26.402139617842728,79821879,5562.540725,10,https://hashdive.com/Analyze_User?user_address=0x569851074d05d8cd65524265390d60f08de053ae
0x83964b4a218195d8db40b606e3bb24a1e8b315b0,0.6862745098039216,6.955096558318382,26.40190548020129,79821879,1953.6,51,https://hashdive.com/Analyze_User?user_address=0x83964b4a218195d8db40b606e3bb24a1e8b315b0
0xeb8b90a6fce60699cccf328bd0059f6b5fb2949f,0.3076923076923077,2.6662273361414113,26.39565062779997,79821879,2880.935564,39,https://hashdive.com/Analyze_User?user_address=0xeb8b90a6fce60699cccf328bd0059f6b5fb2949f
0x752fc3bcc61a3df7cc8fff631ae99d0754cc2539,0.3333333333333333,3.2042587465837724,26.38895192544735,79821879,174.91534422782001,12,https://hashdive.com/Analyze_User?user_address=0x752fc3bcc61a3df7cc8fff631ae99d0754cc2539
0x26760cbaf6c22fa7452109637bf95a426c8caaa6,0.125,2.6643380657222613,26.376946850650388,79829078,254.50764769794395,8,https://hashdive.com/Analyze_User?user_address=0x26760cbaf6c22fa7452109637bf95a426c8caaa6
0x2184156275c2feda2d3062f5c8f42519c487e222,0.1678832116788321,10.0,26.37133321667273,79821879,37.86204865626198,137,https://hashdive.com/Analyze_User?user_address=0x2184156275c2feda2d3062f5c8f42519c487e222
0xa6cba0c7478e30796fb6e3a7380ba33e7e7a0377,0.2727272727272727,2.6636304867236644,26.36994181856428,79821879,7761.375630781552,55,https://hashdive.com/Analyze_User?user_address=0xa6cba0c7478e30796fb6e3a7380ba33e7e7a0377
0xd69489871700611133642876dc22bcf79d543d2f,0.3,4.287744176490405,26.36753137506596,79821879,89.85017878841501,40,https://hashdive.com/Analyze_User?user_address=0xd69489871700611133642876dc22bcf79d543d2f
0xcbff940cfb4d3a91a9dc1012d513c6046b16e8e7,0.33663366336633666,3.849563296654214,26.358368645189493,79827278,1028.2445316882447,101,https://hashdive.com/Analyze_User?user_address=0xcbff940cfb4d3a91a9dc1012d513c6046b16e8e7
0xf66b979f43e1c25126302e0825279b993bb1fca7,0.6666666666666666,3.060313094084475,26.354988563186907,79821879,125.73202868051801,12,https://hashdive.com/Analyze_User?user_address=0xf66b979f43e1c25126302e0825279b993bb1fca7
0x63587a12dc908e001a2c7a3921310e21ebb59279,0.125,2.6611730421943918,26.34561311772448,79830877,105.402154338296,8,https://hashdive.com/Analyze_User?user_address=0x63587a12dc908e001a2c7a3921310e21ebb59279
0xa998af17780a4cec9c0b64091f3686da8f699ede,0.5,2.660926261529555,26.343169989142595,79821879,707.494999,10,https://hashdive.com/Analyze_User?user_address=0xa998af17780a4cec9c0b64091f3686da8f699ede
0xbff022a61031e994bfcebc02725506377c2df21d,0.29411764705882354,4.350033565762319,26.341391078655974,79821879,207.262841743742,34,https://hashdive.com/Analyze_User?user_address=0xbff022a61031e994bfcebc02725506377c2df21d
0x598fb26d18e56a28343337d9ffd8689c5486fda0,0.0625,2.66032150666741,26.33718291600736,79821879,920.8629960839959,16,https://hashdive.com/Analyze_User?user_address=0x598fb26d18e56a28343337d9ffd8689c5486fda0
0x07fe11072000cd60570c000d2bd73e3ad12d7dde,0.7,2.657997358170646,26.314173845889396,79821879,128.221710203561,10,https://hashdive.com/Analyze_User?user_address=0x07fe11072000cd60570c000d2bd73e3ad12d7dde
0xea107874e32dd71703fcad9433cea2e55f1ff10e,0.45454545454545453,2.657877792018269,26.31299014098086,79821879,5596.843140695533,22,https://hashdive.com/Analyze_User?user_address=0xea107874e32dd71703fcad9433cea2e55f1ff10e
0xb011378272a775f0cb87e44cafece124ad9d9257,0.7692307692307693,3.2072593780713463,26.309895177324123,79821879,67.73078100000001,13,https://hashdive.com/Analyze_User?user_address=0xb011378272a775f0cb87e44cafece124ad9d9257
0x7af7b7ab2405cb0cfbfc569d24b0cc188c4f7309,0.21428571428571427,2.9332905173705837,26.30112427608852,79821879,20.030844653438997,14,https://hashdive.com/Analyze_User?user_address=0x7af7b7ab2405cb0cfbfc569d24b0cc188c4f7309
0x68e1a2650ef709c27ef2ccd8164f0b201526cc69,0.625,2.655811400825312,26.29253286817059,79827278,148.38288838890298,8,https://hashdive.com/Analyze_User?user_address=0x68e1a2650ef709c27ef2ccd8164f0b201526cc69
0xafb45306080004620e5e51fcf201c19e3b7bac91,0.058823529411764705,2.8130457031285747,26.284633919495683,79821879,34.57182500000001,17,https://hashdive.com/Analyze_User?user_address=0xafb45306080004620e5e51fcf201c19e3b7bac91
0x170b7fd9cdfcac15c82b1a195730082e78469bab,0.5510204081632653,5.031848780211532,26.27963566688674,79821879,164.922170595771,49,https://hashdive.com/Analyze_User?user_address=0x170b7fd9cdfcac15c82b1a195730082e78469bab
0x96931de623398b0cfe8730765217435d985607c3,0.5151515151515151,9.669727063262254,26.267103053202987,79821879,5016.881573761074,132,https://hashdive.com/Analyze_User?user_address=0x96931de623398b0cfe8730765217435d985607c3
0x8fd41dc63f1bc4406fcb9f987fbafbe6b2d31165,0.7692307692307693,3.102526015841801,26.266715714241652,79821879,3832.36,13,https://hashdive.com/Analyze_User?user_address=0x8fd41dc63f1bc4406fcb9f987fbafbe6b2d31165
0x2b2f07751d20bc6b93b0c2a168a4174c7e23d758,0.4,3.3664203268510877,26.2492009798734,79821879,19.508976,15,https://hashdive.com/Analyze_User?user_address=0x2b2f07751d20bc6b93b0c2a168a4174c7e23d758
0x0674ba3950a25d2adb44914751b7c7ac65ab7ddb,0.7,2.651126350210548,26.246150867084424,79821879,94.61339190851699,10,https://hashdive.com/Analyze_User?user_address=0x0674ba3950a25d2adb44914751b7c7ac65ab7ddb
0xc3ee50858568b03d6693f1ecf30fb10018b89e5a,0.3050847457627119,3.1825205295849424,26.231454096085972,79821879,716.422388679846,59,https://hashdive.com/Analyze_User?user_address=0xc3ee50858568b03d6693f1ecf30fb10018b89e5a
0x838225ac8a4028e7d29cbca1cf0b58f02b4b5f91,0.2608695652173913,2.7661221561518636,26.231327754659986,79821879,507.7432951119461,23,https://hashdive.com/Analyze_User?user_address=0x838225ac8a4028e7d29cbca1cf0b58f02b4b5f91
0x03c8118da338a9dafb2bae9a4e89055203a30e01,0.32018561484918795,10.0,26.230184874813336,79830877,2309.656019615502,431,https://hashdive.com/Analyze_User?user_address=0x03c8118da338a9dafb2bae9a4e89055203a30e01
0x0e8f66baa411bfcc4cb967289bc75b5f739020e0,0.07733401170185704,10.0,26.229010274873346,79821879,8018.335172434869,11793,https://hashdive.com/Analyze_User?user_address=0x0e8f66baa411bfcc4cb967289bc75b5f739020e0
0x0b8c680ff9e4bf063d3b2a53c9be0ea2f4f11252,0.875,2.647208801474869,26.207367134601203,79821879,452.68127708721903,16,https://hashdive.com/Analyze_User?user_address=0x0b8c680ff9e4bf063d3b2a53c9be0ea2f4f11252
0x3ccb0abcdb0fc8294b8b8dfd99ccc34037d1c647,0.9,3.040026026493563,26.207120918047956,79821879,125.0,10,https://hashdive.com/Analyze_User?user_address=0x3ccb0abcdb0fc8294b8b8dfd99ccc34037d1c647
0x5dfcf44ce49514d36f16c73f5ce97f4c45643046,0.9,3.040026026493563,26.207120918047956,79821879,125.0,10,https://hashdive.com/Analyze_User?user_address=0x5dfcf44ce49514d36f16c73f5ce97f4c45643046
0xa5b1c89f8c117651f5a3a3d716073a78cc90857c,0.25925925925925924,4.3873165395770926,26.2052718125236,79821879,217.63517216985795,27,https://hashdive.com/Analyze_User?user_address=0xa5b1c89f8c117651f5a3a3d716073a78cc90857c
0xc0ba1d202e55584cbd9bab7b6270132f3e139479,0.5,2.667837133079151,26.204627796938922,79821879,951.4000000000001,10,https://hashdive.com/Analyze_User?user_address=0xc0ba1d202e55584cbd9bab7b6270132f3e139479
0x12b6207b274fa488337e0a6d572b1034aa08e5f6,0.375,2.8284271247363724,26.199017867595117,79821879,0.07409431282000001,8,https://hashdive.com/Analyze_User?user_address=0x12b6207b274fa488337e0a6d572b1034aa08e5f6
0xe529a3884b35b5c9d47b7dc2667686e3a3eed978,0.7142857142857143,2.645751309402718,26.19293796308691,79821879,0.07860707483199998,7,https://hashdive.com/Analyze_User?user_address=0xe529a3884b35b5c9d47b7dc2667686e3a3eed978
0x4efd239173d89cbe1592cd9fd72d0aa81c58422c,0.5714285714285714,2.645751309293106,26.19293796200175,79821879,0.07330211677599999,7,https://hashdive.com/Analyze_User?user_address=0x4efd239173d89cbe1592cd9fd72d0aa81c58422c
0x6b32522e10211c8cf910502541d1df08370aaf33,0.5714285714285714,2.645709451494622,26.19252356979676,79821879,52.582106001453,7,https://hashdive.com/Analyze_User?user_address=0x6b32522e10211c8cf910502541d1df08370aaf33
0xa1dd5ec122243a214c2ef8a2fb8736d83309e361,0.2,2.645478548677218,26.19023763190446,79827278,945.9225083333179,15,https://hashdive.com/Analyze_User?user_address=0xa1dd5ec122243a214c2ef8a2fb8736d83309e361
0x06548fc7af379db4baf09b9922ac939a8be2cc1a,0.125,2.645248220546363,26.187957383408996,79830877,257.79375402779004,8,https://hashdive.com/Analyze_User?user_address=0x06548fc7af379db4baf09b9922ac939a8be2cc1a
0x641614c35a7fdc705a015e1e9cc8c862d2514164,0.9,3.0550504633038935,26.18614682831909,79821879,120.0,10,https://hashdive.com/Analyze_User?user_address=0x641614c35a7fdc705a015e1e9cc8c862d2514164
0xba732f8ac829db045ab0622787794976cb950cfd,0.4878048780487805,2.911363828859841,26.183870239350377,79821879,50415.02619104877,41,https://hashdive.com/Analyze_User?user_address=0xba732f8ac829db045ab0622787794976cb950cfd
0xdd854d17de235da73199a350a1a0984d838226c6,0.5806451612903226,9.422311022026335,26.180930488415548,79821879,840.541053416088,124,https://hashdive.com/Analyze_User?user_address=0xdd854d17de235da73199a350a1a0984d838226c6
0xb81a5e3c27dab5e30234ccd5607775614dd4eec2,0.07407407407407407,3.572267598034857,26.170527274857438,79821879,3320.027986431586,54,https://hashdive.com/Analyze_User?user_address=0xb81a5e3c27dab5e30234ccd5607775614dd4eec2
0x822d3934ad64b0f139717167ea5685566344b62c,0.1111111111111111,2.6432990841844384,26.16866093342594,79829078,267.24321865979493,9,https://hashdive.com/Analyze_User?user_address=0x822d3934ad64b0f139717167ea5685566344b62c
0xaac4f381ecafc345233e9e406d02414b1f1f021c,0.7037037037037037,2.8514290687922736,26.167626831806405,79821879,3311.9596205497664,27,https://hashdive.com/Analyze_User?user_address=0xaac4f381ecafc345233e9e406d02414b1f1f021c
0x7fbb8800ce8b9bd8d3bd4f3d9e0396662cd68aae,0.4166666666666667,3.3931875919191996,26.159080642221433,79821879,8.472477455805,12,https://hashdive.com/Analyze_User?user_address=0x7fbb8800ce8b9bd8d3bd4f3d9e0396662cd68aae
0x9d9beee435187744163793e7016fd61ec20232bb,0.6,8.19436031336332,26.15023905205653,79821879,40.847878425866,70,https://hashdive.com/Analyze_User?user_address=0x9d9beee435187744163793e7016fd61ec20232bb
0xd8f6acd0f8d17f8752301d6b511a0e7fa8af49b6,0.1875,2.639873953079393,26.13475213548599,79821879,276.4409040476951,16,https://hashdive.com/Analyze_User?user_address=0xd8f6acd0f8d17f8752301d6b511a0e7fa8af49b6
0x46fe42410d6b5347e3cef168808f53bd09d378da,0.6363636363636364,7.2255173033587,26.127673137375997,79821879,1859.0000094509542,55,https://hashdive.com/Analyze_User?user_address=0x46fe42410d6b5347e3cef168808f53bd09d378da
0xcc3c640888bdd81648bcc8b1862c17e09bcd9b67,0.16666666666666666,2.6391508710366534,26.127593623262868,79821879,511.48477392973496,12,https://hashdive.com/Analyze_User?user_address=0xcc3c640888bdd81648bcc8b1862c17e09bcd9b67
0x93d37f908c0771c9814bf1c87679501663ce8622,0.46153846153846156,3.0734133549498193,26.125735128294142,79821879,107.95447351128499,13,https://hashdive.com/Analyze_User?user_address=0x93d37f908c0771c9814bf1c87679501663ce8622
0x717b2b6d092d372cb38a44647e3fee930dbe4c90,0.42857142857142855,2.6387194184716405,26.12332224286924,79821879,781.1319343152979,14,https://hashdive.com/Analyze_User?user_address=0x717b2b6d092d372cb38a44647e3fee930dbe4c90
0xf206b93da0df7305b5942803147d80e1fa37c94b,0.25,2.638516875323638,26.121317065704016,79821879,458.7533344278421,16,https://hashdive.com/Analyze_User?user_address=0xf206b93da0df7305b5942803147d80e1fa37c94b
0x007da9af9ed9c7ca2669f5b2320e46282f04f56a,0.4117647058823529,2.6382101734648575,26.11828071730209,79821879,2238.873265707955,17,https://hashdive.com/Analyze_User?user_address=0x007da9af9ed9c7ca2669f5b2320e46282f04f56a
0xe3acaba17968f2bc03c8694b9875599a930e3e4a,0.21428571428571427,3.242101697948494,26.11762184568235,79821879,68.248263865871,14,https://hashdive.com/Analyze_User?user_address=0xe3acaba17968f2bc03c8694b9875599a930e3e4a
0xfdc4729f3d0c1694d25c48a13766b2a225c46005,0.9333333333333333,3.8411438485177505,26.1145485263414,79821879,49.290027216664996,15,https://hashdive.com/Analyze_User?user_address=0xfdc4729f3d0c1694d25c48a13766b2a225c46005
0xec23ea8cfc0caa9775b6c24477c19f58b484bfba,0.2826086956521739,5.685890708792961,26.105300410488198,79821879,205.68068786272795,46,https://hashdive.com/Analyze_User?user_address=0xec23ea8cfc0caa9775b6c24477c19f58b484bfba
0x9ae3bbfe522d9f8e4c618a3087cb3438985ccee7,1.0,2.6368805504397272,26.1051174493533,79821879,889.2372211876999,12,https://hashdive.com/Analyze_User?user_address=0x9ae3bbfe522d9f8e4c618a3087cb3438985ccee7
0x4574bc88eded96b007dbb4e23e4125879aa094f2,0.25,2.636513571582597,26.10148435866771,79821879,134.1347,8,https://hashdive.com/Analyze_User?user_address=0x4574bc88eded96b007dbb4e23e4125879aa094f2
0xabe0553424f651a5b1779c6dfdce5ed2fc5ec96a,0.09090909090909091,2.6359007233273464,26.09541716094073,79821879,31.319279851972002,11,https://hashdive.com/Analyze_User?user_address=0xabe0553424f651a5b1779c6dfdce5ed2fc5ec96a
0x9a7b61c21e374678af3f7bb73516335ad201de1d,0.39285714285714285,4.899207224542562,26.093812283806525,79825478,227.84042677367202,84,https://hashdive.com/Analyze_User?user_address=0x9a7b61c21e374678af3f7bb73516335ad201de1d
0xc34236b5dc1f59d44782dda17456fc5f7218885f,0.43902439024390244,4.4787800994160065,26.07780732786638,79821879,637.8489880000003,41,https://hashdive.com/Analyze_User?user_address=0xc34236b5dc1f59d44782dda17456fc5f7218885f
0x0e3ef8c58b23b31306ee4db3eb628ffca834f2c3,0.5714285714285714,2.6337673497132315,26.074296762160994,79821879,8565.926613511816,7,https://hashdive.com/Analyze_User?user_address=0x0e3ef8c58b23b31306ee4db3eb628ffca834f2c3
0xf993c58fad6b08f375a3c9069ce6f630a776df37,0.2777777777777778,4.763105355714367,26.070061762195373,79821879,137.28186599999995,54,https://hashdive.com/Analyze_User?user_address=0xf993c58fad6b08f375a3c9069ce6f630a776df37
0xb60e00bb099616ac86ddc61389486b7f67103574,0.6875,2.632388556789211,26.060646712213188,79821879,2329.852519,16,https://hashdive.com/Analyze_User?user_address=0xb60e00bb099616ac86ddc61389486b7f67103574
0x9de0c96eb3900677982bccf67db75c28c554d28d,0.7,2.8643435145712655,26.059342427326403,79821879,80.23297303291399,10,https://hashdive.com/Analyze_User?user_address=0x9de0c96eb3900677982bccf67db75c28c554d28d
0xc6f905b762ea262a525577d8ec26ba144197d610,0.7755102040816326,4.127259484748375,26.048012922978472,79821879,312.969736882997,49,https://hashdive.com/Analyze_User?user_address=0xc6f905b762ea262a525577d8ec26ba144197d610
0xdce40c537bda1b3faea31a656641e829d86edb07,0.47058823529411764,3.9268182858536647,26.047517678627162,79821879,510.5240404521048,34,https://hashdive.com/Analyze_User?user_address=0xdce40c537bda1b3faea31a656641e829d86edb07
0x5a3d0a6c7eb15741df7b7ad884ca8a112da46c37,0.4166666666666667,2.952772314567494,26.047134398543097,79821879,81.944444,12,https://hashdive.com/Analyze_User?user_address=0x5a3d0a6c7eb15741df7b7ad884ca8a112da46c37
0x95888938131cfb0cac04b9f00a6d45fa8b2dd801,0.10638297872340426,3.9927689252824825,26.040413913441093,79821879,1855.3134544727936,47,https://hashdive.com/Analyze_User?user_address=0x95888938131cfb0cac04b9f00a6d45fa8b2dd801
0x78df976b79021500fe80d33e2e3712cd4a2315b0,0.75,2.628677885607963,26.02391106751884,79821879,1623.7458904144032,16,https://hashdive.com/Analyze_User?user_address=0x78df976b79021500fe80d33e2e3712cd4a2315b0
0x9a25451b43763d560769a8fcdb7d44674cc40a54,0.35294117647058826,2.6272275249420107,26.009552496925906,79821879,610.711374583721,17,https://hashdive.com/Analyze_User?user_address=0x9a25451b43763d560769a8fcdb7d44674cc40a54
0x3f98d6cbcacc1442b3efa95d20508c7fc25e3411,0.3,3.091977404542121,25.999673551923994,79821879,76.35114053045699,20,https://hashdive.com/Analyze_User?user_address=0x3f98d6cbcacc1442b3efa95d20508c7fc25e3411
0x30cec9d5b98828b4110b9c11bedd2ec4267aea1d,0.6397849462365591,10.0,25.996789408016546,79821879,84.20208319999995,186,https://hashdive.com/Analyze_User?user_address=0x30cec9d5b98828b4110b9c11bedd2ec4267aea1d
0xc59ddfbf0164e923e64c4d19f8ea544f1fc3f14a,0.2857142857142857,2.6253245197166617,25.99071274519495,79830877,70.747157261105,7,https://hashdive.com/Analyze_User?user_address=0xc59ddfbf0164e923e64c4d19f8ea544f1fc3f14a
0x3a5e288e21804df59699f422f33ebfb00bb4de76,0.9,3.1504660412551764,25.985595814732477,79821879,56.5,10,https://hashdive.com/Analyze_User?user_address=0x3a5e288e21804df59699f422f33ebfb00bb4de76
0x55dd1a051d3383636574e415c3f69fd2a76cee68,0.18857142857142858,7.3826699040632375,25.985350372822637,79830877,26275.15984361727,175,https://hashdive.com/Analyze_User?user_address=0x55dd1a051d3383636574e415c3f69fd2a76cee68
0x20ddf9afadc9ec30f0093730380f5bdd9cb5a3e6,0.16666666666666666,3.812458008310431,25.984639226539052,79821879,0.17038221566800002,18,https://hashdive.com/Analyze_User?user_address=0x20ddf9afadc9ec30f0093730380f5bdd9cb5a3e6
0x03ba4626b76daf4962be8844aa93752508a9ccb5,0.6440677966101694,3.8016399000201537,25.9821805170916,79821879,5290.5654029319485,59,https://hashdive.com/Analyze_User?user_address=0x03ba4626b76daf4962be8844aa93752508a9ccb5
0x178ea09b30f5845025ff9683c90d1e366a2275c1,0.6666666666666666,2.8778445984692995,25.979447533893996,79821879,92.097340522209,12,https://hashdive.com/Analyze_User?user_address=0x178ea09b30f5845025ff9683c90d1e366a2275c1
0x6f4162aa82fd17cedccb3fa49d3332adce0e0fd1,0.125,2.624054105071801,25.97813564021083,79821879,361.16046900000003,8,https://hashdive.com/Analyze_User?user_address=0x6f4162aa82fd17cedccb3fa49d3332adce0e0fd1
0x6b97fea24402e12622b9ce991116b8e96f114d5d,0.7142857142857143,4.848699562874612,25.959181169221843,79821879,2936.3799999999997,28,https://hashdive.com/Analyze_User?user_address=0x6b97fea24402e12622b9ce991116b8e96f114d5d
0x19d7dd2167ec2445d74b9929a61f4710e76ab1a2,0.6,4.286503601158763,25.95788039366562,79821879,6.146164243884001,20,https://hashdive.com/Analyze_User?user_address=0x19d7dd2167ec2445d74b9929a61f4710e76ab1a2
0x472355fba747e30a4c87bacd5a60159600f193e2,0.48,3.7142138304189003,25.950853529820957,79821879,237.491175162745,25,https://hashdive.com/Analyze_User?user_address=0x472355fba747e30a4c87bacd5a60159600f193e2
0x6c3b2f5e9d70bf0ab139ec94f418cf89f9d79705,0.8181818181818182,2.7605939592233493,25.95031521334286,79821879,828.5382423190119,11,https://hashdive.com/Analyze_User?user_address=0x6c3b2f5e9d70bf0ab139ec94f418cf89f9d79705
0x71fc8a81a45f7a4340fd2e53162b6b74bbd086b7,0.5652173913043478,3.1318843717042344,25.93189166600641,79821879,740.279859586978,23,https://hashdive.com/Analyze_User?user_address=0x71fc8a81a45f7a4340fd2e53162b6b74bbd086b7
0x87d37647c5498a3305d52a6550e0163d03b90e8b,0.4727272727272727,4.0590221227026175,25.926766375005492,79830877,21873.04769436717,55,https://hashdive.com/Analyze_User?user_address=0x87d37647c5498a3305d52a6550e0163d03b90e8b
0x17423c5e2a60413a66f3ce332b314c17bce42084,0.6129032258064516,3.052998708560532,25.922300205159576,79821879,3827.2174330080616,31,https://hashdive.com/Analyze_User?user_address=0x17423c5e2a60413a66f3ce332b314c17bce42084
0x2ed77db5623fa9b6c49917fdb2f4dcc4055c7178,0.5789473684210527,3.199772918995149,25.911622816649825,79821879,26.22918878238,19,https://hashdive.com/Analyze_User?user_address=0x2ed77db5623fa9b6c49917fdb2f4dcc4055c7178
0xda720cfcf015ff28a30ab638482e221ecfcb69b3,0.45652173913043476,2.616937694466813,25.907683175221447,79830877,346.14626608825887,46,https://hashdive.com/Analyze_User?user_address=0xda720cfcf015ff28a30ab638482e221ecfcb69b3
0x72fb58a688f27eda972fddf63621d44abb568783,0.21428571428571427,2.616702836397023,25.905358080330526,79821879,123.019774012896,14,https://hashdive.com/Analyze_User?user_address=0x72fb58a688f27eda972fddf63621d44abb568783
0x44f57c48509fc497a0d94b9d91b129d7d6664053,0.42105263157894735,3.7907892525935805,25.904022491645364,79821879,34.850160060593,19,https://hashdive.com/Analyze_User?user_address=0x44f57c48509fc497a0d94b9d91b129d7d6664053
0x186b10a357852a161a6d7a300221d87beb8f8f7f,0.6,2.615510968395907,25.89355858711948,79821879,131.764662940805,10,https://hashdive.com/Analyze_User?user_address=0x186b10a357852a161a6d7a300221d87beb8f8f7f
0xa7a623674e55b025b785744a54f08dd7a146f02f,0.28,10.0,25.889130929582876,79829078,309.044351935231,150,https://hashdive.com/Analyze_User?user_address=0xa7a623674e55b025b785744a54f08dd7a146f02f
0x762817325008ba65fe87e9654f8267c3694b90bb,0.45454545454545453,3.211691432880008,25.884318385328484,79821879,9.898309999999995,11,https://hashdive.com/Analyze_User?user_address=0x762817325008ba65fe87e9654f8267c3694b90bb
0x6888d3175321bee92fa3bd5a6f27a02eed6eed79,0.5,2.686599836296263,25.88320007726181,79821879,130.061130626169,8,https://hashdive.com/Analyze_User?user_address=0x6888d3175321bee92fa3bd5a6f27a02eed6eed79
0x541eab327efd4bafb7e648502f1b9bb64a7bcffb,0.125,2.6144157236464314,25.88271566409967,79830877,258.780233980315,8,https://hashdive.com/Analyze_User?user_address=0x541eab327efd4bafb7e648502f1b9bb64a7bcffb
0x27b3ccddae0cb2bcfb6ce52c545f0e182904183d,0.6136363636363636,5.433172337573444,25.879083068422503,79821879,357.231,44,https://hashdive.com/Analyze_User?user_address=0x27b3ccddae0cb2bcfb6ce52c545f0e182904183d
0x5530d896ba6e4314e4d11ef8ce75eae18bb215b9,0.5172413793103449,3.9894118377257595,25.876553615298615,79821879,152.984995733573,58,https://hashdive.com/Analyze_User?user_address=0x5530d896ba6e4314e4d11ef8ce75eae18bb215b9
0xf0f680a851a59e1e50691ff42b0d164a1b7359f6,0.6666666666666666,3.11961598994253,25.861185481816374,79821879,193.70579107150002,12,https://hashdive.com/Analyze_User?user_address=0xf0f680a851a59e1e50691ff42b0d164a1b7359f6
0x706b963cfc0aeaaf68c1ebea4cc75277214f4230,0.6585365853658537,7.533890702572636,25.851694570332103,79821879,61352.35209789355,82,https://hashdive.com/Analyze_User?user_address=0x706b963cfc0aeaaf68c1ebea4cc75277214f4230
0x8d0264bf1d0894e209e5d0f4eec5942795aaa7af,0.45,2.9516175209656823,25.838523224472883,79821879,546.9923325933182,40,https://hashdive.com/Analyze_User?user_address=0x8d0264bf1d0894e209e5d0f4eec5942795aaa7af
0xf3a1c076db9702e7f3416b3e8a0741a1e9e3c8aa,0.375,2.609846613304576,25.837481471715304,79821879,52.238928527335,8,https://hashdive.com/Analyze_User?user_address=0xf3a1c076db9702e7f3416b3e8a0741a1e9e3c8aa
0x44c18e3f3d823fc625ac2beccd57b92e05dec165,0.1111111111111111,2.6085086675278726,25.82423580852594,79821879,119.074424213224,9,https://hashdive.com/Analyze_User?user_address=0x44c18e3f3d823fc625ac2beccd57b92e05dec165
0x8d2e5ad1d088c89da76459e1ce847cc1f9a33e84,0.5588235294117647,5.830951894793687,25.822759167121774,79821879,15.057069150027,34,https://hashdive.com/Analyze_User?user_address=0x8d2e5ad1d088c89da76459e1ce847cc1f9a33e84
0xa8d7ad1c8237c9f3e16e1d3a0cb2b2f5ef69b138,0.21052631578947367,2.60758946284676,25.81513568218292,79821879,261.944237,19,https://hashdive.com/Analyze_User?user_address=0xa8d7ad1c8237c9f3e16e1d3a0cb2b2f5ef69b138
0x5c16a5b2f57158dcac2636821ef14a67e8889ca1,0.125,2.606434437617873,25.803700932416945,79821879,302.78272833678204,8,https://hashdive.com/Analyze_User?user_address=0x5c16a5b2f57158dcac2636821ef14a67e8889ca1
0xc3cf26e1c435a33556a94d535ea117061cd389e0,0.75,2.6055941743733615,25.795382326296277,79821879,101.48573399999998,8,https://hashdive.com/Analyze_User?user_address=0xc3cf26e1c435a33556a94d535ea117061cd389e0
0x8d926a04fd608000d02da01c8a96bbf5d10bb9f6,0.5,2.6049305789057398,25.78881273116682,79821879,68.50900929700201,8,https://hashdive.com/Analyze_User?user_address=0x8d926a04fd608000d02da01c8a96bbf5d10bb9f6
0x7b6eadb42f645348df9812d2c10f6badc47160b0,0.5555555555555556,2.604728409864162,25.786811257655202,79821879,210.680612154149,9,https://hashdive.com/Analyze_User?user_address=0x7b6eadb42f645348df9812d2c10f6badc47160b0
0x851dcc00b69de4410b88b0e7eb35c0728a6f0789,0.4166666666666667,2.6044166361566785,25.783724697951115,79821879,288.94841056827397,12,https://hashdive.com/Analyze_User?user_address=0x851dcc00b69de4410b88b0e7eb35c0728a6f0789
0x470cd6f3283c0c8295866ce1d72fe27963940c36,0.36363636363636365,4.599984876263152,25.78357103804866,79821879,0.12890615806699998,22,https://hashdive.com/Analyze_User?user_address=0x470cd6f3283c0c8295866ce1d72fe27963940c36
0x2d5a44752e17f891457b19ca110944953e2b917e,0.32098765432098764,4.411911975112587,25.782250392403796,79823676,3553.722760228573,81,https://hashdive.com/Analyze_User?user_address=0x2d5a44752e17f891457b19ca110944953e2b917e
0xac867177ba1ca7684541418288e41c1d118869ea,0.3125,3.3035506381139093,25.773746523511623,79821879,1402.9049171053864,16,https://hashdive.com/Analyze_User?user_address=0xac867177ba1ca7684541418288e41c1d118869ea
0x80ef1d70c4955893875a47f5a0434832d1ebf6ea,0.75,4.425373773858137,25.748921387710396,79821879,52.535,20,https://hashdive.com/Analyze_User?user_address=0x80ef1d70c4955893875a47f5a0434832d1ebf6ea
0x0f8c9bfcd2511846c67413bf7f1addee3666686f,0.017055144968732235,10.0,25.744705831425776,79830877,39.03919344207833,1759,https://hashdive.com/Analyze_User?user_address=0x0f8c9bfcd2511846c67413bf7f1addee3666686f
0xfede1b17a120e8505be37d887bdfa3d6c46070c1,0.6428571428571429,3.143397155597253,25.7387329681113,79821879,3919.5393992983572,14,https://hashdive.com/Analyze_User?user_address=0xfede1b17a120e8505be37d887bdfa3d6c46070c1
0xd528a6283c30bd6075699b3928975998724eed46,0.8125,3.839337529438145,25.73868669159081,79821879,12.100537884121,16,https://hashdive.com/Analyze_User?user_address=0xd528a6283c30bd6075699b3928975998724eed46
0x6ba6df88d6619d7a03b8c8938da855fe8aff09ea,0.37735849056603776,9.689579052595564,25.735868057540348,79821879,2886.3240321304907,159,https://hashdive.com/Analyze_User?user_address=0x6ba6df88d6619d7a03b8c8938da855fe8aff09ea
0x56bf0978f7b7dbcc5b67ed859c6ba4c00c68f47c,0.7777777777777778,3.54538703707603,25.716343224117555,79821879,3869.8399999999992,18,https://hashdive.com/Analyze_User?user_address=0x56bf0978f7b7dbcc5b67ed859c6ba4c00c68f47c
0x51f15f53581482eac89a6aa37558627b094001df,0.2727272727272727,2.5975558738754656,25.71580315136711,79821879,8.714325961409,11,https://hashdive.com/Analyze_User?user_address=0x51f15f53581482eac89a6aa37558627b094001df
0x05a96ab171ba79c6cfdb1482c9cb3b64f4c9e45d,0.42105263157894735,2.5966637159884294,25.70697078828545,79821879,189.96373380344602,19,https://hashdive.com/Analyze_User?user_address=0x05a96ab171ba79c6cfdb1482c9cb3b64f4c9e45d
0xf8744778694b98f8e1a7a514400a2d69acfa46cd,0.631578947368421,2.80412328335417,25.703426711580335,79821879,413.438653,19,https://hashdive.com/Analyze_User?user_address=0xf8744778694b98f8e1a7a514400a2d69acfa46cd
0x39f388f5f33b6b281cdd904fdb90a8762b6cd84e,0.125,2.595415289402296,25.694611365082732,79830877,229.95039586460197,8,https://hashdive.com/Analyze_User?user_address=0x39f388f5f33b6b281cdd904fdb90a8762b6cd84e
0xbda00de149fd7979963ef10c4f558422dbc3d3a5,0.5,3.5351865129174223,25.693828773023014,79821879,348.065046,14,https://hashdive.com/Analyze_User?user_address=0xbda00de149fd7979963ef10c4f558422dbc3d3a5
0xfaf859c3a389e580220abb89556063a99efa326e,0.38235294117647056,5.642240597429901,25.67936918161788,79821879,0.1683283406719998,34,https://hashdive.com/Analyze_User?user_address=0xfaf859c3a389e580220abb89556063a99efa326e
0xf9ef4f0b72d6ecdebb750eb6b269d57ee605ba20,0.6785714285714286,7.311568694571766,25.664850165187776,79821879,1923.222223,56,https://hashdive.com/Analyze_User?user_address=0xf9ef4f0b72d6ecdebb750eb6b269d57ee605ba20
0xb5d0a57a068077567ea1251aaf013df9dcb9c016,0.3076923076923077,2.5905970366481887,25.646910662817067,79821879,960.66319957369,13,https://hashdive.com/Analyze_User?user_address=0xb5d0a57a068077567ea1251aaf013df9dcb9c016
0xa0bbbaaa51208e0445e44a116c279fec43f9620a,0.3877551020408163,6.43706037773852,25.640894456149784,79821879,22.95980600000001,49,https://hashdive.com/Analyze_User?user_address=0xa0bbbaaa51208e0445e44a116c279fec43f9620a
0x68ee788e1b61208d62a8bca7aa5fc24bebaf6f8f,0.5151515151515151,2.589554652746007,25.636591062185474,79821879,7402.557309999999,33,https://hashdive.com/Analyze_User?user_address=0x68ee788e1b61208d62a8bca7aa5fc24bebaf6f8f
0x65398617bb550262d9fb92f9a6d2d7fb4d3c440f,0.6470588235294118,4.5305140003753115,25.636380305053137,79821879,96.19595712625103,34,https://hashdive.com/Analyze_User?user_address=0x65398617bb550262d9fb92f9a6d2d7fb4d3c440f
0xe98fe9d520cd0ff8b7f31b6a15f4c0fdfbd182eb,0.5833333333333334,2.5892260142936085,25.633337541506723,79821879,404.281641955894,12,https://hashdive.com/Analyze_User?user_address=0xe98fe9d520cd0ff8b7f31b6a15f4c0fdfbd182eb
0xeef30f08930c046bd6f055b6859d6dade244fb40,1.0,2.724527732425435,25.622029702065596,79821879,4949.696395999999,8,https://hashdive.com/Analyze_User?user_address=0xeef30f08930c046bd6f055b6859d6dade244fb40
0x942e0d61302e655cd59e5840d91471ee2f2a5633,0.375,2.5879836800072127,25.621038432071405,79821879,58.834379895735,8,https://hashdive.com/Analyze_User?user_address=0x942e0d61302e655cd59e5840d91471ee2f2a5633
0xa33553334f624802daed755986817e7a28049a07,0.7,7.263833845337944,25.61903200003902,79821879,1972.682365743306,60,https://hashdive.com/Analyze_User?user_address=0xa33553334f624802daed755986817e7a28049a07
0xf850f7e8f2b7edec8eeb301a858d5cb24b26f05b,0.43137254901960786,4.215103902925618,25.61236131085056,79821879,772.9062136875239,51,https://hashdive.com/Analyze_User?user_address=0xf850f7e8f2b7edec8eeb301a858d5cb24b26f05b
0x6d6852212ea320bd2c5da4bd8fb62d9defbf8113,0.5666666666666667,3.070470876339642,25.603903405487024,79821879,685.079236815993,30,https://hashdive.com/Analyze_User?user_address=0x6d6852212ea320bd2c5da4bd8fb62d9defbf8113
0x4608a58e7df03e422d949f1db072af89a4a8bc70,0.14285714285714285,2.585133917459572,25.592825782849765,79821879,297.34799999999996,7,https://hashdive.com/Analyze_User?user_address=0x4608a58e7df03e422d949f1db072af89a4a8bc70
0x031933d11511809a12a0de070b3c605dd596d0ab,0.42857142857142855,2.5849523036775257,25.591027806407503,79821879,16.66158,7,https://hashdive.com/Analyze_User?user_address=0x031933d11511809a12a0de070b3c605dd596d0ab
0x8289e7bd7bf0467503bb5ddbfbc9a59905cdd599,0.47058823529411764,3.2812293972620625,25.582619633756153,79821879,133.07099999999997,17,https://hashdive.com/Analyze_User?user_address=0x8289e7bd7bf0467503bb5ddbfbc9a59905cdd599
0x9a446e9bc991a4996cb32c364efdbe06ad4fd282,0.3888888888888889,4.311192242713048,25.581681092661107,79821879,152.39417445333203,36,https://hashdive.com/Analyze_User?user_address=0x9a446e9bc991a4996cb32c364efdbe06ad4fd282
0x41f5fa8bbfccf87eb60fc1b724c2abcf35fdd9ea,0.9,3.136402364246975,25.573742354629182,79821879,53.0,10,https://hashdive.com/Analyze_User?user_address=0x41f5fa8bbfccf87eb60fc1b724c2abcf35fdd9ea
0xa9ba6060aad99e38fa9c7aa11dbbc5f12e4de188,0.5714285714285714,2.5828777715907156,25.570489938748086,79821879,3092.932208138557,14,https://hashdive.com/Analyze_User?user_address=0xa9ba6060aad99e38fa9c7aa11dbbc5f12e4de188
0x48f5dddaeff9c892d41463bddf6a5dec1278e40d,0.2727272727272727,2.582148135641103,25.563266542846918,79821879,1646.946781427598,11,https://hashdive.com/Analyze_User?user_address=0x48f5dddaeff9c892d41463bddf6a5dec1278e40d
0xa2e9bf0154f13029ad1b3cccd9a5733d16c72d17,0.4583333333333333,3.317738773883632,25.560234046324094,79821879,645.60466,24,https://hashdive.com/Analyze_User?user_address=0xa2e9bf0154f13029ad1b3cccd9a5733d16c72d17
0xab4a6f0ec73e9273c40ac58c6d96b89857faed74,0.20930232558139536,6.260461005077385,25.555472711037268,79821879,20.785704449340997,43,https://hashdive.com/Analyze_User?user_address=0xab4a6f0ec73e9273c40ac58c6d96b89857faed74
0x2fa4c999c6780b5da476ab4743f98ff754030821,0.2535211267605634,6.6905447798677775,25.542009288220253,79821879,1213.4958748644256,142,https://hashdive.com/Analyze_User?user_address=0x2fa4c999c6780b5da476ab4743f98ff754030821
0xdf84f36956b10b65bb6fc74cf1fc41817d929e11,0.2,3.3352200328508923,25.53806691163132,79821879,163.615721210987,15,https://hashdive.com/Analyze_User?user_address=0xdf84f36956b10b65bb6fc74cf1fc41817d929e11
0x10efaa649117ebfd76c98f93e9381a4d2ab62fec,0.5,2.5789592420894607,25.53169649668566,79821879,305.661253,8,https://hashdive.com/Analyze_User?user_address=0x10efaa649117ebfd76c98f93e9381a4d2ab62fec
0x56a09cde1ccf30ae22edb979f47606dd295c523e,0.6666666666666666,2.5784163782726615,25.526322144899346,79821879,744.492278887853,9,https://hashdive.com/Analyze_User?user_address=0x56a09cde1ccf30ae22edb979f47606dd295c523e
0x3e8627c0c0d190bc8fd83a472a40ec5f26f3d223,0.8203883495145631,4.679144225771237,25.52521800592416,79821879,912.9670334050543,206,https://hashdive.com/Analyze_User?user_address=0x3e8627c0c0d190bc8fd83a472a40ec5f26f3d223
0x9bcdc3693beea5052f32d3f12de44446de7c89b5,0.2857142857142857,2.5781304752942984,25.52349170541355,79821879,197.62501000000003,7,https://hashdive.com/Analyze_User?user_address=0x9bcdc3693beea5052f32d3f12de44446de7c89b5
0x8ec25b0244676a4c37a198c11fbd595a4ea3078a,0.3333333333333333,2.5780167701112493,25.522366024101366,79821879,3842.14491355,12,https://hashdive.com/Analyze_User?user_address=0x8ec25b0244676a4c37a198c11fbd595a4ea3078a
0x09e6c66154eb5175a7d26d43da0e9fa6e4a9535c,0.8333333333333334,2.5778719319406713,25.52093212621265,79821879,1219.9594043780344,12,https://hashdive.com/Analyze_User?user_address=0x09e6c66154eb5175a7d26d43da0e9fa6e4a9535c
0xa0b5c276887f436435e7f796a8436146a71454df,0.47058823529411764,4.95474147689342,25.51864011639538,79821879,65.40916774594898,34,https://hashdive.com/Analyze_User?user_address=0xa0b5c276887f436435e7f796a8436146a71454df
0xd4a440ffcd7e7724e2c32711048c6aa5ccabed22,0.5,5.333179801652248,25.516765694861192,79821879,0.153050604455,30,https://hashdive.com/Analyze_User?user_address=0xd4a440ffcd7e7724e2c32711048c6aa5ccabed22
0x343d4965cf34e296cfc6bf1d2ee41b4e16a08231,0.45,3.1541378797685757,25.51252423061576,79821879,85.77488920165199,20,https://hashdive.com/Analyze_User?user_address=0x343d4965cf34e296cfc6bf1d2ee41b4e16a08231
0x189f7b18077bfe80e415cc6ab620159b8c0211cd,0.5180722891566265,9.498718802450146,25.512004576512428,79830877,540.1702497642766,332,https://hashdive.com/Analyze_User?user_address=0x189f7b18077bfe80e415cc6ab620159b8c0211cd
0x0e09210daec4e9011a931b4dd2ef7ff103b5ab25,0.5714285714285714,2.5760586965317898,25.502981095664715,79827278,5333.405468623897,14,https://hashdive.com/Analyze_User?user_address=0x0e09210daec4e9011a931b4dd2ef7ff103b5ab25
0xcca0b33fdb78de692b1d46b750a6c4c3fc533738,0.4489795918367347,7.994002232451348,25.501086373235083,79821879,5563.074409943727,98,https://hashdive.com/Analyze_User?user_address=0xcca0b33fdb78de692b1d46b750a6c4c3fc533738
0xa2130de1d285f3dea5b82d58699c2b3197f6cb3d,0.4583333333333333,3.3190846463453307,25.49840296545748,79821879,644.55,24,https://hashdive.com/Analyze_User?user_address=0xa2130de1d285f3dea5b82d58699c2b3197f6cb3d
0x7d643330447f2772b33dfdbc94c5a751fdfc6619,0.13333333333333333,2.5755758040964754,25.498200460555104,79821879,94.08842814062201,15,https://hashdive.com/Analyze_User?user_address=0x7d643330447f2772b33dfdbc94c5a751fdfc6619
0x3b1a7ca31a010f3ddf777f8df25671dcac5097af,0.449438202247191,7.5552128230422655,25.497472293708846,79821879,50.42974630975299,89,https://hashdive.com/Analyze_User?user_address=0x3b1a7ca31a010f3ddf777f8df25671dcac5097af
0x6ab7162cd157eaa14ad31c58e8c967b43aa19ab8,0.7142857142857143,2.575423282414455,25.496690495903106,79821879,117.22532667552602,7,https://hashdive.com/Analyze_User?user_address=0x6ab7162cd157eaa14ad31c58e8c967b43aa19ab8
0x97c0d715df0d7cf21569e5bb4e7c71941057943f,0.19230769230769232,2.574550317439816,25.48804814265418,79821879,4887.606975445395,26,https://hashdive.com/Analyze_User?user_address=0x97c0d715df0d7cf21569e5bb4e7c71941057943f
0x13d59c6e046707fc43646867ad7fb9c6fdc31825,0.5833333333333334,2.5741458904950965,25.484044315901457,79821879,45.393040560303014,12,https://hashdive.com/Analyze_User?user_address=0x13d59c6e046707fc43646867ad7fb9c6fdc31825
0xeeb4795035a61de650182de0bed73a7bf54402d6,0.3684210526315789,4.563122245560649,25.480578956591835,79821879,195.477624077279,38,https://hashdive.com/Analyze_User?user_address=0xeeb4795035a61de650182de0bed73a7bf54402d6
0xad429fd693a28fb4a684f060122d923e1e5f7d89,0.7777777777777778,2.5725364729117928,25.46811108182675,79829078,5991.01,9,https://hashdive.com/Analyze_User?user_address=0xad429fd693a28fb4a684f060122d923e1e5f7d89
0x1d45e17606e04041eef6f19fc64edbbb08a764f6,0.3,3.05085465893973,25.463460383521944,79821879,9.180914539298001,10,https://hashdive.com/Analyze_User?user_address=0x1d45e17606e04041eef6f19fc64edbbb08a764f6
0x348eadffa16299cab0fe81c0d127e96810a2ab8e,0.05714285714285714,5.768442219109542,25.461928492793284,79821879,0.16684219632299999,35,https://hashdive.com/Analyze_User?user_address=0x348eadffa16299cab0fe81c0d127e96810a2ab8e
0x70ffe2d3823f820fdd9ce5de616b44a7df0df41b,0.3805309734513274,8.140357870160448,25.461073270957208,79821879,173.33424385513896,113,https://hashdive.com/Analyze_User?user_address=0x70ffe2d3823f820fdd9ce5de616b44a7df0df41b
0x9cfec999deaa0339abe8f8a4bf65c1f72369629e,0.75,2.7501302853467986,25.455862160377905,79821879,205.03156124438303,12,https://hashdive.com/Analyze_User?user_address=0x9cfec999deaa0339abe8f8a4bf65c1f72369629e
0xb62f521bf197a53ffc58ce68f7adf570d7b8c582,0.6875,2.6129526401629364,25.452336601710517,79821879,689.9314122875401,16,https://hashdive.com/Analyze_User?user_address=0xb62f521bf197a53ffc58ce68f7adf570d7b8c582
0x49db34ab8db5ddfde6b7c3123b7c6a6761462019,0.41975308641975306,5.478511988439613,25.451474734339968,79821879,5437.041839818225,81,https://hashdive.com/Analyze_User?user_address=0x49db34ab8db5ddfde6b7c3123b7c6a6761462019
0x83ec6a41b09f9032e93b14417c0956f4dca8d6db,0.7407407407407407,4.8693879992320035,25.449837456425062,79821879,557.8752799058049,27,https://hashdive.com/Analyze_User?user_address=0x83ec6a41b09f9032e93b14417c0956f4dca8d6db
0xde0691306454a251639e7724f696b1db2323662c,0.631578947368421,3.6308348753554047,25.443616078899055,79821879,102.63383780476002,19,https://hashdive.com/Analyze_User?user_address=0xde0691306454a251639e7724f696b1db2323662c
0xa56dd35b9fda9b79b91a7d6234886da42384b638,0.4444444444444444,3.7017045914202344,25.430007889101176,79821879,100.98564499999999,18,https://hashdive.com/Analyze_User?user_address=0xa56dd35b9fda9b79b91a7d6234886da42384b638
0xac2ed12993310f0d838aa560098e3c1cb3c22e34,0.2,2.568494515307971,25.42809570154891,79821879,144.31705762047392,20,https://hashdive.com/Analyze_User?user_address=0xac2ed12993310f0d838aa560098e3c1cb3c22e34
0x09d7560b2819d3327aa65a97a66e23084be02dbf,0.36706349206349204,9.05819330654369,25.427008782584792,79821879,3044.7252425116085,504,https://hashdive.com/Analyze_User?user_address=0x09d7560b2819d3327aa65a97a66e23084be02dbf
0x7f9ecbf86964cc64cfafb09f3460188a5bbe528d,0.75,4.39033872720221,25.414065999328162,79821879,166.260884004,20,https://hashdive.com/Analyze_User?user_address=0x7f9ecbf86964cc64cfafb09f3460188a5bbe528d
0x2b83b095816faba89845cd058e94ab53412a41dd,0.3333333333333333,2.566781026677008,25.41113216410238,79821879,169.482096967301,12,https://hashdive.com/Analyze_User?user_address=0x2b83b095816faba89845cd058e94ab53412a41dd
0xce3cef6caac85997a2416ae6ef01b9eecd5c3286,0.4090909090909091,2.566756242857761,25.41088680429183,79821879,70.70545208194501,22,https://hashdive.com/Analyze_User?user_address=0xce3cef6caac85997a2416ae6ef01b9eecd5c3286
0x0ee6f672058a779ddb1a191121be08378bb7b5bc,0.47368421052631576,2.565720993467057,25.40063783532386,79821879,19072.01237913528,19,https://hashdive.com/Analyze_User?user_address=0x0ee6f672058a779ddb1a191121be08378bb7b5bc
0x27a8cf352c24659c3eecf7d1c36a338be18962a8,0.06294706723891273,10.0,25.399262659521412,79821879,259.16676499999994,699,https://hashdive.com/Analyze_User?user_address=0x27a8cf352c24659c3eecf7d1c36a338be18962a8
0x0fbcb4bcf0f3af6f6b2bfbb87a82e09082848939,0.3333333333333333,2.84017880882689,25.389233880348243,79821879,0.098322766412,9,https://hashdive.com/Analyze_User?user_address=0x0fbcb4bcf0f3af6f6b2bfbb87a82e09082848939
0x5f7680a4b985eea55979955b4c3d153208388e57,0.397887323943662,8.598585783479178,25.383862372236287,79821879,65991.62770794422,284,https://hashdive.com/Analyze_User?user_address=0x5f7680a4b985eea55979955b4c3d153208388e57
0x87ddcb5dfc83810ba5d94eb453965c62a498c73d,0.6666666666666666,7.21820356287042,25.379566935612292,79821879,1873.000003417776,54,https://hashdive.com/Analyze_User?user_address=0x87ddcb5dfc83810ba5d94eb453965c62a498c73d
0x9931198fa49d5e1ed21649a6d68943d7eaca874e,0.05263157894736842,2.562714599005548,25.37087453015492,79821879,399.602934039884,19,https://hashdive.com/Analyze_User?user_address=0x9931198fa49d5e1ed21649a6d68943d7eaca874e
0x91632f57ecedff5de46fbcf3a851c4b57cdbcd93,0.4166666666666667,2.9830457165655972,25.370607704308394,79821879,463.4827419100329,12,https://hashdive.com/Analyze_User?user_address=0x91632f57ecedff5de46fbcf3a851c4b57cdbcd93
0x2280d8dcba4200d0b96b0cb8198f34766094077c,0.55,3.28127854134086,25.37018057354231,79821879,798.7848400520841,20,https://hashdive.com/Analyze_User?user_address=0x2280d8dcba4200d0b96b0cb8198f34766094077c
0x8c6f56d2c2e45d21b551bd66b063a703c59a392b,0.5454545454545454,2.562292148978061,25.3666922748828,79821879,99.86452823480501,11,https://hashdive.com/Analyze_User?user_address=0x8c6f56d2c2e45d21b551bd66b063a703c59a392b
0x0e01097f62e69d4d77c6afd010539d8b1414c9c4,0.2857142857142857,2.5622903702026227,25.366674665005963,79821879,52.29919669666499,14,https://hashdive.com/Analyze_User?user_address=0x0e01097f62e69d4d77c6afd010539d8b1414c9c4
0x75f59c54faad60724fd724cc4a4f4749628430f9,0.6666666666666666,2.719130851163666,25.364373026017745,79821879,74.759671012011,9,https://hashdive.com/Analyze_User?user_address=0x75f59c54faad60724fd724cc4a4f4749628430f9
0x2b5d16ea01c8537947935fd1b2087e59e82c2964,0.09375,5.237751606039935,25.360210774056764,79821879,117.58531217462402,32,https://hashdive.com/Analyze_User?user_address=0x2b5d16ea01c8537947935fd1b2087e59e82c2964
0x05ab4cb0037176192c079ba5da804ebecf3003cb,0.40229885057471265,5.933743261795783,25.35727202657599,79821879,851.6931156930252,87,https://hashdive.com/Analyze_User?user_address=0x05ab4cb0037176192c079ba5da804ebecf3003cb
0xbde3eb86a183b18864235731c8a3cb4afd89c56e,0.44,2.939482497865299,25.32806651262369,79821879,3005.110761518916,25,https://hashdive.com/Analyze_User?user_address=0xbde3eb86a183b18864235731c8a3cb4afd89c56e
0x5e9fcd1a3c452a7d19fe50d1bd7229448c0b2ad4,0.5,2.5581886557729816,25.32606769215252,79821879,65.23896999999998,10,https://hashdive.com/Analyze_User?user_address=0x5e9fcd1a3c452a7d19fe50d1bd7229448c0b2ad4
0xa42cfc209422325865176cf42ee7e98adcc99552,0.01366120218579235,6.69268623469269,25.325414647115664,79830877,16.800835999999947,366,https://hashdive.com/Analyze_User?user_address=0xa42cfc209422325865176cf42ee7e98adcc99552
0x4ffedf854bb55925091fe1d10ffe6c6f618e7636,0.4606741573033708,7.5682286500243805,25.320997658071555,79821879,50.024696744491,89,https://hashdive.com/Analyze_User?user_address=0x4ffedf854bb55925091fe1d10ffe6c6f618e7636
0x4c2d1942865616903c1678b36d5f20bdc00569cc,0.75,3.252367279344494,25.315892293552665,79821879,4032.0150999999996,16,https://hashdive.com/Analyze_User?user_address=0x4c2d1942865616903c1678b36d5f20bdc00569cc
0x8e70d06ff519cd6bd365a3154f81279972582f06,0.5789473684210527,2.85229807996101,25.314397430408672,79821879,8836.17093385981,19,https://hashdive.com/Analyze_User?user_address=0x8e70d06ff519cd6bd365a3154f81279972582f06
0x2ae786c51592867c6663a588a23fd8ae3876a975,0.25,2.555529251117812,25.299739586066337,79821879,150.97182847666497,8,https://hashdive.com/Analyze_User?user_address=0x2ae786c51592867c6663a588a23fd8ae3876a975
0xc6e5b32fb9c7c803f7119cd96ac4db0c165b2244,0.6081081081081081,7.926878987064153,25.29960217295595,79830877,464.0403526683939,148,https://hashdive.com/Analyze_User?user_address=0xc6e5b32fb9c7c803f7119cd96ac4db0c165b2244
0xfccec952f9930c74ee7768306552e4e216173e55,0.42,2.5550393247993113,25.29488931551318,79821879,37632.72465080068,50,https://hashdive.com/Analyze_User?user_address=0xfccec952f9930c74ee7768306552e4e216173e55
0x8c60cb7560ad118308bef972d48eecf02916a172,0.45454545454545453,3.9425501177558253,25.285168165524045,79821879,28.071266512474008,22,https://hashdive.com/Analyze_User?user_address=0x8c60cb7560ad118308bef972d48eecf02916a172
0x5e5e6b42f1d4cdc1e1602a8aefd8ead723e5aa26,0.1111111111111111,2.55350735611519,25.279722825540382,79829078,248.40091773516792,9,https://hashdive.com/Analyze_User?user_address=0x5e5e6b42f1d4cdc1e1602a8aefd8ead723e5aa26
0x16838a285e331c8f6abbc01031667c63f8e895dc,0.7142857142857143,2.553477309953814,25.27942536854276,79821879,77.203132445226,7,https://hashdive.com/Analyze_User?user_address=0x16838a285e331c8f6abbc01031667c63f8e895dc
0x2f2be24a68a8ede74fc4ce53730c3ab50cbc650b,0.2,2.5532068142119475,25.276747460698278,79821879,1562.068394600998,10,https://hashdive.com/Analyze_User?user_address=0x2f2be24a68a8ede74fc4ce53730c3ab50cbc650b
0xe4017f46f51ee0ab595e98ac88c2b1a0f8ed3f4c,0.3333333333333333,3.5111642051126104,25.27603795787474,79821879,17.204963000000003,21,https://hashdive.com/Analyze_User?user_address=0xe4017f46f51ee0ab595e98ac88c2b1a0f8ed3f4c
0x1e504a3f8ae4977d5cdb7043c7ca5c8e2523ab67,0.6428571428571429,10.0,25.271883067610684,79821879,80.73852610000019,322,https://hashdive.com/Analyze_User?user_address=0x1e504a3f8ae4977d5cdb7043c7ca5c8e2523ab67
0x1cd43ffc1286e82327d23d20c739e0bbdb8be8c4,0.6571428571428571,3.9571581060466516,25.247295142354407,79821879,997.96711632285,35,https://hashdive.com/Analyze_User?user_address=0x1cd43ffc1286e82327d23d20c739e0bbdb8be8c4
0x3ee0c3437aabb97e3d041c71ea40e92ca505d0de,0.4166666666666667,2.557232881812546,25.246970997761245,79821879,62.336558,12,https://hashdive.com/Analyze_User?user_address=0x3ee0c3437aabb97e3d041c71ea40e92ca505d0de
0xf40562e1c5bcdbc507ebaca8bd7678a4eeac7d42,0.14285714285714285,2.550080989937339,25.245801800379656,79830877,261.42721029464104,7,https://hashdive.com/Analyze_User?user_address=0xf40562e1c5bcdbc507ebaca8bd7678a4eeac7d42
0x2358c7d959047751c14f88539b3de1ae87c02c64,0.2854016880275086,10.0,25.225667118837517,79825478,1354.4798168905756,3199,https://hashdive.com/Analyze_User?user_address=0x2358c7d959047751c14f88539b3de1ae87c02c64
0x032bb15a62b2ff8e1f21e2d6712356a8b1679576,0.05263157894736842,4.130973383955692,25.21541048890331,79821879,0.14038323070599998,19,https://hashdive.com/Analyze_User?user_address=0x032bb15a62b2ff8e1f21e2d6712356a8b1679576
0x7a3bc00cf7a51d485e2516a7fcaaad6f713b3d83,0.14285714285714285,2.545913557549295,25.20454421973802,79830877,244.02738432119196,7,https://hashdive.com/Analyze_User?user_address=0x7a3bc00cf7a51d485e2516a7fcaaad6f713b3d83
0xf91fa688702944ce46c98c6450285b0aa2a3efcb,0.5964912280701754,7.171964274443584,25.20271511221017,79821879,1737.000013955189,57,https://hashdive.com/Analyze_User?user_address=0xf91fa688702944ce46c98c6450285b0aa2a3efcb
0x2bfe4a3ae12657ea2cf5dfe9f28c5a330e8a8d1d,0.5714285714285714,2.54408038462083,25.186395807746216,79821879,79.32695505952401,7,https://hashdive.com/Analyze_User?user_address=0x2bfe4a3ae12657ea2cf5dfe9f28c5a330e8a8d1d
0x31fc1ea26a74aafac1dc52289a86e919a9b44e30,0.32967032967032966,5.180306095983065,25.182549155965393,79821879,25959.380684086154,91,https://hashdive.com/Analyze_User?user_address=0x31fc1ea26a74aafac1dc52289a86e919a9b44e30
0x985a82b2ef38e203bd1af306f87c17e2da2dbc8d,0.2222222222222222,2.9999999999677898,25.18232722427859,79821879,7.554654486966998,9,https://hashdive.com/Analyze_User?user_address=0x985a82b2ef38e203bd1af306f87c17e2da2dbc8d
0xb1555575b65112934f09acaa7318a5576dab0e14,0.14285714285714285,2.5435864447751144,25.181505803273634,79830877,251.043418677404,7,https://hashdive.com/Analyze_User?user_address=0xb1555575b65112934f09acaa7318a5576dab0e14
0x437436adef22992476113d94a4abdd0f9e827491,0.2,2.542905864139296,25.17476805497903,79821879,83.592792983352,10,https://hashdive.com/Analyze_User?user_address=0x437436adef22992476113d94a4abdd0f9e827491
0xbfa0a7429ab3454480383958490b8efcd6beb403,0.5576923076923077,3.802901775852365,25.169491196900886,79821879,2436.9250002717044,52,https://hashdive.com/Analyze_User?user_address=0xbfa0a7429ab3454480383958490b8efcd6beb403
0x06f2878b2d7065f239a5a254d9a21c515a8a82ce,0.7,2.9393872429935444,25.16771370578676,79821879,30.823939012617,10,https://hashdive.com/Analyze_User?user_address=0x06f2878b2d7065f239a5a254d9a21c515a8a82ce
0x43b0998a752c44e53e7af3996abf414934549ad7,0.375,2.690897743147204,25.1659950817665,79821879,148.06457996673595,8,https://hashdive.com/Analyze_User?user_address=0x43b0998a752c44e53e7af3996abf414934549ad7
0x13e484cb8191f9e8e162c1eafc0db8bb728c5883,0.3333333333333333,4.800555296905991,25.165183960815543,79821879,522.2501324752511,33,https://hashdive.com/Analyze_User?user_address=0x13e484cb8191f9e8e162c1eafc0db8bb728c5883
0x906a6f503ee84b294457e489f9233e52ce23f4bb,0.7777777777777778,2.659632041175344,25.161111585299295,79821879,129.436577,9,https://hashdive.com/Analyze_User?user_address=0x906a6f503ee84b294457e489f9233e52ce23f4bb
0xd8c839fb504d512680440affc1ac068a1af339d0,0.1111111111111111,2.54127790725206,25.158651281795397,79821879,78.69283695790602,9,https://hashdive.com/Analyze_User?user_address=0xd8c839fb504d512680440affc1ac068a1af339d0
0x0b9b35b86e7a9b5a641ac0e9d7a828cd9d5aa65e,0.37012987012987014,7.365774485085834,25.145397331711962,79821879,9975.238920096004,154,https://hashdive.com/Analyze_User?user_address=0x0b9b35b86e7a9b5a641ac0e9d7a828cd9d5aa65e
0x5d2bd19544a44c6229ddde1b9b40cf9120658d2e,0.7692307692307693,2.539598207133003,25.14202225061673,79821879,19.216262017201,13,https://hashdive.com/Analyze_User?user_address=0x5d2bd19544a44c6229ddde1b9b40cf9120658d2e
0x7a69709f4fce9acecc06f21bc7b3efdb4a200195,0.7142857142857143,6.968570318504046,25.134135485769384,79821879,2138.823546953021,56,https://hashdive.com/Analyze_User?user_address=0x7a69709f4fce9acecc06f21bc7b3efdb4a200195
0x6347ca25e3d8c813399991d22ec40ef40f61088a,0.8333333333333334,2.538652978303149,25.132664485201175,79821879,5.268175158938001,18,https://hashdive.com/Analyze_User?user_address=0x6347ca25e3d8c813399991d22ec40ef40f61088a
0xf54129348f7e3a3529e3f5fa6c28cff9202151fb,0.4782608695652174,2.538614047182021,25.132279067102008,79821879,5332.198540187032,46,https://hashdive.com/Analyze_User?user_address=0xf54129348f7e3a3529e3f5fa6c28cff9202151fb
0xdfb28fac50b749ac58f4f796ce14f3ee9823b219,0.37037037037037035,2.5383317426677623,25.129484252410847,79821879,1903.1620884028912,27,https://hashdive.com/Analyze_User?user_address=0xdfb28fac50b749ac58f4f796ce14f3ee9823b219
0xbb20fd9abf8212536c4d1a4553167e6a8b7da151,0.5529411764705883,8.37627265960375,25.124735352869006,79821879,13123.045296203101,170,https://hashdive.com/Analyze_User?user_address=0xbb20fd9abf8212536c4d1a4553167e6a8b7da151
0xbd9931f151abee8ebcfdea6cda42703fb33da804,0.14285714285714285,2.5370979043200803,25.117269252768793,79821879,819.4866019733979,7,https://hashdive.com/Analyze_User?user_address=0xbd9931f151abee8ebcfdea6cda42703fb33da804
0x64b85cfb974b2e54c99c6edf970a1b2a6b58976c,0.36363636363636365,3.899120323452203,25.107117551156808,79821879,3393.1371590355616,22,https://hashdive.com/Analyze_User?user_address=0x64b85cfb974b2e54c99c6edf970a1b2a6b58976c
0xa4da0b1dd4f6216532862e883d1191c92a8887db,0.2,2.5357848220402524,25.1042697381985,79821879,636.5579423397629,10,https://hashdive.com/Analyze_User?user_address=0xa4da0b1dd4f6216532862e883d1191c92a8887db
0x8e720e27ad3211fc75d8dcc703dfa224c238f090,0.14285714285714285,2.535481912766708,25.101270936390407,79821879,9.939119729251,7,https://hashdive.com/Analyze_User?user_address=0x8e720e27ad3211fc75d8dcc703dfa224c238f090
0x943fadd56e41c2221c7a6eeab4d878ec41deed60,0.48,6.582252946592357,25.099886192576232,79821879,25.25437373932401,50,https://hashdive.com/Analyze_User?user_address=0x943fadd56e41c2221c7a6eeab4d878ec41deed60
0xa024c1d84b2c915b68a0124c8849e2a09e284929,0.782608695652174,4.120751010409014,25.089897638678075,79830877,464.73,23,https://hashdive.com/Analyze_User?user_address=0xa024c1d84b2c915b68a0124c8849e2a09e284929
0x99e85aecc076455d4cfa077437cdd84f7e095066,0.36363636363636365,2.7744863803424646,25.08561348034297,79821879,44138.429948148456,33,https://hashdive.com/Analyze_User?user_address=0x99e85aecc076455d4cfa077437cdd84f7e095066
0x1abca74b1b09c8c305ea7755983908477161cb11,0.3333333333333333,2.53270025211176,25.073732495906427,79821879,3602.4572391515717,12,https://hashdive.com/Analyze_User?user_address=0x1abca74b1b09c8c305ea7755983908477161cb11
0x8fa6463f64a212599a4eefe04e47486f6f8eef74,0.43902439024390244,3.4689700572259947,25.059123662732187,79821879,516.80364998171,41,https://hashdive.com/Analyze_User?user_address=0x8fa6463f64a212599a4eefe04e47486f6f8eef74
0x630aaa36da32a0de6d8b2f676b431a1b37ed5b19,0.34545454545454546,3.9460445976437217,25.05717688735606,79821879,96.02963787188602,55,https://hashdive.com/Analyze_User?user_address=0x630aaa36da32a0de6d8b2f676b431a1b37ed5b19
0x06a1832a3f905822f9efad0addc90d634feafc6f,0.05555555555555555,2.5307179162211186,25.054107370589076,79821879,14.862992258774002,18,https://hashdive.com/Analyze_User?user_address=0x06a1832a3f905822f9efad0addc90d634feafc6f
0x21c1b726d066ae6ea9c4d642ecfb630de5d3ba47,0.375,2.5305640626070813,25.052584219810107,79821879,107.927499,8,https://hashdive.com/Analyze_User?user_address=0x21c1b726d066ae6ea9c4d642ecfb630de5d3ba47
0xb571036d7f37c563a70c996dc0a12ecc5d18dc07,0.35714285714285715,2.529931025483177,25.04631715228345,79821879,92.70804799999999,14,https://hashdive.com/Analyze_User?user_address=0xb571036d7f37c563a70c996dc0a12ecc5d18dc07
0xd4f4d312867373c05f2210de2c33a63a55edc9ab,0.2857142857142857,2.529822300019115,25.045240770189242,79821879,8.374286231537003,7,https://hashdive.com/Analyze_User?user_address=0xd4f4d312867373c05f2210de2c33a63a55edc9ab
0xbd699d6b2dd129d1d2a30ce10e0a5c06a1a6dc74,0.6428571428571429,2.5298220253599393,25.045238051063397,79821879,43.28350854551701,14,https://hashdive.com/Analyze_User?user_address=0xbd699d6b2dd129d1d2a30ce10e0a5c06a1a6dc74
0x9218981f06f3334f93aad5a07cce2686c11703f7,0.2857142857142857,2.5297827676426254,25.04484939966199,79821879,0.08520722253500002,7,https://hashdive.com/Analyze_User?user_address=0x9218981f06f3334f93aad5a07cce2686c11703f7
0x74b1d1b82d07f1459eab28705bbb83d7cc70ec47,0.4166666666666667,4.233432932590774,25.03680323078602,79821879,8399.14396211751,132,https://hashdive.com/Analyze_User?user_address=0x74b1d1b82d07f1459eab28705bbb83d7cc70ec47
0x338078cedd17731d95e97391b3d76605fb63656c,0.6428571428571429,2.8365409471334404,25.03591656640637,79821879,48.208696999999994,14,https://hashdive.com/Analyze_User?user_address=0x338078cedd17731d95e97391b3d76605fb63656c
0x050a08edf1e1033a12bebf8bfb0a6aa5e8509a4a,0.7894736842105263,2.8503343717484477,25.03208679002158,79821879,447.44859359416904,19,https://hashdive.com/Analyze_User?user_address=0x050a08edf1e1033a12bebf8bfb0a6aa5e8509a4a
0x0dedae6a02ea2ff8018ba5f277632919ed1c9025,0.5747883349012229,10.0,25.031636066051533,79821879,11907.587395960034,1063,https://hashdive.com/Analyze_User?user_address=0x0dedae6a02ea2ff8018ba5f277632919ed1c9025
0x09cf8629d4f99e511c21f23fd6a4d62e38bdf152,0.38461538461538464,2.528327154786869,25.030438832390004,79821879,70.07481130285599,13,https://hashdive.com/Analyze_User?user_address=0x09cf8629d4f99e511c21f23fd6a4d62e38bdf152
0x9de84fea57bc5bf879222040f51354dfb0749b10,0.5714285714285714,2.5281036404007975,25.028226039967898,79821879,23.494609149625997,7,https://hashdive.com/Analyze_User?user_address=0x9de84fea57bc5bf879222040f51354dfb0749b10
0x2c41d238bc76ed70f82caef4a0c10756e658d50b,0.9,2.7572199743145918,25.015694188669247,79821879,5403.756706,10,https://hashdive.com/Analyze_User?user_address=0x2c41d238bc76ed70f82caef4a0c10756e658d50b
0x547929d0609ea84a66d2cdcd48d9199733e0e1d9,0.7894736842105263,3.487540986596855,25.01279608167634,79821879,4305.219999999999,19,https://hashdive.com/Analyze_User?user_address=0x547929d0609ea84a66d2cdcd48d9199733e0e1d9
0xf2e01c2a52d8af155b7bf6e1dba5ed012d126d5f,0.5,2.526349428699692,25.01085934412695,79821879,110.92869037561601,10,https://hashdive.com/Analyze_User?user_address=0xf2e01c2a52d8af155b7bf6e1dba5ed012d126d5f
0x9dcb5a30ae36c0ebc78a9b281256795cc3a0974b,0.25,2.526328701596568,25.01065414580602,79830877,534.4553922669099,8,https://hashdive.com/Analyze_User?user_address=0x9dcb5a30ae36c0ebc78a9b281256795cc3a0974b
0xb358a02386f9cffdb83594ba9ea39c9880b7a6ef,0.2727272727272727,2.5260051861463175,25.00745134284854,79821879,242.81387679997897,11,https://hashdive.com/Analyze_User?user_address=0xb358a02386f9cffdb83594ba9ea39c9880b7a6ef
0xcb6b9ee55cb3e71db3e18a837907d1391eb4a565,0.6666666666666666,7.157356375483208,25.00245950002288,79821879,1864.000010904519,54,https://hashdive.com/Analyze_User?user_address=0xcb6b9ee55cb3e71db3e18a837907d1391eb4a565
0xd5817f224f4f03b4184141b42f3b5a35344abd3b,0.2631578947368421,3.3064708771797044,24.996103783932668,79821879,1430.1124004584215,76,https://hashdive.com/Analyze_User?user_address=0xd5817f224f4f03b4184141b42f3b5a35344abd3b
0x2163c21bf3e0b47670dc1a30893c8dd2bd6a375f,0.4857142857142857,2.5952128926705496,24.994093518398802,79821879,934.1886090000002,35,https://hashdive.com/Analyze_User?user_address=0x2163c21bf3e0b47670dc1a30893c8dd2bd6a375f
0xf5dc188fbe101354b788fbdf8ca0495c512bd9bd,0.8,3.272552191542263,24.99391834740717,79821879,413.948081153121,20,https://hashdive.com/Analyze_User?user_address=0xf5dc188fbe101354b788fbdf8ca0495c512bd9bd
0xad05346d8172a3e6b63569140b0a4dc8203e9b34,0.2857142857142857,2.5240755471976395,24.988347917256633,79821879,61.85001878145299,7,https://hashdive.com/Analyze_User?user_address=0xad05346d8172a3e6b63569140b0a4dc8203e9b34
0xf19b2a2f9fd839f8adcb6dcdc21387b8d97ddb55,0.5121951219512195,5.066511195942507,24.978310545847528,79821879,30.539270818713007,41,https://hashdive.com/Analyze_User?user_address=0xf19b2a2f9fd839f8adcb6dcdc21387b8d97ddb55
0xa317600213ca6ab7f6e543e3ce8e29b86c564ae3,0.3333333333333333,2.561316352173738,24.97669986017022,79821879,318.91429580111,12,https://hashdive.com/Analyze_User?user_address=0xa317600213ca6ab7f6e543e3ce8e29b86c564ae3
0x05df03b3e41d80ade7cf78611628029509983efe,0.5,2.5225202234531223,24.97295021218591,79821879,123.22679999664001,12,https://hashdive.com/Analyze_User?user_address=0x05df03b3e41d80ade7cf78611628029509983efe
0xcf63879f33e895716b5a74f9e5b3d90aa2c3b12e,0.7142857142857143,2.522147765952448,24.969262882929236,79821879,2461.878099,7,https://hashdive.com/Analyze_User?user_address=0xcf63879f33e895716b5a74f9e5b3d90aa2c3b12e
0x511c90bb061c4cc27a887066b0718c443dd0c818,0.6,3.7718204150937518,24.96832691740918,79821879,122.20296100000003,20,https://hashdive.com/Analyze_User?user_address=0x511c90bb061c4cc27a887066b0718c443dd0c818
0xb89881540b8154847ad6e7545e2a60d76b8f1288,0.3592233009708738,4.865022136412229,24.9663609549216,79821879,10582.852053350462,103,https://hashdive.com/Analyze_User?user_address=0xb89881540b8154847ad6e7545e2a60d76b8f1288
0xf1b57c1ad9d2667b8d686c31ed40edead40c1a32,0.16842105263157894,2.5211307543682757,24.959194468245933,79821879,1977.9140753339473,95,https://hashdive.com/Analyze_User?user_address=0xf1b57c1ad9d2667b8d686c31ed40edead40c1a32
0xea60f52135f14ae14c881a80e5b60ba5d584f4f6,0.6545454545454545,7.232377317288012,24.95460678040166,79821879,1847.000010744222,55,https://hashdive.com/Analyze_User?user_address=0xea60f52135f14ae14c881a80e5b60ba5d584f4f6
0x0b5442f404e7c8bc28c0530b6f3046a6bada5eff,0.07450331125827815,10.0,24.945618750402314,79821879,327.0554666175586,1208,https://hashdive.com/Analyze_User?user_address=0x0b5442f404e7c8bc28c0530b6f3046a6bada5eff
0x82d453e775aff3876d62495d7243173689059107,0.25,2.5193714097821127,24.941776956842915,79821879,510.59690315982516,12,https://hashdive.com/Analyze_User?user_address=0x82d453e775aff3876d62495d7243173689059107
0x0d911eb91cf195cf7a064450774eaf30d765df57,0.3333333333333333,2.5193568994819024,24.941633304870834,79821879,49.435440976961004,9,https://hashdive.com/Analyze_User?user_address=0x0d911eb91cf195cf7a064450774eaf30d765df57
0xb31790affd7ec1f0e87ba6a2d4c06d27eed0d8e1,0.45454545454545453,2.5594530450545383,24.935410335535725,79821879,208.754194615186,11,https://hashdive.com/Analyze_User?user_address=0xb31790affd7ec1f0e87ba6a2d4c06d27eed0d8e1
0x7c17626093bbfd58c2d245a6e9f887d626449b2d,0.525,3.9059061767802277,24.92899955747857,79821879,459.427141500108,40,https://hashdive.com/Analyze_User?user_address=0x7c17626093bbfd58c2d245a6e9f887d626449b2d
0x45417a6d24d5dae98b64ddafca9de522ea332436,0.64,4.676389648082186,24.921436992217313,79821879,2426.6,25,https://hashdive.com/Analyze_User?user_address=0x45417a6d24d5dae98b64ddafca9de522ea332436
0xb77700c824bbc428591e63385d0525f5ef987ee3,0.5714285714285714,5.629927895168502,24.919128604393762,79823676,245.10001765652,42,https://hashdive.com/Analyze_User?user_address=0xb77700c824bbc428591e63385d0525f5ef987ee3
0x53987af06b62319d852d5e43b84fa2cdc750a652,0.47368421052631576,3.464129959244362,24.91752596231665,79821879,1818.9934816736009,19,https://hashdive.com/Analyze_User?user_address=0x53987af06b62319d852d5e43b84fa2cdc750a652
0x27edabb6b5d73242db651408d36d94135c389f1d,0.449438202247191,5.072936791932725,24.915870369814016,79821879,2025.6227506011016,89,https://hashdive.com/Analyze_User?user_address=0x27edabb6b5d73242db651408d36d94135c389f1d
0x25abf94a8d50ba0b67933558816698f8f87deaa2,0.8333333333333334,3.6308466850527794,24.91514808597776,79821879,404.06546139035896,18,https://hashdive.com/Analyze_User?user_address=0x25abf94a8d50ba0b67933558816698f8f87deaa2
0xbb0232e5e1d43b0abcbd8e1f317734054357c246,0.14285714285714285,2.51659224661711,24.91426324150939,79821879,789.1931424341279,14,https://hashdive.com/Analyze_User?user_address=0xbb0232e5e1d43b0abcbd8e1f317734054357c246
0x61b4d3f08063afd4f6487ec47fd2e26da27cef4d,0.5161290322580645,5.307910277930127,24.91153840541172,79821879,16.895770163701997,31,https://hashdive.com/Analyze_User?user_address=0x61b4d3f08063afd4f6487ec47fd2e26da27cef4d
0xc18fe9df80f49506a21f125952a05a37baddf929,0.5138888888888888,5.4361813012491185,24.911533636453342,79821879,2533.9391508936005,72,https://hashdive.com/Analyze_User?user_address=0xc18fe9df80f49506a21f125952a05a37baddf929
0xf49474b3fcb2b9de249da4ca0b900b88b587d245,0.5384615384615384,2.516311532298635,24.911484169756484,79821879,258.00250058522596,13,https://hashdive.com/Analyze_User?user_address=0xf49474b3fcb2b9de249da4ca0b900b88b587d245
0xa6b0d068df24fb7da842934bf682e2285738881d,0.14285714285714285,2.6897641236967216,24.909644451925065,79821879,8861.581705369208,28,https://hashdive.com/Analyze_User?user_address=0xa6b0d068df24fb7da842934bf682e2285738881d
0xd5669902212efa87a89570264d0f830b29783e2d,0.5084745762711864,3.204282139007023,24.909271344310664,79821879,8742.025325476921,59,https://hashdive.com/Analyze_User?user_address=0xd5669902212efa87a89570264d0f830b29783e2d
0xd2de93aee171eefbe0702e90076150fa9079b8c9,0.625,2.515473603836754,24.903188677983863,79821879,97.81764499523001,8,https://hashdive.com/Analyze_User?user_address=0xd2de93aee171eefbe0702e90076150fa9079b8c9
0x3fc0a55535c724366842a770ec1bb9e8f9483862,0.2857142857142857,2.5148869250842374,24.89738055833395,79830877,505.256028865289,7,https://hashdive.com/Analyze_User?user_address=0x3fc0a55535c724366842a770ec1bb9e8f9483862
0x8d71f315610f531c5a50b9f637bea1ab07ca18c1,0.3333333333333333,2.9367528201376434,24.89476177346662,79821879,91.70371797441601,9,https://hashdive.com/Analyze_User?user_address=0x8d71f315610f531c5a50b9f637bea1ab07ca18c1
0x7933925efb8bf63023eba7f39f285230cd2b547c,0.26627218934911245,10.0,24.88593359323748,79825478,176.31622919499998,507,https://hashdive.com/Analyze_User?user_address=0x7933925efb8bf63023eba7f39f285230cd2b547c
0x1ac0823f41f367d9cbeeee58b1009e4f472a223c,0.352557127312296,10.0,24.88226975582264,79829078,407.76254674499995,919,https://hashdive.com/Analyze_User?user_address=0x1ac0823f41f367d9cbeeee58b1009e4f472a223c
0x8092b8858a207a5bbdfbcf081c613785e413db0c,0.9,3.1576187275231367,24.881589266348392,79821879,780.5,10,https://hashdive.com/Analyze_User?user_address=0x8092b8858a207a5bbdfbcf081c613785e413db0c
0x42035428948b86c53bd7bc7feb2b48a789910894,1.0,2.513263936151757,24.881312967902392,79821879,892.489027,7,https://hashdive.com/Analyze_User?user_address=0x42035428948b86c53bd7bc7feb2b48a789910894
0x89e210274d429bd460b8bca911e86607248abb8d,0.40476190476190477,4.273198562626894,24.873535828753347,79821879,834.68158414976,42,https://hashdive.com/Analyze_User?user_address=0x89e210274d429bd460b8bca911e86607248abb8d
0xc1419bc766a6b905f738e66993d80093c59ce338,0.1111111111111111,4.203116712820681,24.868281247008596,79821879,0.11300106184399995,18,https://hashdive.com/Analyze_User?user_address=0xc1419bc766a6b905f738e66993d80093c59ce338
0xc8358a92acfc34dedf51a46ab1f6777b499b25ec,0.7,4.692552987715405,24.858738400158842,79821879,2875.4759360000003,30,https://hashdive.com/Analyze_User?user_address=0xc8358a92acfc34dedf51a46ab1f6777b499b25ec
0xbb04d58ce639407fa979f93d3fa5abc34f13cf70,0.5769230769230769,3.5823545473638307,24.85747342149681,79821879,19089.92,26,https://hashdive.com/Analyze_User?user_address=0xbb04d58ce639407fa979f93d3fa5abc34f13cf70
0x42a4089f959a1f9013cf89d62d93a0418a17f926,0.7,3.5810282742377404,24.857451494240674,79821879,19089.9,20,https://hashdive.com/Analyze_User?user_address=0x42a4089f959a1f9013cf89d62d93a0418a17f926
0xb562d2999f6946471f1ee949cd788854ae821533,0.4444444444444444,2.510015070354373,24.849149196508296,79821879,5784.564640130294,9,https://hashdive.com/Analyze_User?user_address=0xb562d2999f6946471f1ee949cd788854ae821533
0x1badd060dbee543da7c5d6094fcf681448c9b72b,0.25,2.509897229262169,24.84798256969547,79821879,351.15746347676594,12,https://hashdive.com/Analyze_User?user_address=0x1badd060dbee543da7c5d6094fcf681448c9b72b
0xc0d1556899db3f6fef50eb349e89781ca47e39cd,0.5,2.509328395025745,24.842351110754876,79821879,195.097547368751,8,https://hashdive.com/Analyze_User?user_address=0xc0d1556899db3f6fef50eb349e89781ca47e39cd
0xb6976c370486e6d79aef391a79cac7fded66ffd2,0.5111111111111111,4.564082326926815,24.83821100678044,79821879,311.3516913243769,45,https://hashdive.com/Analyze_User?user_address=0xb6976c370486e6d79aef391a79cac7fded66ffd2
0x3af0a7612c52dd7189d15261e91a3f84f9631838,0.75,4.445381926097122,24.83752227536855,79821879,46.98889,20,https://hashdive.com/Analyze_User?user_address=0x3af0a7612c52dd7189d15261e91a3f84f9631838
0x27bf22d84da00b4b04428eb3d877e4cb42a3fa14,0.09090909090909091,2.5088016576132577,24.83713641037125,79821879,1181.194704214234,11,https://hashdive.com/Analyze_User?user_address=0x27bf22d84da00b4b04428eb3d877e4cb42a3fa14
0x3f73e8bd6b1136506da5a82d23067756b385893a,0.125,2.508544519269184,24.834590740764924,79821879,235.43147856996603,8,https://hashdive.com/Analyze_User?user_address=0x3f73e8bd6b1136506da5a82d23067756b385893a
0xffa23ce197fe6aaa1db4e0404ce520afc29c6757,0.75,4.582718880784532,24.834073043837627,79821879,2734.3000000000006,24,https://hashdive.com/Analyze_User?user_address=0xffa23ce197fe6aaa1db4e0404ce520afc29c6757
0x1511b730bb0c6ce6cd7a9641593404944a1530ba,0.4166666666666667,3.1928858146304355,24.83351781408294,79821879,237.22100000895296,12,https://hashdive.com/Analyze_User?user_address=0x1511b730bb0c6ce6cd7a9641593404944a1530ba
0x924201bcbb27cc290ca114ac4193ef890a574a50,0.7,3.898110770203647,24.823881678200173,79821879,134.85252899999998,20,https://hashdive.com/Analyze_User?user_address=0x924201bcbb27cc290ca114ac4193ef890a574a50
0x957f691adbd03039025f06d285a5c3e5384499c8,0.21757753628936305,4.1203707838910395,24.823825691186524,79830877,31250.527493591657,12607,https://hashdive.com/Analyze_User?user_address=0x957f691adbd03039025f06d285a5c3e5384499c8
0x1ef4c4af97b908b07009ac4601a728adab5a2265,0.5238095238095238,3.07655004956247,24.817179365732844,79821879,55.658829545389004,21,https://hashdive.com/Analyze_User?user_address=0x1ef4c4af97b908b07009ac4601a728adab5a2265
0xa09becd2b0809cfbeb88693ec3041b0b820d071e,0.375,2.7762072053287947,24.81066103866219,79821879,2494.675944959606,16,https://hashdive.com/Analyze_User?user_address=0xa09becd2b0809cfbeb88693ec3041b0b820d071e
0x6c1f0803baf79491a11bbb41a9c9b23d4c254a06,0.4367816091954023,7.478869786375397,24.80892868440414,79821879,49.373079666388,87,https://hashdive.com/Analyze_User?user_address=0x6c1f0803baf79491a11bbb41a9c9b23d4c254a06
0xdcda288247079bf26f962ac36201923897cd35e5,0.7,3.990081313284818,24.807943006176146,79821879,104.805092,20,https://hashdive.com/Analyze_User?user_address=0xdcda288247079bf26f962ac36201923897cd35e5
0x225a5c6f739dff976b569a38f503a92cd1c402d6,0.42857142857142855,2.978836071626409,24.80165010475501,79821879,205.30982293193404,21,https://hashdive.com/Analyze_User?user_address=0x225a5c6f739dff976b569a38f503a92cd1c402d6
0x6d38ca68f9f71f1f10dc99df0c7d7cc80fae4230,0.07142857142857142,2.5051513872139495,24.8009987334181,79821879,20.600280345439003,14,https://hashdive.com/Analyze_User?user_address=0x6d38ca68f9f71f1f10dc99df0c7d7cc80fae4230
0xdd3a92622d0856cd601fbfd96387c9e63ed882af,0.17647058823529413,2.872086823148456,24.79705653539184,79821879,107.52526519668199,17,https://hashdive.com/Analyze_User?user_address=0xdd3a92622d0856cd601fbfd96387c9e63ed882af
0x18a8613c0a348420dfe69796299b7327140df341,0.9523809523809523,2.504174724676204,24.791329774294418,79830877,10194.635867000006,21,https://hashdive.com/Analyze_User?user_address=0x18a8613c0a348420dfe69796299b7327140df341
0x5441e12f652034422a55a1f3dd796afaab52ede5,0.96,3.4917368574732257,24.777708824809306,79821879,8539.761879954334,25,https://hashdive.com/Analyze_User?user_address=0x5441e12f652034422a55a1f3dd796afaab52ede5
0x5d66541a04378e2d0d84ff32a479803d823c759c,0.75,2.50265547578506,24.776289210272093,79821879,88.591354,8,https://hashdive.com/Analyze_User?user_address=0x5d66541a04378e2d0d84ff32a479803d823c759c
0xe3673ba6750d28760a9e1898aaa48fdf433c580e,0.17647058823529413,2.5024985146331047,24.77473529486774,79821879,52.833299571375996,17,https://hashdive.com/Analyze_User?user_address=0xe3673ba6750d28760a9e1898aaa48fdf433c580e
0x91bc1b38798ca0aebf1f0d225265ffcc90539448,0.625,2.8284271243662094,24.771507617725426,79821879,7.0063716685770006,8,https://hashdive.com/Analyze_User?user_address=0x91bc1b38798ca0aebf1f0d225265ffcc90539448
0x9eb2ea336f9aafc169398b58216b6b103b06a002,0.7777777777777778,2.5018524498407366,24.768339253423292,79821879,26.214511807001998,9,https://hashdive.com/Analyze_User?user_address=0x9eb2ea336f9aafc169398b58216b6b103b06a002
0xf45d7dbb5d03778fb422c51851fee57800a5ea5f,0.2857142857142857,2.5018495281809146,24.768310328991056,79821879,55.711975000608,7,https://hashdive.com/Analyze_User?user_address=0xf45d7dbb5d03778fb422c51851fee57800a5ea5f
0x47ced587b150b3531b1a4577429fe73097a58f60,0.3448275862068966,3.1080252151450454,24.764186546868533,79821879,352.18359173165385,58,https://hashdive.com/Analyze_User?user_address=0x47ced587b150b3531b1a4577429fe73097a58f60
0xfb773a53983ddd1d38dc342b2591d95f73421379,0.6111111111111112,6.995040886929826,24.758110633778834,79821879,1663.5087840474478,54,https://hashdive.com/Analyze_User?user_address=0xfb773a53983ddd1d38dc342b2591d95f73421379
0x7b138372c1e7cf760c3f62732587a16341ebc007,1.0,2.9999999999993627,24.755669988823104,79821879,742.668864656561,9,https://hashdive.com/Analyze_User?user_address=0x7b138372c1e7cf760c3f62732587a16341ebc007
0xff2e05978bf56fe6deb04aa3fc0ba978a4bb315e,0.6545454545454545,7.227659824577188,24.75131426956621,79821879,1786.918043714743,55,https://hashdive.com/Analyze_User?user_address=0xff2e05978bf56fe6deb04aa3fc0ba978a4bb315e
0xc04bcedbe130f1341977eb92e1516dcfa4161424,0.5,2.4996356372964508,24.746392809234862,79821879,3352.453524209342,14,https://hashdive.com/Analyze_User?user_address=0xc04bcedbe130f1341977eb92e1516dcfa4161424
0x32050df381d94e2845be2165859a69abbc470013,0.15384615384615385,2.4996229248419475,24.74626695593528,79821879,531.766477017139,13,https://hashdive.com/Analyze_User?user_address=0x32050df381d94e2845be2165859a69abbc470013
0xf9da3a3f6895cc4d6c702d9fe7a85dc174e0b18e,0.8125,3.9328216837469143,24.745199207225113,79821879,215.5,16,https://hashdive.com/Analyze_User?user_address=0xf9da3a3f6895cc4d6c702d9fe7a85dc174e0b18e
0xe4e2b203b9d50dacc3e640e319df8b999164f26c,0.7272727272727273,5.527845828531821,24.74364140380148,79821879,134071.89719400002,55,https://hashdive.com/Analyze_User?user_address=0xe4e2b203b9d50dacc3e640e319df8b999164f26c
0x404f46b88714f61f991e071cb704055104986ea4,0.5,2.498150742808796,24.731692353807084,79821879,59.749058153037,8,https://hashdive.com/Analyze_User?user_address=0x404f46b88714f61f991e071cb704055104986ea4
0xc8bbe40025204597fa3ee62a906c98f2c8513c1d,0.1111111111111111,2.4977783552553574,24.728005717028037,79821879,12.521440637427,9,https://hashdive.com/Analyze_User?user_address=0xc8bbe40025204597fa3ee62a906c98f2c8513c1d
0x17d559f53293a7e254c936c97eaa0c05779570c6,0.5454545454545454,3.212465471367021,24.71954878822085,79821879,39.995674919138004,11,https://hashdive.com/Analyze_User?user_address=0x17d559f53293a7e254c936c97eaa0c05779570c6
0x987087f346869d7956ef974d7665fb59ee90f4a6,0.625,2.4963432788444466,24.71379846056002,79821879,390.475349056603,8,https://hashdive.com/Analyze_User?user_address=0x987087f346869d7956ef974d7665fb59ee90f4a6
0x668c9e692ab92beb272cfea33352610fdc6ac966,0.2857142857142857,2.496151647695966,24.711901312190065,79821879,21.820741830119996,7,https://hashdive.com/Analyze_User?user_address=0x668c9e692ab92beb272cfea33352610fdc6ac966
0x719cd7ea6d1d7147d2acb6225e9ff7acbd9abf92,0.16666666666666666,2.4958753641826563,24.709166105408297,79821879,25.196208595817,12,https://hashdive.com/Analyze_User?user_address=0x719cd7ea6d1d7147d2acb6225e9ff7acbd9abf92
0x7974c4695e720495cedf1cefb47c5146ab906a9b,0.9,3.1168639800612925,24.707913343343016,79821879,56.6,10,https://hashdive.com/Analyze_User?user_address=0x7974c4695e720495cedf1cefb47c5146ab906a9b
0x47dfa9a34cbeacc8d35586eb6fb798fb2825b645,0.6428571428571429,2.8148477652043313,24.704098388542736,79821879,3900.58,14,https://hashdive.com/Analyze_User?user_address=0x47dfa9a34cbeacc8d35586eb6fb798fb2825b645
0xc96f6dcb480ce28f43909682c2e975f345a1eb5d,0.6666666666666666,5.1121355939006285,24.698895266330325,79821879,0.13522225736199997,27,https://hashdive.com/Analyze_User?user_address=0xc96f6dcb480ce28f43909682c2e975f345a1eb5d
0x1978f4deca162a51532a68c507579fe92250a10f,0.3125,2.9912294702511875,24.691651813568342,79821879,1078.816970423054,16,https://hashdive.com/Analyze_User?user_address=0x1978f4deca162a51532a68c507579fe92250a10f
0x3b185cfeef1129aad5a1428b1e353d641ee0e791,0.2916666666666667,4.8113696581474,24.690092142386362,79821879,0.12827916925799995,24,https://hashdive.com/Analyze_User?user_address=0x3b185cfeef1129aad5a1428b1e353d641ee0e791
0xd9e143e38a8bc5eb3a1151262d508a0d80dccc64,0.8888888888888888,2.508068117137371,24.689860233875756,79821879,88.970294055181,9,https://hashdive.com/Analyze_User?user_address=0xd9e143e38a8bc5eb3a1151262d508a0d80dccc64
0xf6f622f2c6a040d29bf62aae1a0d3020a1cf4355,0.96,3.4446627944176003,24.688177576507368,79821879,8521.003525933129,25,https://hashdive.com/Analyze_User?user_address=0xf6f622f2c6a040d29bf62aae1a0d3020a1cf4355
0x5522c16c4b0e347225cd4de5d20974693e5956f9,0.7777777777777778,3.7494985320501684,24.685572238164987,79821879,3619.8299999999995,18,https://hashdive.com/Analyze_User?user_address=0x5522c16c4b0e347225cd4de5d20974693e5956f9
0x3a74766357374412bdff6a2cf21bae8f2c3e9043,0.42857142857142855,2.493318560529496,24.68385374924201,79830877,1189.244905111057,7,https://hashdive.com/Analyze_User?user_address=0x3a74766357374412bdff6a2cf21bae8f2c3e9043
0x8380bc0c3b723531091c37c7751e335a10bdf672,0.625,2.4931292008474806,24.681979088390058,79821879,392.20558524049596,8,https://hashdive.com/Analyze_User?user_address=0x8380bc0c3b723531091c37c7751e335a10bdf672
0xec06073ab1d6d0f4e586fc78cbf985f71718f48d,0.7,2.912891921985813,24.68005712561276,79821879,126.605201,10,https://hashdive.com/Analyze_User?user_address=0xec06073ab1d6d0f4e586fc78cbf985f71718f48d
0x88222d097c47760261021953062cc2bb445573e9,0.6756756756756757,5.778021707222518,24.679099928725353,79821879,1051.099899,37,https://hashdive.com/Analyze_User?user_address=0x88222d097c47760261021953062cc2bb445573e9
0x3762b49d376b985101eaf27e1fc7bb037630498a,0.6923076923076923,2.4924063480342755,24.674822845539328,79821879,6941.821086253669,13,https://hashdive.com/Analyze_User?user_address=0x3762b49d376b985101eaf27e1fc7bb037630498a
0x260b8cd6b62a86dfbf53c1d9d2eb0328f865d12c,0.03967741935483871,10.0,24.67434584679481,79830877,779.2690393798302,3100,https://hashdive.com/Analyze_User?user_address=0x260b8cd6b62a86dfbf53c1d9d2eb0328f865d12c
0x6bc74c392c320cfe10d5be61db978a58c8444ad4,0.09090909090909091,2.4919540020091477,24.670344619890564,79821879,1479.6676229120442,22,https://hashdive.com/Analyze_User?user_address=0x6bc74c392c320cfe10d5be61db978a58c8444ad4
0x97b717c770cce1562c96cea2d5ea0a1c67688949,0.6693548387096774,9.773479442185081,24.668515333186765,79821879,7921.949248945024,124,https://hashdive.com/Analyze_User?user_address=0x97b717c770cce1562c96cea2d5ea0a1c67688949
0x2294ab619e4d95feb842dd52bd89e295253f4cd3,0.5178571428571429,3.9799799389782837,24.665220565045843,79830877,3178.186829127256,56,https://hashdive.com/Analyze_User?user_address=0x2294ab619e4d95feb842dd52bd89e295253f4cd3
0xd0941c4cc0b2f8669ff15b74a982fc4481aff653,0.7391304347826086,4.118043282141144,24.65819727004542,79821879,15072.0,23,https://hashdive.com/Analyze_User?user_address=0xd0941c4cc0b2f8669ff15b74a982fc4481aff653
0x3066cd141a3e114ef677cf0e0079cddbb408017c,0.10526315789473684,2.4894433291789566,24.645488958871667,79821879,92.54777685009199,19,https://hashdive.com/Analyze_User?user_address=0x3066cd141a3e114ef677cf0e0079cddbb408017c
0xb10e129b3103808bff2761673947eb4855646259,0.8235294117647058,3.0604822078919116,24.63690200607425,79821879,870.38559202,17,https://hashdive.com/Analyze_User?user_address=0xb10e129b3103808bff2761673947eb4855646259
0x10c68c1e6e8b4264288fd81bee0f4d6ca7372225,0.2857142857142857,2.488240999978169,24.633585899783874,79821879,123.13785970316701,7,https://hashdive.com/Analyze_User?user_address=0x10c68c1e6e8b4264288fd81bee0f4d6ca7372225
0x3cb8f764db6197ad64c53a9710cddee49aa18916,0.6545454545454545,7.227606882395456,24.63212577528192,79821879,1780.030305,55,https://hashdive.com/Analyze_User?user_address=0x3cb8f764db6197ad64c53a9710cddee49aa18916
0x0c784987b754ed1312ac6c1a3adee2b0767ed9e2,0.2857142857142857,2.5122692851209933,24.631770146937562,79821879,51.826926,14,https://hashdive.com/Analyze_User?user_address=0x0c784987b754ed1312ac6c1a3adee2b0767ed9e2
0x99674451f95005f48c9c467bf0030a327ca9dca4,1.0,2.4877518901911597,24.62874371289248,79821879,214.042608155785,8,https://hashdive.com/Analyze_User?user_address=0x99674451f95005f48c9c467bf0030a327ca9dca4
0xa0abd29e0f5cb89353b442a9521b4218c31bab2e,0.0963855421686747,2.4870776703679214,24.62206893664242,79821879,7327.90309388562,83,https://hashdive.com/Analyze_User?user_address=0xa0abd29e0f5cb89353b442a9521b4218c31bab2e
0xf63b9d60ea704bbfbc7be3c7731ce8f3ad81088d,0.3076923076923077,3.5149529504568955,24.605270516549922,79821879,0.10289818153100001,13,https://hashdive.com/Analyze_User?user_address=0xf63b9d60ea704bbfbc7be3c7731ce8f3ad81088d
0x4563f109a41991a9e4b78248255e9f302d253c8f,0.4444444444444444,2.4850465428819724,24.601960774531527,79821879,1151.726886814614,9,https://hashdive.com/Analyze_User?user_address=0x4563f109a41991a9e4b78248255e9f302d253c8f
0xe7241f82a57c7088da71cf76fb88ec38fabb5ad6,0.3157894736842105,2.484360009314037,24.595164092208968,79821879,826.3284415083461,19,https://hashdive.com/Analyze_User?user_address=0xe7241f82a57c7088da71cf76fb88ec38fabb5ad6
0x09a7f02f736fffe8aa68510a037c1a92055989fd,0.6486486486486487,4.91814677177729,24.593748427541854,79821879,83.50989157292602,37,https://hashdive.com/Analyze_User?user_address=0x09a7f02f736fffe8aa68510a037c1a92055989fd
0xe6405b47adf7dbd064488369619adb5cab7370be,0.34210526315789475,4.576942105397185,24.592144081529344,79821879,1071.845331262619,38,https://hashdive.com/Analyze_User?user_address=0xe6405b47adf7dbd064488369619adb5cab7370be
0x9c65e79218de1bd8c4aad0fbdb69397f8f931cde,0.3333333333333333,2.4840332866741988,24.591929538074567,79821879,1978.16766231664,9,https://hashdive.com/Analyze_User?user_address=0x9c65e79218de1bd8c4aad0fbdb69397f8f931cde
0x1cffbc73d4d3369fa99c854b07783200ce7a36ce,0.6923076923076923,2.966653757591333,24.591530873931227,79821879,33.986064657154,13,https://hashdive.com/Analyze_User?user_address=0x1cffbc73d4d3369fa99c854b07783200ce7a36ce
0x5665deb15ca8083dc95b33aaf495c8866484379b,0.96,3.4595742558077514,24.591492571079627,79821879,8469.599948920475,25,https://hashdive.com/Analyze_User?user_address=0x5665deb15ca8083dc95b33aaf495c8866484379b
0x3fbbd93baa56e5e77d7071702385adcdb9ae28e9,0.6140350877192983,7.222526080046358,24.56398583954014,79821879,1678.133345925404,57,https://hashdive.com/Analyze_User?user_address=0x3fbbd93baa56e5e77d7071702385adcdb9ae28e9
0x24d07c913d74bf28611d66612ff384fb82d623d9,1.0,2.4812058109101764,24.563937528010747,79821879,4521.4003,7,https://hashdive.com/Analyze_User?user_address=0x24d07c913d74bf28611d66612ff384fb82d623d9
0x90bcae66ba5362749419050dbf12d71d4273697d,0.5263157894736842,3.578086082521134,24.559622480288436,79821879,3358.2999999999997,19,https://hashdive.com/Analyze_User?user_address=0x90bcae66ba5362749419050dbf12d71d4273697d
0x91eaab3a1c35fc787c9c933a56022a734887a40b,0.75,5.762092666099834,24.551571862885826,79821879,90.748657938397,52,https://hashdive.com/Analyze_User?user_address=0x91eaab3a1c35fc787c9c933a56022a734887a40b
0xcfce5364c6e580249e934ecea1f69b8e516b4548,0.3076923076923077,2.4797000199394907,24.549030197400956,79821879,4624.856569582675,26,https://hashdive.com/Analyze_User?user_address=0xcfce5364c6e580249e934ecea1f69b8e516b4548
0x8e89f1c3bcdff61fbd7bc772634784edfb1ae67a,0.631578947368421,3.3035261810203176,24.53811012293997,79821879,3380.950577,19,https://hashdive.com/Analyze_User?user_address=0x8e89f1c3bcdff61fbd7bc772634784edfb1ae67a
0x2ae0c5d43cbd0091ab11a6515fe81ee3c4f62b05,0.96,3.451509020984357,24.534076294247402,79821879,8509.135168881563,25,https://hashdive.com/Analyze_User?user_address=0x2ae0c5d43cbd0091ab11a6515fe81ee3c4f62b05
0x7e7fdf0385627673fd1f10b6e19e4ea00b01691e,0.7142857142857143,2.577533646269354,24.53261919882932,79821879,161.803327539976,7,https://hashdive.com/Analyze_User?user_address=0x7e7fdf0385627673fd1f10b6e19e4ea00b01691e
0x99f7dd9c0f8c9f222109ead9ed96cf7047bc799a,0.5789473684210527,3.1781500527376862,24.5188181884518,79823676,3754.450000000001,19,https://hashdive.com/Analyze_User?user_address=0x99f7dd9c0f8c9f222109ead9ed96cf7047bc799a
0x04a784469361d7373d631c17dc498605498af4f2,0.6,4.045320860899696,24.505180474259944,79821879,6071.324087,25,https://hashdive.com/Analyze_User?user_address=0x04a784469361d7373d631c17dc498605498af4f2
0x68f5abcaf0361b809947ba6a73597ae17a25cfad,0.896551724137931,4.748585028273558,24.49712989106207,79821879,84.88535,29,https://hashdive.com/Analyze_User?user_address=0x68f5abcaf0361b809947ba6a73597ae17a25cfad
0xe11fe86505b6eb7dbfa32797b1b5cc1c5b9509cb,0.1956521739130435,3.6660140294396437,24.49572101997856,79821879,131.58468163571604,46,https://hashdive.com/Analyze_User?user_address=0xe11fe86505b6eb7dbfa32797b1b5cc1c5b9509cb
0xf696a822349d2581c500e22cb5f75cb813bc61ff,0.6875,3.4212162233156893,24.49291311141591,79821879,2924.71,16,https://hashdive.com/Analyze_User?user_address=0xf696a822349d2581c500e22cb5f75cb813bc61ff
0x686af37993090a723729134d625b1dc92e50966b,0.568,7.148826909152418,24.49009463517323,79821879,4538.244249852872,125,https://hashdive.com/Analyze_User?user_address=0x686af37993090a723729134d625b1dc92e50966b
0x2f81d7609eb5274a36866693e285cb8da9116fa0,0.36363636363636365,2.4735815151233935,24.4884569997216,79821879,60.235246999999994,11,https://hashdive.com/Analyze_User?user_address=0x2f81d7609eb5274a36866693e285cb8da9116fa0
0x9d87d4b5d83a701ad5ded673f5a338833d607c90,0.6792452830188679,7.144713690627306,24.484758733166892,79821879,1776.8867929999997,53,https://hashdive.com/Analyze_User?user_address=0x9d87d4b5d83a701ad5ded673f5a338833d607c90
0x4a1b882f6f505771e2c1134f93b65c7b19e9d01e,0.96,3.5003799357453627,24.48298435018526,79821879,8632.00231992928,25,https://hashdive.com/Analyze_User?user_address=0x4a1b882f6f505771e2c1134f93b65c7b19e9d01e
0x5bb146f47c9bb220290f36f1d804ea43642b9551,0.5714285714285714,3.6847708710318163,24.471102680952278,79821879,436.12962510979895,21,https://hashdive.com/Analyze_User?user_address=0x5bb146f47c9bb220290f36f1d804ea43642b9551
0x88b41a261af326d96abe61d3af3044ebb1f77df3,0.27586206896551724,4.7037964354604975,24.46454456620174,79821879,209.26927100400002,29,https://hashdive.com/Analyze_User?user_address=0x88b41a261af326d96abe61d3af3044ebb1f77df3
0x606004f1b20dbf31c924a5e07528b3ddc2292a60,0.5333333333333333,3.017160587412665,24.461558416103536,79821879,1440.6956599999999,15,https://hashdive.com/Analyze_User?user_address=0x606004f1b20dbf31c924a5e07528b3ddc2292a60
0x7ec427f5cbe17590ddbbee7f91c58e4493849e4d,0.6363636363636364,2.974120158269785,24.460421450717426,79821879,128.16089340935198,11,https://hashdive.com/Analyze_User?user_address=0x7ec427f5cbe17590ddbbee7f91c58e4493849e4d
0x41d18398353896bdece113d85aada9404e9d2c39,0.6666666666666666,3.4439586720662354,24.453159863405443,79821879,8009.5,18,https://hashdive.com/Analyze_User?user_address=0x41d18398353896bdece113d85aada9404e9d2c39
0x609538aae72c0c88d0a16877150274dceab9526b,0.5,2.468708091067298,24.44021010156625,79821879,38.013612166962005,8,https://hashdive.com/Analyze_User?user_address=0x609538aae72c0c88d0a16877150274dceab9526b
0x84b0a66cd8a11c9e7fc5a28b730d3dcb5600ee7c,0.5066666666666667,6.439297222628977,24.42990340987133,79821879,156.3142979237619,75,https://hashdive.com/Analyze_User?user_address=0x84b0a66cd8a11c9e7fc5a28b730d3dcb5600ee7c
0x55e0598bbbd0a9b3163d3d3ed4cdf6a7780a8769,0.7,3.7727590586365713,24.429649515195262,79821879,118.423002,20,https://hashdive.com/Analyze_User?user_address=0x55e0598bbbd0a9b3163d3d3ed4cdf6a7780a8769
0x73e58bbf5a5b65596dfcf2e2a386e3205cac31dc,0.6212121212121212,3.4462250982981977,24.422525844281164,79821879,70189.768999132,66,https://hashdive.com/Analyze_User?user_address=0x73e58bbf5a5b65596dfcf2e2a386e3205cac31dc
0x16d03133070f6d90bb0bf7eaf77cb50a08437439,0.45054945054945056,7.657648905790771,24.416552838361568,79821879,48.465317412825996,91,https://hashdive.com/Analyze_User?user_address=0x16d03133070f6d90bb0bf7eaf77cb50a08437439
0x1385439108cbebaf9cf8579c65b2f913d638ddd2,1.0,2.4659308981713073,24.41271589189594,79821879,4152.74,7,https://hashdive.com/Analyze_User?user_address=0x1385439108cbebaf9cf8579c65b2f913d638ddd2
0x569443beafc605d0e210eda6c6fe77b21b26438d,0.14285714285714285,2.4647722442985547,24.40124521855569,79830877,240.76044806264096,7,https://hashdive.com/Analyze_User?user_address=0x569443beafc605d0e210eda6c6fe77b21b26438d
0xfe758255f7f748e9e6c13040e87553cb76e12689,0.24444444444444444,2.4646809353178103,24.400341259646325,79821879,5475.176820156978,45,https://hashdive.com/Analyze_User?user_address=0xfe758255f7f748e9e6c13040e87553cb76e12689
0x722054e5282aff9630905713386270d746ae936e,0.4,2.742229453121943,24.396886613049276,79821879,131.534539329899,10,https://hashdive.com/Analyze_User?user_address=0x722054e5282aff9630905713386270d746ae936e
0xc54c1e953d6c965b1d65c66308d1675e5a17d610,0.9166666666666666,2.4781590372546694,24.39057477565164,79821879,3882.7668384674316,12,https://hashdive.com/Analyze_User?user_address=0xc54c1e953d6c965b1d65c66308d1675e5a17d610
0xeee1010f9b518164298186e2d8e0bceb5f9e5962,0.6363636363636364,3.439942106400799,24.385117815651178,79821879,1126.0778369999998,33,https://hashdive.com/Analyze_User?user_address=0xeee1010f9b518164298186e2d8e0bceb5f9e5962
0x687ad08eca96ea7fc793095ab43f659be50d4e09,0.7777777777777778,2.462724955165911,24.38097705614252,79821879,109.036781146242,9,https://hashdive.com/Analyze_User?user_address=0x687ad08eca96ea7fc793095ab43f659be50d4e09
0xc992089cb54a343d093e6e038b0c4e799ac86bb8,0.875,2.462558552207242,24.379329666851696,79821879,3939.63,8,https://hashdive.com/Analyze_User?user_address=0xc992089cb54a343d093e6e038b0c4e799ac86bb8
0xdc551b145fc74e42e0f6534d180af8ce29f6c2bd,0.5357142857142857,4.104813245500013,24.37709293291761,79821879,71.810066139462,28,https://hashdive.com/Analyze_User?user_address=0xdc551b145fc74e42e0f6534d180af8ce29f6c2bd
0x5d909a06259c3b23eed8b2524242c12e260e02c0,0.6666666666666666,3.2862491738955324,24.369040776450678,79821879,3510.7000000000003,15,https://hashdive.com/Analyze_User?user_address=0x5d909a06259c3b23eed8b2524242c12e260e02c0
0xf29b4d363bef13eed9737487b9cb3d4b0d58ec44,0.7777777777777778,2.8936444746003245,24.367208835743263,79821879,4756.08,9,https://hashdive.com/Analyze_User?user_address=0xf29b4d363bef13eed9737487b9cb3d4b0d58ec44
0x9145d2372159909ee9073fa19d5cbcca8cf7f9dd,0.5588235294117647,4.714285116516221,24.363158879498968,79821879,68.21671442563202,34,https://hashdive.com/Analyze_User?user_address=0x9145d2372159909ee9073fa19d5cbcca8cf7f9dd
0x6c4d7281988a4dd1a9570f5643505572969c0d4f,0.6204188481675392,10.0,24.361372895634098,79821879,9238.361488637865,764,https://hashdive.com/Analyze_User?user_address=0x6c4d7281988a4dd1a9570f5643505572969c0d4f
0xeb0ef91c5d197891cc7b28c9f9a1ade9b174d546,0.3382352941176471,5.486683178881635,24.357164698204446,79821879,537.326164337436,68,https://hashdive.com/Analyze_User?user_address=0xeb0ef91c5d197891cc7b28c9f9a1ade9b174d546
0x3250fd0ab91424320d4e3c7a7a4981bf8f1c41ba,0.4,2.4602706331056745,24.35667926774618,79821879,13236.211568187731,10,https://hashdive.com/Analyze_User?user_address=0x3250fd0ab91424320d4e3c7a7a4981bf8f1c41ba
0xbfecb2f8b50deb8efb0218d61bfbe25bea509ccc,0.2857142857142857,2.4602464841845055,24.356440193426604,79821879,6991.9228613785945,42,https://hashdive.com/Analyze_User?user_address=0xbfecb2f8b50deb8efb0218d61bfbe25bea509ccc
0x8da8806c9e8dd8de8aeb53122d6fc920118da514,0.2,2.4599133456494093,24.353142121929153,79821879,185.13570740159398,10,https://hashdive.com/Analyze_User?user_address=0x8da8806c9e8dd8de8aeb53122d6fc920118da514
0xba95d0345e5daeb5c66ed0aabaed880713a8908f,0.40625,3.6085869945160787,24.348028079445676,79821879,1040.7618483621773,32,https://hashdive.com/Analyze_User?user_address=0xba95d0345e5daeb5c66ed0aabaed880713a8908f
0xb9cc50785efbedc57b0e60565f0f38c19d4bb2a5,0.45454545454545453,2.4584865646431293,24.33901698996698,79821879,3869.9789972118924,11,https://hashdive.com/Analyze_User?user_address=0xb9cc50785efbedc57b0e60565f0f38c19d4bb2a5
0xe07261528c5b756441847f328ad815214efea9bc,0.3333333333333333,3.67331026396065,24.333799671689796,79821879,107.646475840293,27,https://hashdive.com/Analyze_User?user_address=0xe07261528c5b756441847f328ad815214efea9bc
0xda01871074177b285a52dfd54aa0e3c3aff88f97,0.7142857142857143,2.456407331024254,24.31843257714011,79821879,3218.931461,7,https://hashdive.com/Analyze_User?user_address=0xda01871074177b285a52dfd54aa0e3c3aff88f97
0xb0a857f64d03f151735e6cee556c79b01311e485,0.23076923076923078,3.9280692498937664,24.317693672335274,79821879,51.556081801013015,26,https://hashdive.com/Analyze_User?user_address=0xb0a857f64d03f151735e6cee556c79b01311e485
0x9720f942d041f67fca50cee359332cc36b7bd8ee,0.8888888888888888,2.455588449226511,24.31032564734246,79821879,530.3622330000001,9,https://hashdive.com/Analyze_User?user_address=0x9720f942d041f67fca50cee359332cc36b7bd8ee
0x556bb22dc04376600ea7eb4870ffcb98dcf3dda0,0.75,2.4554231181494823,24.308688869679873,79821879,18.902806061257998,8,https://hashdive.com/Analyze_User?user_address=0x556bb22dc04376600ea7eb4870ffcb98dcf3dda0
0xd1ad0091b81e148c46b6c19a4cc84badee31b747,0.6153846153846154,2.838625355225174,24.308409754011848,79821879,4583.353044,13,https://hashdive.com/Analyze_User?user_address=0xd1ad0091b81e148c46b6c19a4cc84badee31b747
0xfd5cf6ceee75861c40c6e011ec8f27e534a62e02,0.3333333333333333,2.454662056752099,24.301154361845782,79821879,136.070923708959,12,https://hashdive.com/Analyze_User?user_address=0xfd5cf6ceee75861c40c6e011ec8f27e534a62e02
0x098064de0332a6b57576d8e84646014e9641f4ab,0.1111111111111111,2.4541837951301555,24.29641957178854,79821879,8.099189007,9,https://hashdive.com/Analyze_User?user_address=0x098064de0332a6b57576d8e84646014e9641f4ab
0x0cb3d364b0c657ef963f3752f92b0964ba169d10,0.2672413793103448,3.7121160186870172,24.288798778614673,79821879,266.83346039921867,116,https://hashdive.com/Analyze_User?user_address=0x0cb3d364b0c657ef963f3752f92b0964ba169d10
0x99bcca1be9e24e11fffa9b7ad3d08746201153da,0.7123287671232876,6.440357258722905,24.28703226120689,79821879,117.06888621416302,73,https://hashdive.com/Analyze_User?user_address=0x99bcca1be9e24e11fffa9b7ad3d08746201153da
0x52d0e7dd4420b07ff9e74236a97287126ada9afa,0.6923076923076923,4.777327744681845,24.28560604710178,79821879,2480.4999999999995,26,https://hashdive.com/Analyze_User?user_address=0x52d0e7dd4420b07ff9e74236a97287126ada9afa
0x45341c1645a5962c69240d9804818a5c35556ef2,0.26666666666666666,2.45274418281893,24.28216740990741,79821879,32.888593214871,15,https://hashdive.com/Analyze_User?user_address=0x45341c1645a5962c69240d9804818a5c35556ef2
0x7ec470e4e96f3176799126efbd9318c0c577935e,0.6666666666666666,3.1500861156914044,24.272721261524687,79821879,76.229422407225,12,https://hashdive.com/Analyze_User?user_address=0x7ec470e4e96f3176799126efbd9318c0c577935e
0x96e2e2da1795b6aa2eb4c35669591018420fd8f6,0.4666666666666667,3.1912218137850674,24.268661949198844,79821879,964.5375328784809,15,https://hashdive.com/Analyze_User?user_address=0x96e2e2da1795b6aa2eb4c35669591018420fd8f6
0xacb36929753b287ab4bb75005c541b61e32213e6,0.4,2.451163073661328,24.26651442924715,79821879,6914.666245665602,10,https://hashdive.com/Analyze_User?user_address=0xacb36929753b287ab4bb75005c541b61e32213e6
0x0b85e9e4a69159bbe3da5a518ff35f65b19b4efe,0.2727272727272727,2.4506265575003883,24.261202919253844,79821879,54.19010294266799,11,https://hashdive.com/Analyze_User?user_address=0x0b85e9e4a69159bbe3da5a518ff35f65b19b4efe
0xcb896d22465844ec292e76c402c8283350df62d0,0.5645161290322581,6.254463663917207,24.25824240782776,79821879,205.24080399999994,62,https://hashdive.com/Analyze_User?user_address=0xcb896d22465844ec292e76c402c8283350df62d0
0x2bc0a9483a9b4ebdc72b7572674e20c9aae44bff,0.9,2.7508471510242187,24.25356516027265,79821879,100.83857,10,https://hashdive.com/Analyze_User?user_address=0x2bc0a9483a9b4ebdc72b7572674e20c9aae44bff
0x98b4921d85c154ef776f0ad06bab0275d7d40219,0.475,4.044077536919216,24.253045630184516,79821879,1352.8880183486522,40,https://hashdive.com/Analyze_User?user_address=0x98b4921d85c154ef776f0ad06bab0275d7d40219
0x6e6b8b80c88a6221ddce4531dc6cd686f9c0be4f,0.6551724137931034,4.539576675512441,24.25137141635102,79821879,2613.409070486743,29,https://hashdive.com/Analyze_User?user_address=0x6e6b8b80c88a6221ddce4531dc6cd686f9c0be4f
0x75efa49769ca6fd4e8fc89b6c6324c6c12ff18b0,1.0,2.4494897427792703,24.249948453514776,79821879,13.149175000000001,6,https://hashdive.com/Analyze_User?user_address=0x75efa49769ca6fd4e8fc89b6c6324c6c12ff18b0
0x4438a62a960edb1b04101cd9ded099e8d8095995,0.5,2.4494897427565236,24.249948453289583,79821879,6.774914999999999,6,https://hashdive.com/Analyze_User?user_address=0x4438a62a960edb1b04101cd9ded099e8d8095995
0x07f79aa5b0ea24a558d2c77b316993441e3d5c8b,0.6666666666666666,2.449489742748344,24.249948453208603,79821879,14.423631345982,6,https://hashdive.com/Analyze_User?user_address=0x07f79aa5b0ea24a558d2c77b316993441e3d5c8b
0x89034678b30cf7e8fc4f37d4e77d563646f5a79a,0.5,2.449489741017968,24.249948436077883,79821879,0.107616091986,6,https://hashdive.com/Analyze_User?user_address=0x89034678b30cf7e8fc4f37d4e77d563646f5a79a
0x9bc0448c586a5b5ed9bb387e27a78fde0fb0da95,0.5,2.449489736830415,24.249948394621107,79821879,0.101533176846,6,https://hashdive.com/Analyze_User?user_address=0x9bc0448c586a5b5ed9bb387e27a78fde0fb0da95
0x817f12cfafac2148e7147ce54be4dcf5f91845cd,0.42857142857142855,2.4489371141377814,24.244477429964036,79821879,2109.026173333886,7,https://hashdive.com/Analyze_User?user_address=0x817f12cfafac2148e7147ce54be4dcf5f91845cd
0xb0dcc6b455ff5b88121e54c0cd6cb7e2856e247d,0.7777777777777778,3.862106174497426,24.223778503090983,79821879,4332.5,18,https://hashdive.com/Analyze_User?user_address=0xb0dcc6b455ff5b88121e54c0cd6cb7e2856e247d
0x9e56af0d4c0346b995dcce79f088ad30b04e6f31,0.5,5.827013819192634,24.209063460139724,79821879,66.847825264025,46,https://hashdive.com/Analyze_User?user_address=0x9e56af0d4c0346b995dcce79f088ad30b04e6f31
0x7868ca9af404480c36e3ec5ed85dd2707cf79130,0.11904761904761904,6.126033236135254,24.19891127763656,79821879,0.18999020425099983,42,https://hashdive.com/Analyze_User?user_address=0x7868ca9af404480c36e3ec5ed85dd2707cf79130
0xc195e6dd885d34ba17d895806d249197794bed64,0.125,2.443168899360996,24.18737210367386,79821879,205.33284650190004,8,https://hashdive.com/Analyze_User?user_address=0xc195e6dd885d34ba17d895806d249197794bed64
0x1f347df978f44e5ce8f9979da72b6595fbdbcfaf,0.30303030303030304,6.447912850840379,24.18670907466861,79821879,606.7765759814981,66,https://hashdive.com/Analyze_User?user_address=0x1f347df978f44e5ce8f9979da72b6595fbdbcfaf
0xbb9f871db6a5991e394d0cf46a623f1e777b7c54,0.5454545454545454,2.4428834440181975,24.184546095780153,79821879,1993.972677025818,11,https://hashdive.com/Analyze_User?user_address=0xbb9f871db6a5991e394d0cf46a623f1e777b7c54
0x6b3def98697630c896d50996abb98f039ee0c847,0.42857142857142855,2.4417165659674094,24.172994003077353,79821879,180.527475358886,7,https://hashdive.com/Analyze_User?user_address=0x6b3def98697630c896d50996abb98f039ee0c847
0x01a9a492b9324f51fa033644fb4fed6cd5b58a6a,0.5588235294117647,3.9228995555850568,24.172921316552667,79821879,1317.458852655523,34,https://hashdive.com/Analyze_User?user_address=0x01a9a492b9324f51fa033644fb4fed6cd5b58a6a
0x4fb1afeccd62de686eaa376dfd8abc5df3263b2d,0.3017241379310345,5.014250954548585,24.17057949848045,79821879,15042.623637893874,116,https://hashdive.com/Analyze_User?user_address=0x4fb1afeccd62de686eaa376dfd8abc5df3263b2d
0x63530cdb75a78b7e3e2b9e0656c56f92818b204c,0.16,2.920177180007665,24.163953754871873,79821879,70.70146430687998,25,https://hashdive.com/Analyze_User?user_address=0x63530cdb75a78b7e3e2b9e0656c56f92818b204c
0x1d02928219e7eee22f278ec79d4e7863a9b0446a,0.21428571428571427,2.4398836095797236,24.154847734839265,79821879,10203.002064436298,14,https://hashdive.com/Analyze_User?user_address=0x1d02928219e7eee22f278ec79d4e7863a9b0446a
0xff7a296c8d7b7c40f6e06c40dcadb4547b8459b2,1.0,2.439831398413889,24.1543308442975,79821879,5363.514883,6,https://hashdive.com/Analyze_User?user_address=0xff7a296c8d7b7c40f6e06c40dcadb4547b8459b2
0xb9b8ab1f57b88aa95a5eec6e9355bd021e379ab4,0.6339285714285714,9.070226309779725,24.14671661359136,79821879,35.393805896966995,112,https://hashdive.com/Analyze_User?user_address=0xb9b8ab1f57b88aa95a5eec6e9355bd021e379ab4
0x6cca3fc101255e4d7327a605b281ab399e2082ea,0.2857142857142857,2.438991370143224,24.14601456441792,79821879,19.243394000000002,7,https://hashdive.com/Analyze_User?user_address=0x6cca3fc101255e4d7327a605b281ab399e2082ea
0xe0602eee809e77071f27bd8bf10b99ce92743133,1.0,2.4384373185866455,24.14052945400779,79821879,3993.9821549999997,7,https://hashdive.com/Analyze_User?user_address=0xe0602eee809e77071f27bd8bf10b99ce92743133
0x3ac2bc6ce766c16fcee961add5455b58a7923820,0.14285714285714285,2.563888349586294,24.13995860318398,79821879,1224.114011995893,14,https://hashdive.com/Analyze_User?user_address=0x3ac2bc6ce766c16fcee961add5455b58a7923820
0xba42739c53d076da003b8e1be4e93d62144cb46b,0.7321428571428571,7.0780086869889915,24.132146405948355,79821879,1884.337138097825,56,https://hashdive.com/Analyze_User?user_address=0xba42739c53d076da003b8e1be4e93d62144cb46b
0xf94fdf22d290b774e2ffbb0f83f818404e0aec55,1.0,2.4374536647160228,24.130791280688623,79821879,5336.0,6,https://hashdive.com/Analyze_User?user_address=0xf94fdf22d290b774e2ffbb0f83f818404e0aec55
0xec06668bca4430ef0772ec8276c42250563a9178,0.49644128113879005,10.0,24.12925401772725,79830877,2890.3775395267126,562,https://hashdive.com/Analyze_User?user_address=0xec06668bca4430ef0772ec8276c42250563a9178
0x3ffde5e2f72593464694e325d98d465e552f0364,0.3961352657004831,10.0,24.127737037432375,79821879,111.44921442308798,207,https://hashdive.com/Analyze_User?user_address=0x3ffde5e2f72593464694e325d98d465e552f0364
0x2bcaadb4e6132d02b3d6269267a84a5a60bbc1aa,0.34782608695652173,4.914628485912622,24.125379809971463,79821879,186.88027608011288,115,https://hashdive.com/Analyze_User?user_address=0x2bcaadb4e6132d02b3d6269267a84a5a60bbc1aa
0x93256472f93b1b9ef87a3bf4e6a92c9b4333da9a,0.45161290322580644,4.992487244533006,24.12386766300575,79821879,61.37149140750802,31,https://hashdive.com/Analyze_User?user_address=0x93256472f93b1b9ef87a3bf4e6a92c9b4333da9a
0x216ffdde01d7e2df2f49c63be360975a4c469b1e,0.6851851851851852,5.750823805622763,24.123347248406542,79821879,1485.8487620000003,54,https://hashdive.com/Analyze_User?user_address=0x216ffdde01d7e2df2f49c63be360975a4c469b1e
0x9282644f812699ef9257c9d91dbfaeaf96823cb7,0.21052631578947367,4.358898937347177,24.12297463611133,79821879,0.10514229506499999,19,https://hashdive.com/Analyze_User?user_address=0x9282644f812699ef9257c9d91dbfaeaf96823cb7
0xfec67064eb27e9ac750062d24d0102598e80c289,0.13333333333333333,2.8963899690962593,24.116540852777423,79821879,535.249001292986,15,https://hashdive.com/Analyze_User?user_address=0xfec67064eb27e9ac750062d24d0102598e80c289
0xb11c746288f48d379f4704a6d357a406d8102874,0.5,2.4349502364775293,24.106007341127537,79821879,391.17071980333196,12,https://hashdive.com/Analyze_User?user_address=0xb11c746288f48d379f4704a6d357a406d8102874
0x7efa1f52011813956d288dc7ed5472a540050344,0.14285714285714285,2.4346417522386385,24.102953347162522,79830877,250.63050907,7,https://hashdive.com/Analyze_User?user_address=0x7efa1f52011813956d288dc7ed5472a540050344
0x70009743c2bd05600e27302075ca2cafce30bf9c,0.5384615384615384,2.433876006335716,24.09537246272359,79821879,10926.159132351222,13,https://hashdive.com/Analyze_User?user_address=0x70009743c2bd05600e27302075ca2cafce30bf9c
0xe2fd6937ac1218363f80cc93d754a7fc1f134959,0.375,2.433812135911449,24.094740145523343,79821879,1715.1839199945898,8,https://hashdive.com/Analyze_User?user_address=0xe2fd6937ac1218363f80cc93d754a7fc1f134959
0xda081b568a1a0fa0bec69bfe1df3a4610c790aac,0.5,3.3422666733069804,24.08895087730784,79821879,7.791151000000002,12,https://hashdive.com/Analyze_User?user_address=0xda081b568a1a0fa0bec69bfe1df3a4610c790aac
0x612b1ac1424b2040f60cf24c412c36a6e65424b5,0.875,2.564998625049459,24.088817921946948,79821879,11.898362908588998,8,https://hashdive.com/Analyze_User?user_address=0x612b1ac1424b2040f60cf24c412c36a6e65424b5
0x110ddb5551746f43b2072ce1f46b3ab2e3e77ba5,0.25,2.4327179138594324,24.08390734720838,79821879,22.430181383394007,8,https://hashdive.com/Analyze_User?user_address=0x110ddb5551746f43b2072ce1f46b3ab2e3e77ba5
0xdf9be0939ff2996b48b529c960c03a2610f8ef87,0.14285714285714285,2.4326204383018917,24.08294233918873,79830877,262.827571192607,7,https://hashdive.com/Analyze_User?user_address=0xdf9be0939ff2996b48b529c960c03a2610f8ef87
0x16419d096eedbcbfad2d7cae2bb58f7f23e6495d,0.42105263157894735,3.551952112344341,24.082850684090367,79821879,850.89788404507,19,https://hashdive.com/Analyze_User?user_address=0x16419d096eedbcbfad2d7cae2bb58f7f23e6495d
0x33783fa43548e6b439ed11c36c484b05cbb2ae62,0.46153846153846156,3.232598548105586,24.078226986168442,79821879,139.14393856486498,13,https://hashdive.com/Analyze_User?user_address=0x33783fa43548e6b439ed11c36c484b05cbb2ae62
0xf98ca3ae80154f6287f67ebf339f4b37c360a122,1.0,2.431547975046756,24.072324952962884,79821879,2090.0,9,https://hashdive.com/Analyze_User?user_address=0xf98ca3ae80154f6287f67ebf339f4b37c360a122
0xbd6a947c1879e80828e7cbc777e18a2711528139,0.4,2.8665808050961985,24.06948056264786,79821879,184.723866903748,20,https://hashdive.com/Analyze_User?user_address=0xbd6a947c1879e80828e7cbc777e18a2711528139
0x20b4199a5700825cf4d3f77e6f9d9395657c293c,0.7142857142857143,2.431219638631708,24.06907442245391,79821879,2313.105657,7,https://hashdive.com/Analyze_User?user_address=0x20b4199a5700825cf4d3f77e6f9d9395657c293c
0x17e7dbad329ab9255e39b71ff42722367f1ee455,0.4,3.426854725401792,24.068717902493102,79821879,28.410145411839,25,https://hashdive.com/Analyze_User?user_address=0x17e7dbad329ab9255e39b71ff42722367f1ee455
0x616f78dc62cc2ac963e046108b1b0a4238c2e996,0.5806451612903226,3.4337048806361645,24.056047316222234,79821879,27781.462971999994,62,https://hashdive.com/Analyze_User?user_address=0x616f78dc62cc2ac963e046108b1b0a4238c2e996
0x34d5a62d3eb221645260dad985f2d6ae7f9c7b62,0.3333333333333333,2.4296522796034434,24.05355756807409,79821879,75.094050355062,9,https://hashdive.com/Analyze_User?user_address=0x34d5a62d3eb221645260dad985f2d6ae7f9c7b62
0x3e21cb24765fcd6a6de7103bf682698e447538ea,0.5454545454545454,3.396871496600513,24.04938133088192,79821879,803.242739311374,44,https://hashdive.com/Analyze_User?user_address=0x3e21cb24765fcd6a6de7103bf682698e447538ea
0x3eac1bc638fee6650d9ce711bfe21ae8d5e1889c,0.42857142857142855,3.0261503539952126,24.04739283101881,79821879,54.004342911969005,14,https://hashdive.com/Analyze_User?user_address=0x3eac1bc638fee6650d9ce711bfe21ae8d5e1889c
0xa5f6344f284ba9bb5b2aad4b89cc754efa277f2f,0.16666666666666666,2.4280455063299202,24.03765051266621,79821879,32.043247629166,6,https://hashdive.com/Analyze_User?user_address=0xa5f6344f284ba9bb5b2aad4b89cc754efa277f2f
0xb364d6d34b8e285800bf09d34aa04b4e15d3245f,0.5,2.4261814793299394,24.0191966453664,79821879,105.45877766608498,10,https://hashdive.com/Analyze_User?user_address=0xb364d6d34b8e285800bf09d34aa04b4e15d3245f
0xb68c4ce7d8c20026d4997bf1b787d2116c2694a6,0.5,2.425900180973043,24.01641179163313,79821879,3067.9813753757126,14,https://hashdive.com/Analyze_User?user_address=0xb68c4ce7d8c20026d4997bf1b787d2116c2694a6
0x48869c50210bfb19c5d646aaaac0173b0cedf7cd,0.6666666666666666,2.5948250639179062,24.010055379964687,79821879,2229.0562552234387,9,https://hashdive.com/Analyze_User?user_address=0x48869c50210bfb19c5d646aaaac0173b0cedf7cd
0xb06386bdac872a30573233c2be35250d473f8872,0.3,2.4243659099571166,24.001222508575456,79821879,98.23875932092,10,https://hashdive.com/Analyze_User?user_address=0xb06386bdac872a30573233c2be35250d473f8872
0x266a8b8b1905fed5ddb6ca45fa0fad018154fdd6,0.5,2.4242512485843775,24.00008736098534,79829078,1823.3074119999999,8,https://hashdive.com/Analyze_User?user_address=0x266a8b8b1905fed5ddb6ca45fa0fad018154fdd6
0x6aca91712aefde248c8e53fff80def89c713a2d3,0.7058823529411765,2.4225545878114536,23.98329041933339,79821879,893.8818869999999,17,https://hashdive.com/Analyze_User?user_address=0x6aca91712aefde248c8e53fff80def89c713a2d3
0xa9c73cc8ab1230772241d300d9bf51e8d84ede46,0.14285714285714285,2.422522381637815,23.982971578214368,79829078,263.63016745436,7,https://hashdive.com/Analyze_User?user_address=0xa9c73cc8ab1230772241d300d9bf51e8d84ede46
0xe4b216e50b89665a938218eabf583df35233d777,0.3888888888888889,3.7395841747221428,23.980782447483175,79821879,28988.306907578408,18,https://hashdive.com/Analyze_User?user_address=0xe4b216e50b89665a938218eabf583df35233d777
0xbaeac3c4b08d2ba1e8d59aa678a4b6e21b430fcc,0.5714285714285714,2.4217462508269043,23.97528788318635,79821879,18.559209643631,7,https://hashdive.com/Analyze_User?user_address=0xbaeac3c4b08d2ba1e8d59aa678a4b6e21b430fcc
0x8a1a8211302ed52380bf20407ca23bc42fcbc653,0.2727272727272727,2.421498338217265,23.972833548350923,79821879,17110.076098469148,11,https://hashdive.com/Analyze_User?user_address=0x8a1a8211302ed52380bf20407ca23bc42fcbc653
0x63713e8a3488f941c3c14eca2d7c4497e9add8fe,0.625,2.4981342688662225,23.965590471685264,79823676,7545.34,8,https://hashdive.com/Analyze_User?user_address=0x63713e8a3488f941c3c14eca2d7c4497e9add8fe
0xc6d3f8e7ad7aa3c747d5646f6d73a0009c2f7082,0.3333333333333333,2.4207287680219705,23.965214803417506,79821879,232.100249142044,6,https://hashdive.com/Analyze_User?user_address=0xc6d3f8e7ad7aa3c747d5646f6d73a0009c2f7082
0x130fda58ff75ef6820ffe2134bb5ed7c5c32836b,0.875,2.7827302738651496,23.960555283567345,79821879,3626.85,8,https://hashdive.com/Analyze_User?user_address=0x130fda58ff75ef6820ffe2134bb5ed7c5c32836b
0x9d71d9bef001d155423dfdaa9e75028987eba7e2,0.5833333333333334,6.288649907712858,23.95331552880272,79821879,1986.0,48,https://hashdive.com/Analyze_User?user_address=0x9d71d9bef001d155423dfdaa9e75028987eba7e2
0xe7084a02929c7d01be13801843e8fdd3f8b29ed5,0.8333333333333334,3.3450221415387165,23.947387363080438,79821879,78.02,12,https://hashdive.com/Analyze_User?user_address=0xe7084a02929c7d01be13801843e8fdd3f8b29ed5
0x422048e03c99e14d171ca25450575e6e268fb0fd,0.5,2.418829210140656,23.946409180392493,79821879,3286.2330015171647,12,https://hashdive.com/Analyze_User?user_address=0x422048e03c99e14d171ca25450575e6e268fb0fd
0xa2429f2c9e3f5f3442200850de7b2c2d3a37d65e,0.796875,5.593170871554002,23.93799643963812,79821879,8998.024970654342,64,https://hashdive.com/Analyze_User?user_address=0xa2429f2c9e3f5f3442200850de7b2c2d3a37d65e
0xcfa781360a5f40c09876e9069f1df44d4a954d9e,0.4,3.1622776586276427,23.93635370192002,79821879,0.075686332516,10,https://hashdive.com/Analyze_User?user_address=0xcfa781360a5f40c09876e9069f1df44d4a954d9e
0x86f8895398cba487913708a7741d166a35b91655,0.7272727272727273,7.19615327286414,23.93606898541012,79821879,2832.9425973089897,77,https://hashdive.com/Analyze_User?user_address=0x86f8895398cba487913708a7741d166a35b91655
0x1dcede7080e502b8cb32d0705e00d1373e9ff234,0.875,3.1043809765132444,23.932857612733716,79821879,521.153780533332,16,https://hashdive.com/Analyze_User?user_address=0x1dcede7080e502b8cb32d0705e00d1373e9ff234
0xc228199436758216fc58d2740a07100165877a7d,0.5377358490566038,6.647500145477669,23.930630371957587,79821879,618.5760651125519,106,https://hashdive.com/Analyze_User?user_address=0xc228199436758216fc58d2740a07100165877a7d
0x542a9a6925a6cc62303af21c3fd74c19ec01500c,0.375,2.501855061804752,23.92896273503101,79821879,12.43368652153,8,https://hashdive.com/Analyze_User?user_address=0x542a9a6925a6cc62303af21c3fd74c19ec01500c
0xd06c0a3dc9d1a3592c286ce8ab522de08f240ba9,0.7448979591836735,6.701188063136916,23.927961515167926,79821879,14350.303534000002,98,https://hashdive.com/Analyze_User?user_address=0xd06c0a3dc9d1a3592c286ce8ab522de08f240ba9
0x20d39828809bdb85daeaab4ac627ac92edc9773a,0.8222222222222222,4.621802667495319,23.926116248748137,79825478,10750.128373000001,45,https://hashdive.com/Analyze_User?user_address=0x20d39828809bdb85daeaab4ac627ac92edc9773a
0x69f75d87cea1d09a0f4c60498b569f712f2bdd90,0.5833333333333334,3.396900695553458,23.92437725639617,79821879,7.923361999999999,12,https://hashdive.com/Analyze_User?user_address=0x69f75d87cea1d09a0f4c60498b569f712f2bdd90
0x318542c2c117a86978d9e64962e4631c06621133,0.5714285714285714,2.4165790820652777,23.924132912446247,79821879,13.400952042117002,7,https://hashdive.com/Analyze_User?user_address=0x318542c2c117a86978d9e64962e4631c06621133
0x0071e697ce20a69983ecceafde0f3c750f279c73,0.8571428571428571,2.4164258376229126,23.922615792466836,79821879,0.812929827615,7,https://hashdive.com/Analyze_User?user_address=0x0071e697ce20a69983ecceafde0f3c750f279c73
0x55bd6a981141340b62e64b92ef9056494318fbdd,0.14285714285714285,2.416273321007255,23.921105877971822,79821879,988.913337088994,7,https://hashdive.com/Analyze_User?user_address=0x55bd6a981141340b62e64b92ef9056494318fbdd
0xc08804ff846ae7ff7e5e8040b759fe65678f0172,0.55,2.4160704999495817,23.91909794950086,79821879,7780.665170064746,20,https://hashdive.com/Analyze_User?user_address=0xc08804ff846ae7ff7e5e8040b759fe65678f0172
0x452dd610308bb1f4626015824fc0a51d4ff32804,0.36363636363636365,2.415993943587012,23.91834004151142,79821879,4303.2840589771995,22,https://hashdive.com/Analyze_User?user_address=0x452dd610308bb1f4626015824fc0a51d4ff32804
0x8696effab2ad3e06242ae01f7c1858f484ac4efe,0.42857142857142855,2.616383369345088,23.913037371668008,79821879,13.89589,7,https://hashdive.com/Analyze_User?user_address=0x8696effab2ad3e06242ae01f7c1858f484ac4efe
0x07d934e4e6b1b5b321b81b8e670e743e49ddf91e,1.0,2.5462291821211283,23.909220655066147,79821879,100.952209,9,https://hashdive.com/Analyze_User?user_address=0x07d934e4e6b1b5b321b81b8e670e743e49ddf91e
0x7fa1507e1803272c26d91fb263c507b995d3deeb,0.5318352059925093,10.0,23.899855002718095,79830877,751.2410277572324,1602,https://hashdive.com/Analyze_User?user_address=0x7fa1507e1803272c26d91fb263c507b995d3deeb
0x80cabdce3dd662f94d410e23152ee2fd66df2bf7,0.36363636363636365,2.413967713096433,23.898280359654684,79821879,9710.782495714513,22,https://hashdive.com/Analyze_User?user_address=0x80cabdce3dd662f94d410e23152ee2fd66df2bf7
0x8089ff53b3b2fd07f2f3c536bd76eeb25cd1d18e,0.5,2.413753157688705,23.89615626111818,79821879,977.8933756667659,6,https://hashdive.com/Analyze_User?user_address=0x8089ff53b3b2fd07f2f3c536bd76eeb25cd1d18e
0x00f6bf4ef35d9228ac059fe5756dd4d3fdbb8af9,0.6428571428571429,2.8833783842992733,23.87897444338618,79821879,564.8334943578341,14,https://hashdive.com/Analyze_User?user_address=0x00f6bf4ef35d9228ac059fe5756dd4d3fdbb8af9
0x2bac7bd5119c617d83c5a07c011d8a70b6256f71,0.625,2.411493861050084,23.87378922439583,79821879,161.58195337374102,8,https://hashdive.com/Analyze_User?user_address=0x2bac7bd5119c617d83c5a07c011d8a70b6256f71
0xc9ecf04b014df7e6e7bfffed9ca5879f17d16491,0.5,4.677204795650817,23.8719620851114,79821879,309.559392773344,36,https://hashdive.com/Analyze_User?user_address=0xc9ecf04b014df7e6e7bfffed9ca5879f17d16491
0xefdac93ff894882bbe2deb92745c0e9e40df8dfb,0.24786324786324787,8.760812817268857,23.87121254022196,79821879,3529.8534860343093,351,https://hashdive.com/Analyze_User?user_address=0xefdac93ff894882bbe2deb92745c0e9e40df8dfb
0xc97f63836ef3b8f373da5588713cd9ecd0ffb793,1.0,2.4111813788653826,23.87069565076729,79821879,37.542495373961,7,https://hashdive.com/Analyze_User?user_address=0xc97f63836ef3b8f373da5588713cd9ecd0ffb793
0x54db4ed4a1b743a71d8f37d8505731dfa124b891,0.2608695652173913,5.000788289673214,23.863970770732234,79821879,99.36745929227101,46,https://hashdive.com/Analyze_User?user_address=0x54db4ed4a1b743a71d8f37d8505731dfa124b891
0xc1c9a3d5523fa33d305958b821e30663fb7e6ad3,0.46153846153846156,2.911168446837614,23.8609243973124,79821879,20759.16069546552,26,https://hashdive.com/Analyze_User?user_address=0xc1c9a3d5523fa33d305958b821e30663fb7e6ad3
0x54ec8aecfb062f45b23414d0d1ce9e642ed8d1d7,0.4074074074074074,2.896689032390881,23.860250378031548,79821879,798.6351467503597,27,https://hashdive.com/Analyze_User?user_address=0x54ec8aecfb062f45b23414d0d1ce9e642ed8d1d7
0x053a7a04fd97e49af9f1dc8475789062d674eccf,0.7727272727272727,3.7573338471612643,23.8569862375555,79821879,4868.849999999999,22,https://hashdive.com/Analyze_User?user_address=0x053a7a04fd97e49af9f1dc8475789062d674eccf
0xad1ceeb660c535aec2e78dea6c0d1c3f781b1ee2,0.5,2.4093371386279747,23.85243767241695,79821879,454.974023783925,8,https://hashdive.com/Analyze_User?user_address=0xad1ceeb660c535aec2e78dea6c0d1c3f781b1ee2
0xa31e785f388472fb220c9dc5af815233c9bdf69d,0.15,4.4721359419549485,23.84484836997033,79821879,0.10662925756500005,20,https://hashdive.com/Analyze_User?user_address=0xa31e785f388472fb220c9dc5af815233c9bdf69d
0x071e75d3765c4ce19a458eeb21863a7f45044e09,0.125,2.407988708886676,23.839088217978095,79821879,62.03185699999999,8,https://hashdive.com/Analyze_User?user_address=0x071e75d3765c4ce19a458eeb21863a7f45044e09
0xdea7544b8c01032c14ec80583f78909337e6f2dc,0.6,2.807298976242872,23.835217350153954,79821879,608.0499125949369,10,https://hashdive.com/Analyze_User?user_address=0xdea7544b8c01032c14ec80583f78909337e6f2dc
0x99d6459ab5f3f04240d796efb80473d35c60e805,0.36363636363636365,2.4075112464098396,23.834361339457413,79821879,358.491789432947,11,https://hashdive.com/Analyze_User?user_address=0x99d6459ab5f3f04240d796efb80473d35c60e805
0x462d3fc1a74013fa2766e110b39fee40cc196789,0.6428571428571429,2.755396375346879,23.832725233585794,79821879,2845.5294184430004,14,https://hashdive.com/Analyze_User?user_address=0x462d3fc1a74013fa2766e110b39fee40cc196789
0x92d49ba6193632af3a68cc36f40a32cf337612fa,0.2857142857142857,2.4072906228835533,23.83217716654718,79821879,82.90018286878599,7,https://hashdive.com/Analyze_User?user_address=0x92d49ba6193632af3a68cc36f40a32cf337612fa
0x71e068726ce0d96bbd9e360963724906060dffe9,0.5384615384615384,6.2709921459313955,23.8313419000545,79821879,144.06648331164394,52,https://hashdive.com/Analyze_User?user_address=0x71e068726ce0d96bbd9e360963724906060dffe9
0x6f907a3b384f060d70695bda918207bfc5dd569c,0.5,2.407167303613524,23.830956305773885,79821879,14.780928849120997,8,https://hashdive.com/Analyze_User?user_address=0x6f907a3b384f060d70695bda918207bfc5dd569c
0xf2066e318761d709ed0243e402dcbab959a651f3,0.8888888888888888,2.4053532814661356,23.812997486514746,79821879,26.019615555203,9,https://hashdive.com/Analyze_User?user_address=0xf2066e318761d709ed0243e402dcbab959a651f3
0xe43d23e23c1d3338bc4fa7e5b1a1a1e0c96b2f12,0.65,3.6624319207164207,23.80883951671042,79821879,122.22854699999999,20,https://hashdive.com/Analyze_User?user_address=0xe43d23e23c1d3338bc4fa7e5b1a1a1e0c96b2f12
0x659fff42d560e2d8cf26ca899ce3728c5553ca6a,0.12,4.885426378323786,23.806130240160115,79821879,50.850477441371986,75,https://hashdive.com/Analyze_User?user_address=0x659fff42d560e2d8cf26ca899ce3728c5553ca6a
0x4ff5346721334a4f4fa5a408ef87dc41bb4df373,0.5652173913043478,6.168426056423296,23.805652797710373,79821879,1810.0,46,https://hashdive.com/Analyze_User?user_address=0x4ff5346721334a4f4fa5a408ef87dc41bb4df373
0xb7b84871c03bd0d5c5f4dd692708e08e7e96a6c2,0.25925925925925924,2.7161351438759356,23.805449369727363,79821879,1463.6530978761723,27,https://hashdive.com/Analyze_User?user_address=0xb7b84871c03bd0d5c5f4dd692708e08e7e96a6c2
0xc73d73f6ce5c298a7d9c1f43ef04728c09e20208,0.7272727272727273,4.361245494006062,23.7993430703875,79821879,652.0780949999998,22,https://hashdive.com/Analyze_User?user_address=0xc73d73f6ce5c298a7d9c1f43ef04728c09e20208
0x7928af4c02f368e76005c86b314f7d7765a1fe9b,0.6,2.99999903710179,23.79680528449182,79821879,130.882143561953,10,https://hashdive.com/Analyze_User?user_address=0x7928af4c02f368e76005c86b314f7d7765a1fe9b
0x5c2df0b1fca634ac80c396fad908cee355df9fc2,0.2777777777777778,3.5430519499189614,23.796184402558293,79821879,17.159988233756998,18,https://hashdive.com/Analyze_User?user_address=0x5c2df0b1fca634ac80c396fad908cee355df9fc2
0xa74eb376bc26b55f4244d9f1df423570d647de7a,0.4166666666666667,2.844134666818802,23.795631988021896,79821879,84.48201825458499,12,https://hashdive.com/Analyze_User?user_address=0xa74eb376bc26b55f4244d9f1df423570d647de7a
0xae3b90694380619cd465882a3c75120e8f293b2b,0.2857142857142857,2.403352949073641,23.793194195829045,79821879,1916.6825106594633,7,https://hashdive.com/Analyze_User?user_address=0xae3b90694380619cd465882a3c75120e8f293b2b
0xe558c9cc4d0100d2df078c82b0593c7455ff99be,0.4,2.4033181098773815,23.792849287786076,79821879,11486.195946801103,20,https://hashdive.com/Analyze_User?user_address=0xe558c9cc4d0100d2df078c82b0593c7455ff99be
0xb0306773250e59f8cfc252e158ca599d0c041a74,0.3333333333333333,2.4030339492765336,23.790036097837685,79821879,57.669152,12,https://hashdive.com/Analyze_User?user_address=0xb0306773250e59f8cfc252e158ca599d0c041a74
0x16cf1363a306741e03f3cfe40aa7df3d555110b3,0.7142857142857143,2.4025521751094274,23.785266533583332,79821879,52.018230872351,7,https://hashdive.com/Analyze_User?user_address=0x16cf1363a306741e03f3cfe40aa7df3d555110b3
0xac7bfc0fc62c1c8247e1c669547422dbfa736535,0.6153846153846154,3.1179496833286007,23.778118661826948,79821879,988.0056409448489,39,https://hashdive.com/Analyze_User?user_address=0xac7bfc0fc62c1c8247e1c669547422dbfa736535
0xaa03e03e036ee40ca601e5188e2d67464de53e02,0.3333333333333333,2.4012083267791424,23.77196243511351,79821879,14568.310422750437,15,https://hashdive.com/Analyze_User?user_address=0xaa03e03e036ee40ca601e5188e2d67464de53e02
0xb0f789dfffd9b1c061a1d100f1ef770d4629bb5e,0.5,2.400980133124496,23.76970331793251,79821879,38.854211,6,https://hashdive.com/Analyze_User?user_address=0xb0f789dfffd9b1c061a1d100f1ef770d4629bb5e
0x70927eb4ddb88d38efccafa226ecc1a5e84a2ed1,0.391304347826087,5.265078987754088,23.769447786546827,79821879,259.863406212376,46,https://hashdive.com/Analyze_User?user_address=0x70927eb4ddb88d38efccafa226ecc1a5e84a2ed1
0xca5b79cfc3a7bd14abeb0658293986b73c370a40,0.5,5.5592472506763375,23.76541218579238,79821879,107.34221074748001,48,https://hashdive.com/Analyze_User?user_address=0xca5b79cfc3a7bd14abeb0658293986b73c370a40
0x9bea374eab0463d344cb355b8d3de988de54038e,0.5,2.4004489598725764,23.76444470273851,79821879,103.42282600000001,6,https://hashdive.com/Analyze_User?user_address=0x9bea374eab0463d344cb355b8d3de988de54038e
0xbec535a98c631c5a6f9b0921e355249d818cc802,0.6666666666666666,2.400395857971162,23.763918993914505,79821879,56.219964477222995,6,https://hashdive.com/Analyze_User?user_address=0xbec535a98c631c5a6f9b0921e355249d818cc802
0x6c9f7a420649435f3ff8f0a86bc6fec798e2103e,0.875,2.4002780472436154,23.76275266771179,79821879,753.3585130295539,8,https://hashdive.com/Analyze_User?user_address=0x6c9f7a420649435f3ff8f0a86bc6fec798e2103e
0x45fbd7b9bf73dcd9a9c749da6c6119593b111289,0.5178571428571429,7.26219595959258,23.76231992013189,79821879,364.6894926904439,56,https://hashdive.com/Analyze_User?user_address=0x45fbd7b9bf73dcd9a9c749da6c6119593b111289
0xb406ff89437222275ff9cc02c6cc4154ad1bc19a,0.2727272727272727,2.8064614766945626,23.759391169685124,79821879,460.05761060582597,11,https://hashdive.com/Analyze_User?user_address=0xb406ff89437222275ff9cc02c6cc4154ad1bc19a
0x7a03f88a5eedfb484134a9bf65553959bb2b8368,0.7857142857142857,5.746585211763792,23.75821198338176,79821879,53.418414005,42,https://hashdive.com/Analyze_User?user_address=0x7a03f88a5eedfb484134a9bf65553959bb2b8368
0x02e67f60b0b621b2f27ce7af73789d692f71c14e,0.1590909090909091,6.695283216299249,23.754747846313606,79821879,2157.4897005264634,132,https://hashdive.com/Analyze_User?user_address=0x02e67f60b0b621b2f27ce7af73789d692f71c14e
0xacb097ef98c4bbaecd72665a399ad6bc02c8f162,0.8,3.423222181358629,23.748053588008688,79821879,99.55079500000001,15,https://hashdive.com/Analyze_User?user_address=0xacb097ef98c4bbaecd72665a399ad6bc02c8f162
0xe9131c261e203c773b9c81b55388323e3c0f4b84,0.4981132075471698,10.0,23.738105509978627,79821879,827.4738860261167,530,https://hashdive.com/Analyze_User?user_address=0xe9131c261e203c773b9c81b55388323e3c0f4b84
0x126cbb893dcda48ceec00d40cb650d8b3221d12b,0.26666666666666666,2.3971616276514096,23.731900113748953,79821879,57.727984178574005,15,https://hashdive.com/Analyze_User?user_address=0x126cbb893dcda48ceec00d40cb650d8b3221d12b
0x0ad7f3411bc87f0b5362155e638f04ef05700971,0.29626168224299065,2.5351227507920875,23.72969503317535,79830877,1006.5613629677266,1070,https://hashdive.com/Analyze_User?user_address=0x0ad7f3411bc87f0b5362155e638f04ef05700971
0xdc5ca11946aaf805bebf121776fb4a2546d8dc50,0.75,4.439406331269367,23.723191523837063,79821879,45.545,20,https://hashdive.com/Analyze_User?user_address=0xdc5ca11946aaf805bebf121776fb4a2546d8dc50
0x00bee965b2e8773e1c7ede317f7fec21145d287c,0.3333333333333333,2.395922659682824,23.719634330859954,79821879,55.490396000000004,12,https://hashdive.com/Analyze_User?user_address=0x00bee965b2e8773e1c7ede317f7fec21145d287c
0x5a3fa170906e38a011399306d085c6b7229fc880,0.6206896551724138,3.4698376062922796,23.71487278153538,79821879,2048.828699224893,29,https://hashdive.com/Analyze_User?user_address=0x5a3fa170906e38a011399306d085c6b7229fc880
0x834f4dcd1b82c40106a884b858cfc1fc22aecf41,0.39285714285714285,10.0,23.713675968017327,79821879,342.13853812434377,224,https://hashdive.com/Analyze_User?user_address=0x834f4dcd1b82c40106a884b858cfc1fc22aecf41
0xec8170a1fcecba7db3a4964a0e2bdb44c72139a0,0.5625,6.325925491547373,23.71262810620467,79821879,1854.0,48,https://hashdive.com/Analyze_User?user_address=0xec8170a1fcecba7db3a4964a0e2bdb44c72139a0
0x5176d56aa735087efba0b53451796a15e8ac7fb1,0.1111111111111111,2.394639252092968,23.706928595720385,79821879,45.993619,9,https://hashdive.com/Analyze_User?user_address=0x5176d56aa735087efba0b53451796a15e8ac7fb1
0x5c9e8dfe0cb2539b863d9415022aa80c5a11f172,0.14285714285714285,2.394572037097302,23.706263167263288,79821879,191.549643778584,7,https://hashdive.com/Analyze_User?user_address=0x5c9e8dfe0cb2539b863d9415022aa80c5a11f172
0x1070ee77f3d191241ccc716d0f9c2654343c9124,0.45454545454545453,2.3945564025922583,23.706108385663356,79821879,543078.4495110301,22,https://hashdive.com/Analyze_User?user_address=0x1070ee77f3d191241ccc716d0f9c2654343c9124
0x1903e16abb4e2ee574e59020b1ca80acd9bee937,0.4375,2.945492088108004,23.697131975256838,79821879,302.708071948539,16,https://hashdive.com/Analyze_User?user_address=0x1903e16abb4e2ee574e59020b1ca80acd9bee937
0x47cc4194c2e08f65b1d66bf87760a5978b0c5d96,0.16666666666666666,2.393455072316916,23.69520521593747,79821879,13.1146,6,https://hashdive.com/Analyze_User?user_address=0x47cc4194c2e08f65b1d66bf87760a5978b0c5d96
0xb6c9bb7553043830382000d0ea80c0e48abe03fa,0.6956521739130435,4.31409485443691,23.69287731508059,79821879,3271.72,23,https://hashdive.com/Analyze_User?user_address=0xb6c9bb7553043830382000d0ea80c0e48abe03fa
0x24ecc6ae635bdef7a3900a69e2622e103b4dc4e2,0.75,4.3975592338256755,23.69227844092383,79821879,40.541669999999996,20,https://hashdive.com/Analyze_User?user_address=0x24ecc6ae635bdef7a3900a69e2622e103b4dc4e2
0xd4a363428c78db46b600f15e98e4163d33048992,0.7,3.9024589646972276,23.67867219851208,79821879,4965.275654625276,40,https://hashdive.com/Analyze_User?user_address=0xd4a363428c78db46b600f15e98e4163d33048992
0x06dce511b649d7dd7b4230aa730614ba1a0ffd72,0.6,2.39162004429705,23.677038438540798,79821879,38131.21324296521,10,https://hashdive.com/Analyze_User?user_address=0x06dce511b649d7dd7b4230aa730614ba1a0ffd72
0x0a529bc45f9353afcce12a622b9e814d94067ccf,0.5714285714285714,4.010792855095029,23.674368189927748,79821879,115.58745581999999,28,https://hashdive.com/Analyze_User?user_address=0x0a529bc45f9353afcce12a622b9e814d94067ccf
0xfdbe8799ee9eeb19852dfda957c9dead3ef4d11c,0.6571428571428571,3.529577423466958,23.673575998689145,79821879,3080.8913271245274,35,https://hashdive.com/Analyze_User?user_address=0xfdbe8799ee9eeb19852dfda957c9dead3ef4d11c
0xa4359d7a2705605a5d7b4bfc45c20c6c75346413,0.7142857142857143,3.4501204956090965,23.667468581315934,79823676,3799.820000000001,21,https://hashdive.com/Analyze_User?user_address=0xa4359d7a2705605a5d7b4bfc45c20c6c75346413
0x4c082467a5240da48c5f92baabb1055e10057307,0.5227272727272727,4.787587828513846,23.66662833994207,79821879,1555.614336452516,44,https://hashdive.com/Analyze_User?user_address=0x4c082467a5240da48c5f92baabb1055e10057307
0xa0f3f5861c38180f3d074f092981045dc3b565b7,0.5098039215686274,5.187633961063634,23.66579811661492,79821879,112.50486199999997,51,https://hashdive.com/Analyze_User?user_address=0xa0f3f5861c38180f3d074f092981045dc3b565b7
0x08e479ea7f332dfde44cc447828b3e683a1a01fb,0.5,2.825182034786675,23.662966477155294,79829078,60.023686,12,https://hashdive.com/Analyze_User?user_address=0x08e479ea7f332dfde44cc447828b3e683a1a01fb
0x9c1f692e614c9e46ae87fd24b486c8a0b73c20c8,0.7777777777777778,2.897722031354161,23.659137550476373,79821879,5527.29,9,https://hashdive.com/Analyze_User?user_address=0x9c1f692e614c9e46ae87fd24b486c8a0b73c20c8
0x2e6024958726e8a467194eba4134da0d55827d81,0.5714285714285714,2.389567050537099,23.656713800317277,79821879,13.844476710409,7,https://hashdive.com/Analyze_User?user_address=0x2e6024958726e8a467194eba4134da0d55827d81
0x8a0a4bdec196b6fda319dc0f970fce2d43a6614f,0.35714285714285715,2.3895212712996456,23.65626058586649,79821879,72.381626,14,https://hashdive.com/Analyze_User?user_address=0x8a0a4bdec196b6fda319dc0f970fce2d43a6614f
0x130fedbe0fec6df197944ebf9d98943a0f92527b,0.375,2.3886517303147436,23.64765213011596,79821879,34.96403,8,https://hashdive.com/Analyze_User?user_address=0x130fedbe0fec6df197944ebf9d98943a0f92527b
0xb49a2ac55453e90888ddd93c46db3634caa5ba09,0.7419354838709677,4.9977740466860245,23.646573293530324,79821879,2765.3500000000004,31,https://hashdive.com/Analyze_User?user_address=0xb49a2ac55453e90888ddd93c46db3634caa5ba09
0x6ce37ea763ec0ae94395bf9eb2fe169ac6e9c9e7,0.875,2.3939050941389217,23.6402220057921,79821879,204.415547390271,8,https://hashdive.com/Analyze_User?user_address=0x6ce37ea763ec0ae94395bf9eb2fe169ac6e9c9e7
0x6f46829eea209dc576897c7bc293a7386b78b839,0.46153846153846156,2.575502107543659,23.63880681596449,79821879,20.761077639851997,13,https://hashdive.com/Analyze_User?user_address=0x6f46829eea209dc576897c7bc293a7386b78b839
0x0498eea3223290dfd2d8e6708809376013594979,0.7,3.9622915299571795,23.636071068790436,79821879,119.19163099999999,20,https://hashdive.com/Analyze_User?user_address=0x0498eea3223290dfd2d8e6708809376013594979
0x9c28cda063be41ae67e6c2cab37afe9de97bf8c7,0.8,3.8253245084510197,23.622299485163932,79821879,3470.2999999999997,15,https://hashdive.com/Analyze_User?user_address=0x9c28cda063be41ae67e6c2cab37afe9de97bf8c7
0x48403af81941ba6958103221ce813e89ccb3979b,0.5555555555555556,2.638328546581101,23.613095777312036,79821879,6934.3808513694175,27,https://hashdive.com/Analyze_User?user_address=0x48403af81941ba6958103221ce813e89ccb3979b
0x94c2575ebf69838419b75dc33b71edab97a58a3d,0.7380952380952381,5.293165341639071,23.60652367996402,79821879,62.935855000000004,42,https://hashdive.com/Analyze_User?user_address=0x94c2575ebf69838419b75dc33b71edab97a58a3d
0x0e0fdacd3f7ab1efd45dc184113cdcc279a51103,0.8,2.880317200334687,23.600732448552996,79821879,419.97255099999995,10,https://hashdive.com/Analyze_User?user_address=0x0e0fdacd3f7ab1efd45dc184113cdcc279a51103
0xdcd5669931212da8603840b011d1a2af1f51aa9e,1.0,2.383472060429184,23.596373398248925,79830877,2882.7049321750583,7,https://hashdive.com/Analyze_User?user_address=0xdcd5669931212da8603840b011d1a2af1f51aa9e
0x5b03ef3666b165cc57b4f92ee7d4c094ab0c8bfc,0.35294117647058826,2.383455257880719,23.59620705301912,79821879,237.45633740413203,17,https://hashdive.com/Analyze_User?user_address=0x5b03ef3666b165cc57b4f92ee7d4c094ab0c8bfc
0x6d4442dea75ccb47398f14eee0b0f873f97ecb02,0.4166666666666667,2.3824234320220947,23.58599197701874,79821879,71.79019699999998,12,https://hashdive.com/Analyze_User?user_address=0x6d4442dea75ccb47398f14eee0b0f873f97ecb02
0x559b79897e1dffbacb18c7cf09ca99e176aa1202,0.25,2.6477931800973566,23.58579197663147,79821879,45.428985720823,8,https://hashdive.com/Analyze_User?user_address=0x559b79897e1dffbacb18c7cf09ca99e176aa1202
0xb6ddae56e84177382d92654ba347a84dfdc8bf2b,0.4788732394366197,5.07557532377074,23.584526410641278,79821879,38684.85798884441,71,https://hashdive.com/Analyze_User?user_address=0xb6ddae56e84177382d92654ba347a84dfdc8bf2b
0xeabbb865700f31980e3b4226931d55c269730cf6,0.6896551724137931,5.194435793272788,23.581679590188248,79821879,74.90648120451199,29,https://hashdive.com/Analyze_User?user_address=0xeabbb865700f31980e3b4226931d55c269730cf6
0xcad2269d0972439dba8a283013be9acac0720ece,0.4444444444444444,2.635022393543483,23.58003091853711,79821879,18.282126359353004,9,https://hashdive.com/Analyze_User?user_address=0xcad2269d0972439dba8a283013be9acac0720ece
0xb9c2f181dc33835d2e41f831e141c88634f61f15,0.6043956043956044,7.558942478986261,23.57720698257884,79821879,1725.6131617317012,91,https://hashdive.com/Analyze_User?user_address=0xb9c2f181dc33835d2e41f831e141c88634f61f15
0x3ac1ab02b0480b59ed44a40661ee7a14c4f3154b,0.6060606060606061,4.765224031957227,23.56343110461158,79821879,5727.477246222987,33,https://hashdive.com/Analyze_User?user_address=0x3ac1ab02b0480b59ed44a40661ee7a14c4f3154b
0x60c8935325c2f1600e5ad3cda561bb96c2d63c9c,0.3142857142857143,4.379847206091007,23.555511822269303,79821879,614.6780584429126,35,https://hashdive.com/Analyze_User?user_address=0x60c8935325c2f1600e5ad3cda561bb96c2d63c9c
0xa0ef78638021fcf3567cf4b4369a830f464f04d4,0.7142857142857143,2.923050897085806,23.548637413379403,79821879,4051.8576327284113,28,https://hashdive.com/Analyze_User?user_address=0xa0ef78638021fcf3567cf4b4369a830f464f04d4
0xc200069e35b24b45ce432fd9a659675381343c75,0.5,3.2588904645232946,23.5467085003905,79821879,179813.6875566888,32,https://hashdive.com/Analyze_User?user_address=0xc200069e35b24b45ce432fd9a659675381343c75
0x634ab055a3561fc54764e73320302f9aadd89400,0.35714285714285715,4.069409822435351,23.54461213583043,79821879,85.64609665525201,70,https://hashdive.com/Analyze_User?user_address=0x634ab055a3561fc54764e73320302f9aadd89400
0xbc311d9a97fcf52497ec79bdad46d78eab53d965,0.16666666666666666,2.3782347103097417,23.54452363206644,79830877,198.78845563204098,6,https://hashdive.com/Analyze_User?user_address=0xbc311d9a97fcf52497ec79bdad46d78eab53d965
0x908f907d2131bf4041f8d270cd4f8f20a4f614d1,0.5087719298245614,6.853076173569775,23.54372771750798,79821879,216.64712836803199,57,https://hashdive.com/Analyze_User?user_address=0x908f907d2131bf4041f8d270cd4f8f20a4f614d1
0x2f2c12f79f2eff03451dc37171d8e91a0411bc2f,0.13043478260869565,4.102607825930911,23.54239655219134,79821879,81.48457635853703,23,https://hashdive.com/Analyze_User?user_address=0x2f2c12f79f2eff03451dc37171d8e91a0411bc2f
0xd3a9e6660938726a264ce37f048c8ce5764b3494,0.3333333333333333,2.377453610892849,23.536790747839206,79821879,61.695191339999994,6,https://hashdive.com/Analyze_User?user_address=0xd3a9e6660938726a264ce37f048c8ce5764b3494
0xaee7c44456840dee26fc6bdf139ca327187458c3,0.5897435897435898,4.33970126238696,23.53648818808138,79821879,3443.7499999999995,39,https://hashdive.com/Analyze_User?user_address=0xaee7c44456840dee26fc6bdf139ca327187458c3
0x318c8969e960fba354492897d24698052cad4d70,0.75,4.959565788800284,23.52902407369757,79821879,2657.4640000000004,28,https://hashdive.com/Analyze_User?user_address=0x318c8969e960fba354492897d24698052cad4d70
0xd1aed688dcbf332657c0604cb3e44cdfc0398e54,0.5625,2.376379815720509,23.526160175633038,79821879,1316.646966526718,16,https://hashdive.com/Analyze_User?user_address=0xd1aed688dcbf332657c0604cb3e44cdfc0398e54
0x4ad7386a9e0cc138bad85ba4afb5d0f61da6e72b,0.16666666666666666,2.3763564206449463,23.52592856438497,79821879,606.6582973220691,6,https://hashdive.com/Analyze_User?user_address=0x4ad7386a9e0cc138bad85ba4afb5d0f61da6e72b
0xb5756c593d0ff926507893fccd0813bc649d2090,0.3157894736842105,3.2362202288616775,23.51980099857093,79821879,4667.369826211062,57,https://hashdive.com/Analyze_User?user_address=0xb5756c593d0ff926507893fccd0813bc649d2090
0x2b05e11a9a60d49ae41538dea3130f417865dad9,0.4444444444444444,2.375656623109476,23.519000568783813,79821879,3595.9552538934663,9,https://hashdive.com/Analyze_User?user_address=0x2b05e11a9a60d49ae41538dea3130f417865dad9
0x0e2100b3e95bc75fa9f779d47ac79e9f4ce95854,0.13924050632911392,8.11052845377358,23.513760632554618,79821879,28.411308579281982,79,https://hashdive.com/Analyze_User?user_address=0x0e2100b3e95bc75fa9f779d47ac79e9f4ce95854
0x8229a3d41e97c769cbf485e30efe25da96f3cdbf,0.14285714285714285,2.375030199113776,23.51279897122638,79821879,65.9526056595,7,https://hashdive.com/Analyze_User?user_address=0x8229a3d41e97c769cbf485e30efe25da96f3cdbf
0x33e76d65d06b215fed23ba0d2683481a4e6b4450,0.64,3.673678587700313,23.50992335242275,79821879,211.128844715969,25,https://hashdive.com/Analyze_User?user_address=0x33e76d65d06b215fed23ba0d2683481a4e6b4450
0x3bd1020c9a67380b180602969f954977eb1b4e2b,0.5,2.6528468717579385,23.505979595022225,79821879,4604.0,10,https://hashdive.com/Analyze_User?user_address=0x3bd1020c9a67380b180602969f954977eb1b4e2b
0x91bcbc80d60c2493ffd89a4dbbf59b5052607377,0.7142857142857143,2.8522154368526924,23.505928792374373,79821879,4437.0599999999995,14,https://hashdive.com/Analyze_User?user_address=0x91bcbc80d60c2493ffd89a4dbbf59b5052607377
0x5edb28cf53861b9bdeaa88641277df94a6f26ff1,0.4,2.843156546207167,23.50335338268771,79821879,606296.5941169999,15,https://hashdive.com/Analyze_User?user_address=0x5edb28cf53861b9bdeaa88641277df94a6f26ff1
0x70b23e256103701959be8eeb2be5e94fd2be3c36,0.7777777777777778,2.64367879013583,23.50062808479638,79821879,704.5158580509369,9,https://hashdive.com/Analyze_User?user_address=0x70b23e256103701959be8eeb2be5e94fd2be3c36
0xa1dbb215f031cdf9f2403927d43ddbc04abf3227,0.7,4.97472802543739,23.500525151839984,79821879,2610.0000000000005,30,https://hashdive.com/Analyze_User?user_address=0xa1dbb215f031cdf9f2403927d43ddbc04abf3227
0xed61f86bb5298d2f27c21c433ce58d80b88a9aa3,0.8796163069544365,10.0,23.49851209793071,79821879,242062.37856888317,2085,https://hashdive.com/Analyze_User?user_address=0xed61f86bb5298d2f27c21c433ce58d80b88a9aa3
0x743ae750f3a070a50fad2c877e2ebb05783b2412,0.75,2.37346409388482,23.49729452945972,79821879,252.16695567386998,8,https://hashdive.com/Analyze_User?user_address=0x743ae750f3a070a50fad2c877e2ebb05783b2412
0x6544519149e56976da67dfd13be13c9cf9f5fb05,0.25,2.3732198790849863,23.494876802941363,79821879,1002.9779534567151,8,https://hashdive.com/Analyze_User?user_address=0x6544519149e56976da67dfd13be13c9cf9f5fb05
0xbbdf17df84ca360e7a642aa3ac46cd3c094fbdb3,0.49206349206349204,4.3602823034568745,23.493130380775817,79821879,776.4080032152978,63,https://hashdive.com/Analyze_User?user_address=0xbbdf17df84ca360e7a642aa3ac46cd3c094fbdb3
0x3844f28115f2f23c9aece1402a0f2be78d187285,0.2153846153846154,3.7114243361085633,23.492372633844152,79821879,1319.726990779298,65,https://hashdive.com/Analyze_User?user_address=0x3844f28115f2f23c9aece1402a0f2be78d187285
0x7d86c8460fc1c9be5a0a826e2df211470a292846,0.5111111111111111,10.0,23.48516635104994,79821879,127.76590706100701,135,https://hashdive.com/Analyze_User?user_address=0x7d86c8460fc1c9be5a0a826e2df211470a292846
0xc98ee339e0d47fc7ac76290e9e6577938e1fc74f,0.1875,2.819407331237695,23.479162836590074,79821879,55.54509502037403,16,https://hashdive.com/Analyze_User?user_address=0xc98ee339e0d47fc7ac76290e9e6577938e1fc74f
0x975ee29868caec996850f081a9210334f0050fe6,0.6153846153846154,2.3703566364548654,23.466530700903164,79821879,2836.565708139091,13,https://hashdive.com/Analyze_User?user_address=0x975ee29868caec996850f081a9210334f0050fe6
0xa0fb34f143cbb266389131589357a9136e3e2bd4,0.14285714285714285,2.3691808050593033,23.454889970087102,79821879,166.710141,7,https://hashdive.com/Analyze_User?user_address=0xa0fb34f143cbb266389131589357a9136e3e2bd4
0x7a6b4efd3c2085ec56924d1531f154663a08c394,0.6166666666666667,3.440663581328895,23.44865350312187,79821879,1134.360232128683,60,https://hashdive.com/Analyze_User?user_address=0x7a6b4efd3c2085ec56924d1531f154663a08c394
0x7ac9c8fc14dfe0ebc8f1c7892bac0e73537499a9,0.8333333333333334,2.4325943800183962,23.4448829747619,79821879,67.9368,6,https://hashdive.com/Analyze_User?user_address=0x7ac9c8fc14dfe0ebc8f1c7892bac0e73537499a9
0xdb4bee8910ceb7607f4a25002204f29b25d6d83a,0.41,8.352848995258926,23.44367158150941,79821879,760.5953756859998,100,https://hashdive.com/Analyze_User?user_address=0xdb4bee8910ceb7607f4a25002204f29b25d6d83a
0xda7c1bbc6c6b77e7fe1801ac09ffd20a16729c1a,0.4666666666666667,4.52221425763273,23.439000253992326,79821879,353.39799499391194,60,https://hashdive.com/Analyze_User?user_address=0xda7c1bbc6c6b77e7fe1801ac09ffd20a16729c1a
0x77cc8ab99d4a281ae6c92ef2536218217b1276f5,0.7142857142857143,2.367477909973596,23.4380313087386,79821879,98.60100148462702,7,https://hashdive.com/Analyze_User?user_address=0x77cc8ab99d4a281ae6c92ef2536218217b1276f5
0xcd9ea039eb19a2111ed1c2fa4c97e6839010eddc,0.6666666666666666,2.36741070500719,23.43736597957118,79821879,17733.178947996857,9,https://hashdive.com/Analyze_User?user_address=0xcd9ea039eb19a2111ed1c2fa4c97e6839010eddc
0x66e1b28c46f5dc265147e020d7a20b2cb492a24a,0.43548387096774194,3.5607413556718153,23.431673835940863,79821879,1121.0194129915253,62,https://hashdive.com/Analyze_User?user_address=0x66e1b28c46f5dc265147e020d7a20b2cb492a24a
0xe78e366a7cda06e13065a614d31c7aee7ecb8751,0.36363636363636365,2.3667118715936715,23.430447528777346,79821879,55.1545,11,https://hashdive.com/Analyze_User?user_address=0xe78e366a7cda06e13065a614d31c7aee7ecb8751
0x85b0c7909aab2f012ff61f3bcc9dfadc96b05bae,1.0,2.388710641645279,23.421091164623764,79821879,460.76173300000005,7,https://hashdive.com/Analyze_User?user_address=0x85b0c7909aab2f012ff61f3bcc9dfadc96b05bae
0xb498c5bacca1b0ee9762c4d564a1a2898b99772d,0.2857142857142857,2.5998819765319494,23.417504433972933,79821879,307.484739,14,https://hashdive.com/Analyze_User?user_address=0xb498c5bacca1b0ee9762c4d564a1a2898b99772d
0x6aee970220724a67bea0853a10b58e01d28cb3e3,0.5625,3.962025875776158,23.412659192244437,79821879,874.6230460272359,32,https://hashdive.com/Analyze_User?user_address=0x6aee970220724a67bea0853a10b58e01d28cb3e3
0xd38b71f3e8ed1af71983e5c309eac3dfa9b35029,0.4855769230769231,10.0,23.407507306848387,79821879,1960674.6256472333,416,https://hashdive.com/Analyze_User?user_address=0xd38b71f3e8ed1af71983e5c309eac3dfa9b35029
0x944300054c034cfddd04440fc827603d2889ec1e,0.625,3.7466579660390384,23.404526502550368,79821879,401.648553425062,16,https://hashdive.com/Analyze_User?user_address=0x944300054c034cfddd04440fc827603d2889ec1e
0xd8676cab97ffc0c0fccdecffc08f116491762183,0.3333333333333333,3.2004699286896634,23.403944087848735,79821879,228.599848512044,18,https://hashdive.com/Analyze_User?user_address=0xd8676cab97ffc0c0fccdecffc08f116491762183
0x174e979714b6b8a19f333fda49b00d20e94c6dab,0.7727272727272727,4.3613664519146305,23.40101638584224,79821879,610.0391,22,https://hashdive.com/Analyze_User?user_address=0x174e979714b6b8a19f333fda49b00d20e94c6dab
0xc40391b4695038988315e961a1e89b2fa3940bb6,0.6428571428571429,2.709355300585852,23.392277085793047,79821879,35.398855999999995,14,https://hashdive.com/Analyze_User?user_address=0xc40391b4695038988315e961a1e89b2fa3940bb6
0xb9bad5b458b47162f4c32dcb014d632fac4756a5,0.3974358974358974,7.768356547923638,23.390709768578276,79821879,26.897684261185997,78,https://hashdive.com/Analyze_User?user_address=0xb9bad5b458b47162f4c32dcb014d632fac4756a5
0xe2c6706f00e02ad4d0f75871704e4db705dcde64,0.38461538461538464,2.7074649566408793,23.386623628995732,79821879,353.50821729166313,13,https://hashdive.com/Analyze_User?user_address=0xe2c6706f00e02ad4d0f75871704e4db705dcde64
0x1a5bd5ba2eee9eaf2a9f82ddbca1f53df9d5aeec,0.3372093023255814,5.554287798433177,23.383741520143616,79821879,406.6892909106432,86,https://hashdive.com/Analyze_User?user_address=0x1a5bd5ba2eee9eaf2a9f82ddbca1f53df9d5aeec
0xbc523e1f2e54f1fa0f73e7c70dd0e3c18c086c73,0.7142857142857143,2.361710515825774,23.380934106675163,79821879,531.640337317836,7,https://hashdive.com/Analyze_User?user_address=0xbc523e1f2e54f1fa0f73e7c70dd0e3c18c086c73
0x287f65097694e96385d08c6ee09808af9d92961e,0.5555555555555556,2.3607432645483253,23.37135831902842,79821879,1273.200462945144,9,https://hashdive.com/Analyze_User?user_address=0x287f65097694e96385d08c6ee09808af9d92961e
0x13857655ef92ce8b96cb1ecb582daa92683d30b7,1.0,2.359196338363441,23.35604374979807,79821879,3800.5,6,https://hashdive.com/Analyze_User?user_address=0x13857655ef92ce8b96cb1ecb582daa92683d30b7
0xc81d4efb5e16f8c9d1658d9b197d7c5d009d7611,0.6818181818181818,4.069349388637992,23.35388632742113,79821879,3252.54,22,https://hashdive.com/Analyze_User?user_address=0xc81d4efb5e16f8c9d1658d9b197d7c5d009d7611
0x93b85db466bd4b3b997341d7dedd507dc0714fe9,0.45454545454545453,2.5001955338112496,23.35024614151549,79821879,231.38825089157203,11,https://hashdive.com/Analyze_User?user_address=0x93b85db466bd4b3b997341d7dedd507dc0714fe9
0xe78ffbf4fee3a30c52f86d1b970e99ab92c13973,0.6153846153846154,2.3583266680479515,23.34743401367472,79821879,8128.2269472972675,13,https://hashdive.com/Analyze_User?user_address=0xe78ffbf4fee3a30c52f86d1b970e99ab92c13973
0x0ae550ccdc01211c008e50cc445816ff314e7517,0.35714285714285715,2.865529541598082,23.342247606300887,79821879,3858.372915533236,14,https://hashdive.com/Analyze_User?user_address=0x0ae550ccdc01211c008e50cc445816ff314e7517
0x2a3c8617626a36198fdd6c16199d230c16a4112a,0.2857142857142857,2.3576455167689563,23.340690616012665,79821879,617.9954170000001,7,https://hashdive.com/Analyze_User?user_address=0x2a3c8617626a36198fdd6c16199d230c16a4112a
0x79917086cc98aa0ef51c1999a3fe65820a06b8e4,0.4,2.3576192099782234,23.340430178784413,79821879,80.502835,10,https://hashdive.com/Analyze_User?user_address=0x79917086cc98aa0ef51c1999a3fe65820a06b8e4
0xc067c9b6c826893d14466f58e5377e854f070845,0.4166666666666667,3.1277189592724994,23.330139035849534,79821879,11.188580545415,12,https://hashdive.com/Analyze_User?user_address=0xc067c9b6c826893d14466f58e5377e854f070845
0x8874873a2b0ba2e7839f354ce45ce3f7ddae084d,0.29411764705882354,3.830931051376592,23.330060363934987,79821879,105.57438466475598,51,https://hashdive.com/Analyze_User?user_address=0x8874873a2b0ba2e7839f354ce45ce3f7ddae084d
0xbb1f76bd9b4625bd51bdc1d318d7f1bb49547d0f,0.36363636363636365,2.827890501478712,23.329115795179618,79821879,3781.8860181569407,11,https://hashdive.com/Analyze_User?user_address=0xbb1f76bd9b4625bd51bdc1d318d7f1bb49547d0f
0xdd7295562e8ae5f75b0b91f6a56d8e610d4a42d0,1.0,2.35541081457571,23.31856706429953,79821879,1811.0,6,https://hashdive.com/Analyze_User?user_address=0xdd7295562e8ae5f75b0b91f6a56d8e610d4a42d0
0x601122247b5da1f8104794bc4d4b09c2a8a23450,0.6666666666666666,7.060104028999659,23.31140212644909,79821879,1678.0,51,https://hashdive.com/Analyze_User?user_address=0x601122247b5da1f8104794bc4d4b09c2a8a23450
0xbbea6d6e82fb6da95db6c9cab38f5bf315d9ea49,0.36231884057971014,4.771220934126196,23.311242046193236,79830877,130.00769698230596,69,https://hashdive.com/Analyze_User?user_address=0xbbea6d6e82fb6da95db6c9cab38f5bf315d9ea49
0xc75d580c971b2e1a117f90d0ad3e338eb3d434fe,0.5555555555555556,2.3540945047927435,23.30553559744816,79821879,437.02876799999996,9,https://hashdive.com/Analyze_User?user_address=0xc75d580c971b2e1a117f90d0ad3e338eb3d434fe
0x6b5918e8dd00103894b7495baa199c68def76445,0.7257142857142858,10.0,23.30399769950636,79827278,15898.228623265732,175,https://hashdive.com/Analyze_User?user_address=0x6b5918e8dd00103894b7495baa199c68def76445
0xd705c7eb03a9c8463545f872841d2871a8c9b1b4,0.539906103286385,7.023189247807616,23.297794947668685,79821879,635.5220849308054,213,https://hashdive.com/Analyze_User?user_address=0xd705c7eb03a9c8463545f872841d2871a8c9b1b4
0x0a6df96aace683e0fa625f91817d84e746c40afd,0.8333333333333334,2.352943393497501,23.29413959562526,79821879,149.253341982344,6,https://hashdive.com/Analyze_User?user_address=0x0a6df96aace683e0fa625f91817d84e746c40afd
0x13be892d032660cfede49acbe771067933bd2e63,1.0,2.3527878739154837,23.29259995176329,79821879,2680.5,6,https://hashdive.com/Analyze_User?user_address=0x13be892d032660cfede49acbe771067933bd2e63
0x60df68b1fdb3a0012bfb3d9eae1825b2e27b2c34,0.5555555555555556,2.3523649137618707,23.28841264624252,79821879,285.44631429819395,9,https://hashdive.com/Analyze_User?user_address=0x60df68b1fdb3a0012bfb3d9eae1825b2e27b2c34
0x9e1a169bab4929d3c4a5bf3ceb7d70b30e649e34,0.5869565217391305,6.147886584816105,23.285182766497332,79821879,1868.0,46,https://hashdive.com/Analyze_User?user_address=0x9e1a169bab4929d3c4a5bf3ceb7d70b30e649e34
0x420cf6c5be36f024069724468976c7367de6e589,0.4,2.3516791593296524,23.28162367736356,79821879,230.21120299999998,10,https://hashdive.com/Analyze_User?user_address=0x420cf6c5be36f024069724468976c7367de6e589
0x627091f2b4f8f36458e487bbd8e8dcf97923243b,0.32,3.5129703928949327,23.280946796825628,79821879,610.086364131845,25,https://hashdive.com/Analyze_User?user_address=0x627091f2b4f8f36458e487bbd8e8dcf97923243b
0x0a08b794ba7a2ecf0b99d9368de98fdd912f2e25,0.5150753768844221,10.0,23.27004727388246,79821879,9207.51410813112,398,https://hashdive.com/Analyze_User?user_address=0x0a08b794ba7a2ecf0b99d9368de98fdd912f2e25
0xcf35e7264e4bafc6efac51302ccdc020c89f9362,0.3333333333333333,2.3495373031311457,23.26041930099834,79821879,9029.384636485871,9,https://hashdive.com/Analyze_User?user_address=0xcf35e7264e4bafc6efac51302ccdc020c89f9362
0x454f740a8b32b19b0cd4f960d9620b09658df625,0.5714285714285714,2.3494717138803995,23.259769967415956,79821879,348.701188838668,21,https://hashdive.com/Analyze_User?user_address=0x454f740a8b32b19b0cd4f960d9620b09658df625
0x8db3c216e56d358c463780b97ce9d2129b043abe,0.6153846153846154,2.3492696373679083,23.25776940994229,79821879,110.81704678724401,13,https://hashdive.com/Analyze_User?user_address=0x8db3c216e56d358c463780b97ce9d2129b043abe
0x7ea80848fa18273861164d6baa4009a8191f0582,0.5555555555555556,2.3491758847355153,23.2568412588816,79821879,1523.9273212488408,9,https://hashdive.com/Analyze_User?user_address=0x7ea80848fa18273861164d6baa4009a8191f0582
0x6b807fdc01d1bc8b3dec38f32f6bc451df40d9be,0.5454545454545454,2.34827908653208,23.247962956667592,79821879,164.682673332941,11,https://hashdive.com/Analyze_User?user_address=0x6b807fdc01d1bc8b3dec38f32f6bc451df40d9be
0xaf56165d45d58bc20c30c8502bd370563ef69d25,0.2857142857142857,2.3478276296037275,23.2434935330769,79821879,1900.4604425781804,7,https://hashdive.com/Analyze_User?user_address=0xaf56165d45d58bc20c30c8502bd370563ef69d25
0xee422e702df1e6b7dd3b311d4ce7e91d016a4436,0.8571428571428571,2.347446668532212,23.239722018468896,79821879,43.120614134963006,7,https://hashdive.com/Analyze_User?user_address=0xee422e702df1e6b7dd3b311d4ce7e91d016a4436
0x395496ffbeaf26a600be8e841512af0ecf58e4d0,0.449438202247191,7.524944967911528,23.237740586925746,79821879,46.55020121802299,89,https://hashdive.com/Analyze_User?user_address=0x395496ffbeaf26a600be8e841512af0ecf58e4d0
0x2e18eead1517a98f88eaa0c13ad6ddc0ad0a1c85,0.21739130434782608,3.753131365910689,23.234533860871487,79830877,401.872539274078,23,https://hashdive.com/Analyze_User?user_address=0x2e18eead1517a98f88eaa0c13ad6ddc0ad0a1c85
0x8ede051852f1899ca72d5d3d8c496d7ca8931d75,0.7,3.7133634259390482,23.23410954385572,79821879,109.986709,20,https://hashdive.com/Analyze_User?user_address=0x8ede051852f1899ca72d5d3d8c496d7ca8931d75
0xfdca3a3b9bc1b15c67c15b66f801476eac7f3bc6,0.5,2.724469532554012,23.232036926025998,79821879,121.27812487759799,28,https://hashdive.com/Analyze_User?user_address=0xfdca3a3b9bc1b15c67c15b66f801476eac7f3bc6
0xcb82a2c5be40a88b4d75de9e29a9020ea5892b10,0.4090909090909091,4.690415759794905,23.226916949751963,79821879,10.894359002594,22,https://hashdive.com/Analyze_User?user_address=0xcb82a2c5be40a88b4d75de9e29a9020ea5892b10
0x430bae005208f4280429125e8ee62e26fbf260e6,0.16666666666666666,2.3459086568379606,23.224495702695812,79830877,244.92072282486004,6,https://hashdive.com/Analyze_User?user_address=0x430bae005208f4280429125e8ee62e26fbf260e6
0xeb130a9685a4a4f57b7d5966d99e3fc293abde34,0.6896551724137931,3.7335767840731777,23.21496234754999,79821879,507.590218018021,29,https://hashdive.com/Analyze_User?user_address=0xeb130a9685a4a4f57b7d5966d99e3fc293abde34
0xa837e69fe3014ad92fae93f98d4d03231444e508,0.16666666666666666,2.344891827305413,23.21442909032359,79821879,228.46036394673297,6,https://hashdive.com/Analyze_User?user_address=0xa837e69fe3014ad92fae93f98d4d03231444e508
0x04c520ab95a28fecf99ba1028313d8a05a256f9a,0.4,2.344742243277483,23.21294820844708,79821879,92.413877053834,10,https://hashdive.com/Analyze_User?user_address=0x04c520ab95a28fecf99ba1028313d8a05a256f9a
0x4de8941ceec78f5305c552f877aad518d403b0e2,0.5555555555555556,4.42194932574762,23.21167801117296,79821879,77.86036655554197,27,https://hashdive.com/Analyze_User?user_address=0x4de8941ceec78f5305c552f877aad518d403b0e2
0xabfed16f109c9c88c6d6c982fb977097d1e854f9,0.7413793103448276,3.49229407689475,23.210607890075693,79821879,1003.7658522944289,58,https://hashdive.com/Analyze_User?user_address=0xabfed16f109c9c88c6d6c982fb977097d1e854f9
0xa2e3c081f59d70c15d67b7379fbb48c8712ab296,0.8333333333333334,2.344187114550173,23.207452434046715,79821879,71.56100004753401,6,https://hashdive.com/Analyze_User?user_address=0xa2e3c081f59d70c15d67b7379fbb48c8712ab296
0x7307c37430b8f3e42a4407bdb0a93f6de3beb257,0.6428571428571429,8.366600265338477,23.200115737448044,79821879,194.10573553374613,70,https://hashdive.com/Analyze_User?user_address=0x7307c37430b8f3e42a4407bdb0a93f6de3beb257
0x2eddfd8a51762aaf65e62f66e5540a5c69aaae98,0.625,2.432730941238072,23.199528038051884,79821879,204.453150733477,8,https://hashdive.com/Analyze_User?user_address=0x2eddfd8a51762aaf65e62f66e5540a5c69aaae98
0x74758115886aaf4750d6ee2d464384fba838ec67,0.6956521739130435,2.897638323895786,23.19673732055392,79821879,41784.530999999995,23,https://hashdive.com/Analyze_User?user_address=0x74758115886aaf4750d6ee2d464384fba838ec67
0xf3ae99caad92b3a251baf498725a94c54ded1eed,0.38461538461538464,2.3429473144521866,23.195178413076647,79821879,73.20781300000002,13,https://hashdive.com/Analyze_User?user_address=0xf3ae99caad92b3a251baf498725a94c54ded1eed
0xfde01e6e45be0c8da282d6088b9aaeaa3c62c21c,0.40816326530612246,8.402588892627188,23.191260990234884,79821879,8685.82239625127,196,https://hashdive.com/Analyze_User?user_address=0xfde01e6e45be0c8da282d6088b9aaeaa3c62c21c
0x20cb1805b9bd29b184ae88c3267e83774678f655,0.5625,2.3424327713090713,23.190084435959804,79821879,5123.464668768063,16,https://hashdive.com/Analyze_User?user_address=0x20cb1805b9bd29b184ae88c3267e83774678f655
0xf30dc14da49bc430fceb4e2ec001f8948d2e5aa7,0.8888888888888888,2.3421193305638424,23.18698137258204,79821879,45.786355,9,https://hashdive.com/Analyze_User?user_address=0xf30dc14da49bc430fceb4e2ec001f8948d2e5aa7
0x3d268fa90890aab8f20af9bbc05c3411aa93e93d,0.6129032258064516,4.419024566178975,23.18319291181037,79821879,43.221408295654,31,https://hashdive.com/Analyze_User?user_address=0x3d268fa90890aab8f20af9bbc05c3411aa93e93d
0xda185e0b52f2913477931431674609bd6870877b,0.44565217391304346,7.691840901681087,23.182043780019868,79821879,46.262421546169016,92,https://hashdive.com/Analyze_User?user_address=0xda185e0b52f2913477931431674609bd6870877b
0xcb5a663a926c43c52c3a0227b4fa76735a25abde,0.875,3.845074012948406,23.17596561750254,79821879,11.210971746779002,16,https://hashdive.com/Analyze_User?user_address=0xcb5a663a926c43c52c3a0227b4fa76735a25abde
0x7ed28a0ec9073b9fafe277c3fbbaddcc857d3cf4,0.4666666666666667,2.3405620163727887,23.17156396209061,79821879,18425.104696707167,15,https://hashdive.com/Analyze_User?user_address=0x7ed28a0ec9073b9fafe277c3fbbaddcc857d3cf4
0x7e3d439d704f76466ffc59b7df6e22af3bcd0e1a,0.2894736842105263,5.980293712646503,23.169948796096875,79821879,0.15879612840499996,38,https://hashdive.com/Analyze_User?user_address=0x7e3d439d704f76466ffc59b7df6e22af3bcd0e1a
0xb7ef2bb1e4c6f611588dcbbe0d415a1b2dfca38c,0.37209302325581395,3.1843439827644273,23.16529535417888,79821879,9191.328053,43,https://hashdive.com/Analyze_User?user_address=0xb7ef2bb1e4c6f611588dcbbe0d415a1b2dfca38c
0x2e55125f8e3d2b70b29718580b455e5a4fecc88d,0.4,2.3388626969814688,23.154740700116538,79821879,444.07038443905503,10,https://hashdive.com/Analyze_User?user_address=0x2e55125f8e3d2b70b29718580b455e5a4fecc88d
0x75b1e38df79fb771e9dcf04eda87b49ed19ae2e8,0.5028571428571429,6.821900919217797,23.152497142278918,79821879,20867.598750334284,175,https://hashdive.com/Analyze_User?user_address=0x75b1e38df79fb771e9dcf04eda87b49ed19ae2e8
0x198afd0ada969f284859a5a3d87fa653ca3046d6,0.6296296296296297,2.3386359844039837,23.152496245599437,79821879,1257.1416243257595,27,https://hashdive.com/Analyze_User?user_address=0x198afd0ada969f284859a5a3d87fa653ca3046d6
0x56b2eaec94388a0edfc62f5e8ba1db5c5a67c844,0.7,3.1622776601605964,23.151611006928064,79821879,7.321165156211,10,https://hashdive.com/Analyze_User?user_address=0x56b2eaec94388a0edfc62f5e8ba1db5c5a67c844
0x2416aa136d95311c9facba41e56b49b4814a1192,0.2222222222222222,3.5996784325271975,23.149946037477633,79821879,56.477642978692,36,https://hashdive.com/Analyze_User?user_address=0x2416aa136d95311c9facba41e56b49b4814a1192
0xe2d71a5487d47229ccfb7b076b5abfd10c93da62,0.4725274725274725,6.42038674398314,23.14645672060351,79821879,8760.624078148237,91,https://hashdive.com/Analyze_User?user_address=0xe2d71a5487d47229ccfb7b076b5abfd10c93da62
0xfab6046ad5a0cba03913e2e9972f804d4941afcc,0.14285714285714285,2.3377976844177417,23.14419707573564,79830877,245.00223713497206,7,https://hashdive.com/Analyze_User?user_address=0xfab6046ad5a0cba03913e2e9972f804d4941afcc
0xac8e0ef9b4360f75465c895e1f26e85682322427,0.25,2.337482259022095,23.14107436431874,79821879,498.77426218849496,8,https://hashdive.com/Analyze_User?user_address=0xac8e0ef9b4360f75465c895e1f26e85682322427
0x3562543c1b7975d2d6e3fbc0b8183e561abe2070,0.07142857142857142,5.059630691486927,23.138363468565775,79821879,0.14633063122299997,28,https://hashdive.com/Analyze_User?user_address=0x3562543c1b7975d2d6e3fbc0b8183e561abe2070
0x03866136403ee0a250c207ac96373922d79da649,0.8333333333333334,2.3370781937783196,23.137074118405362,79821879,68.768434,6,https://hashdive.com/Analyze_User?user_address=0x03866136403ee0a250c207ac96373922d79da649
0xa6894e45d22346244b2787f0b46c2f6cea229684,0.4,2.336940677254446,23.135712704819017,79821879,103.579153673583,10,https://hashdive.com/Analyze_User?user_address=0xa6894e45d22346244b2787f0b46c2f6cea229684
0x3d4fee3a8e5c96367dcaa9d50e54fe0633685cab,0.3333333333333333,2.8726447590586206,23.13115984992478,79821879,49.00448299999999,12,https://hashdive.com/Analyze_User?user_address=0x3d4fee3a8e5c96367dcaa9d50e54fe0633685cab
0xb21f4dcec9d8a0cd71328a0c379b1e71a91e60d6,0.603448275862069,7.104530962688377,23.12958005848006,79821879,1630.8000158154287,58,https://hashdive.com/Analyze_User?user_address=0xb21f4dcec9d8a0cd71328a0c379b1e71a91e60d6
0xa4146e87024981a96042a4c880d5d9f74ddd29e2,0.6153846153846154,2.336318526271795,23.12955341009077,79821879,756.842980635,13,https://hashdive.com/Analyze_User?user_address=0xa4146e87024981a96042a4c880d5d9f74ddd29e2
0x49df61087f93a198e40e117a072ffe6ab2a9d594,0.3170731707317073,5.3408982242211795,23.124447245056693,79821879,117.40634692088203,41,https://hashdive.com/Analyze_User?user_address=0x49df61087f93a198e40e117a072ffe6ab2a9d594
0xff54a333c2aabaae243439279fe42154ff18ccf0,0.3333333333333333,3.429080588460737,23.124107066213,79830877,280.88066992436103,21,https://hashdive.com/Analyze_User?user_address=0xff54a333c2aabaae243439279fe42154ff18ccf0
0x371a0d623144ad877c81614afe52c356619c34b0,0.09240663432246418,10.0,23.12379762693243,79830877,39559.77750756961,17726,https://hashdive.com/Analyze_User?user_address=0x371a0d623144ad877c81614afe52c356619c34b0
0xb721689f1a918e754dd8c44ec8018321feaf2f08,0.6,2.435588905972598,23.12332675430592,79821879,588.6225732060761,10,https://hashdive.com/Analyze_User?user_address=0xb721689f1a918e754dd8c44ec8018321feaf2f08
0x82cde42967988fa354850c41cd98e3a4eaabd957,0.36363636363636365,2.335489427283128,23.12134533010297,79821879,65.22932899999999,11,https://hashdive.com/Analyze_User?user_address=0x82cde42967988fa354850c41cd98e3a4eaabd957
0x62ec5ba353bb1ed4963e8e964edac45f22779230,0.75,2.335460417599641,23.12105813423645,79821879,419.432769778949,8,https://hashdive.com/Analyze_User?user_address=0x62ec5ba353bb1ed4963e8e964edac45f22779230
0x280d5def9dab02d8c3328d5a0ccee3d2c1248bbb,1.0,2.6008261355359164,23.118884379860827,79821879,118.82863574054402,7,https://hashdive.com/Analyze_User?user_address=0x280d5def9dab02d8c3328d5a0ccee3d2c1248bbb
0xa12d3f18e8693a74af28000314033bbf2ef91af1,0.3333333333333333,2.3348666032792136,23.115179372464215,79821879,19.634478173427,6,https://hashdive.com/Analyze_User?user_address=0xa12d3f18e8693a74af28000314033bbf2ef91af1
0x6a4195e55a541f59a0d99d6607160118700aa3cc,1.0,2.334600070331595,23.112540696282785,79821879,4072.924168,6,https://hashdive.com/Analyze_User?user_address=0x6a4195e55a541f59a0d99d6607160118700aa3cc
0xaa6ff9712c6f14fbb7cdbaa54d46f6d818c66e01,0.6,2.3343720420433813,23.110283216229476,79821879,2672.8767501044013,10,https://hashdive.com/Analyze_User?user_address=0xaa6ff9712c6f14fbb7cdbaa54d46f6d818c66e01
0x50235cf26450c7ce4b433751ac977c2b96953f6a,0.5548780487804879,4.78745539160638,23.107521668885667,79821879,3189.0875664350483,164,https://hashdive.com/Analyze_User?user_address=0x50235cf26450c7ce4b433751ac977c2b96953f6a
0xc7e4354515f1497ccb69a5f6831aa504300c392f,0.6666666666666666,2.333332790829996,23.09999462921696,79821879,38.74447830656,6,https://hashdive.com/Analyze_User?user_address=0xc7e4354515f1497ccb69a5f6831aa504300c392f
0x7b4128e0d949e8a4f81278f669b406c3c7d40db7,0.8333333333333334,2.33333226175422,23.09998939136678,79821879,15.368430212452,6,https://hashdive.com/Analyze_User?user_address=0x7b4128e0d949e8a4f81278f669b406c3c7d40db7
0x97e1e8027dd31b5db1467bb870c4bc0d1637ae74,0.9096774193548387,4.930884131546536,23.09625347880317,79825478,28325.95399556,155,https://hashdive.com/Analyze_User?user_address=0x97e1e8027dd31b5db1467bb870c4bc0d1637ae74
0xe4cfe9f18494afc1d036f1a6f28f3190cf6da347,0.6274509803921569,7.044070534161064,23.095891863300764,79821879,1570.4,51,https://hashdive.com/Analyze_User?user_address=0xe4cfe9f18494afc1d036f1a6f28f3190cf6da347
0xbdffc16341a63985447572e455d40e80d837e32b,0.2222222222222222,3.348612493163161,23.095516851074656,79821879,32.41548857942,18,https://hashdive.com/Analyze_User?user_address=0xbdffc16341a63985447572e455d40e80d837e32b
0x0183a8d826c9afe2fd6815ca125be993da04b30c,0.7808219178082192,6.934249928600792,23.095477626966808,79821879,16000.874640000002,73,https://hashdive.com/Analyze_User?user_address=0x0183a8d826c9afe2fd6815ca125be993da04b30c
0xfb945a702b89572111d597e5f183d80c984836e0,1.0,2.332719516693641,23.093923215267047,79821879,2447.5,6,https://hashdive.com/Analyze_User?user_address=0xfb945a702b89572111d597e5f183d80c984836e0
0x7cffcefc28c8fc2dafd3d6ecb3a21c26a7d0ab37,0.8333333333333334,2.3327179896933563,23.093908097964228,79821879,193.96103646114102,6,https://hashdive.com/Analyze_User?user_address=0x7cffcefc28c8fc2dafd3d6ecb3a21c26a7d0ab37
0x67e4d44e49f7dbb6a2263d412971445ac14f948d,0.6875,2.33125580236183,23.079432443382117,79821879,64.93608019178002,16,https://hashdive.com/Analyze_User?user_address=0x67e4d44e49f7dbb6a2263d412971445ac14f948d
0x34e606e76e7a9ee5d48b00a8b4362c0d14b2534a,1.0,2.4231410825506554,23.07884126043173,79821879,353.639017,12,https://hashdive.com/Analyze_User?user_address=0x34e606e76e7a9ee5d48b00a8b4362c0d14b2534a
0xb4f9a054418bf3557dac0058f634ed23a2f15526,0.6206896551724138,6.153447543568453,23.076339284915797,79821879,1161.562746059763,58,https://hashdive.com/Analyze_User?user_address=0xb4f9a054418bf3557dac0058f634ed23a2f15526
0xd549ed055b1ae166662b289f8b8fa0b5cfd98b1b,0.3333333333333333,2.3305494389805403,23.07243944590735,79821879,145.445027769804,6,https://hashdive.com/Analyze_User?user_address=0xd549ed055b1ae166662b289f8b8fa0b5cfd98b1b
0x77b444a9f522f501620bf71346971a4a30ca555e,0.26229508196721313,5.866927143661974,23.07240700594067,79821879,86.56415079997798,61,https://hashdive.com/Analyze_User?user_address=0x77b444a9f522f501620bf71346971a4a30ca555e
0xf60754386efc1c56fbc64732abb8fbaa865bee3f,0.6,2.3303234121797396,23.070201780579424,79821879,36.187072070313,10,https://hashdive.com/Analyze_User?user_address=0xf60754386efc1c56fbc64732abb8fbaa865bee3f
0xf3dbb2c7ff99588ce7b298c4487e9a5f3ad70b80,0.42105263157894735,2.3301733424716375,23.06871609046921,79821879,389.027689478507,19,https://hashdive.com/Analyze_User?user_address=0xf3dbb2c7ff99588ce7b298c4487e9a5f3ad70b80
0x6277e99aab00eb5e43e450c244972688c4dcffc7,0.4444444444444444,3.162279008093048,23.064951180525647,79821879,21.881230651537,18,https://hashdive.com/Analyze_User?user_address=0x6277e99aab00eb5e43e450c244972688c4dcffc7
0x5c693a73ff34c1ec0623ec93e8bbb56170191b08,0.5,2.329679579916152,23.063827841169907,79821879,293.19937582956203,8,https://hashdive.com/Analyze_User?user_address=0x5c693a73ff34c1ec0623ec93e8bbb56170191b08
0x20e6e192cc7d036e25136bb535e10aad89af95c4,0.36363636363636365,2.3294666536555466,23.061719871189908,79821879,13199.18054263915,11,https://hashdive.com/Analyze_User?user_address=0x20e6e192cc7d036e25136bb535e10aad89af95c4
0xa3ada441a3eeebd4021d49c8089fb479fd62ae44,0.9,2.8684915963624475,23.053521418618445,79821879,65.5,10,https://hashdive.com/Analyze_User?user_address=0xa3ada441a3eeebd4021d49c8089fb479fd62ae44
0x324dbce7143c6d5cc7fbd062ea47a02510336fd9,0.2857142857142857,2.543303387785573,23.050934367957765,79821879,75.539544163751,14,https://hashdive.com/Analyze_User?user_address=0x324dbce7143c6d5cc7fbd062ea47a02510336fd9
0xc59f04bcf59904a83fd66d9e5cfafcf0ee92c364,0.5604838709677419,5.073364150499963,23.050080009418533,79821879,37564.28151525705,248,https://hashdive.com/Analyze_User?user_address=0xc59f04bcf59904a83fd66d9e5cfafcf0ee92c364
0x70edc5d712e2ebef47cd76184115a4db972ed559,1.0,2.3279826844491263,23.04702857604635,79821879,2297.0,6,https://hashdive.com/Analyze_User?user_address=0x70edc5d712e2ebef47cd76184115a4db972ed559
0x2a5b2228cc109ea4aaec444baeaca4574d8fe77d,0.6470588235294118,3.0468587923806405,23.035128192457645,79823676,4254.960000000001,17,https://hashdive.com/Analyze_User?user_address=0x2a5b2228cc109ea4aaec444baeaca4574d8fe77d
0xdd45501ebf350e4fd24a9f392aeef89ae3cc2109,0.4888888888888889,2.7420296112204974,23.034134779241523,79821879,273.3734066711567,45,https://hashdive.com/Analyze_User?user_address=0xdd45501ebf350e4fd24a9f392aeef89ae3cc2109
0x7627c7226d33895b44f7f38a6a849b5c0eba3788,0.5737704918032787,5.852904475146278,23.031254814485436,79821879,195.41227235879998,122,https://hashdive.com/Analyze_User?user_address=0x7627c7226d33895b44f7f38a6a849b5c0eba3788
0x0324318a9c3f3ed1126683b7a07873e2832abed7,0.5652173913043478,2.326189836185893,23.02927937824034,79821879,1782.7767594858633,23,https://hashdive.com/Analyze_User?user_address=0x0324318a9c3f3ed1126683b7a07873e2832abed7
0xe23051195fedef694eee992c850b0a06ec80bda4,0.5714285714285714,2.3260441677678525,23.02783726090174,79821879,87.06909852474502,7,https://hashdive.com/Analyze_User?user_address=0xe23051195fedef694eee992c850b0a06ec80bda4
0x5e89ee970e73598b1308b170cbe565e0b8bef13b,0.2857142857142857,2.3254545751870945,23.022000294352235,79821879,51.20887999999999,7,https://hashdive.com/Analyze_User?user_address=0x5e89ee970e73598b1308b170cbe565e0b8bef13b
0x46535a0a617e20507ed84c4536dc5535a58f9e5d,0.5,2.325043726293464,23.017932890305293,79821879,21.261051083332003,6,https://hashdive.com/Analyze_User?user_address=0x46535a0a617e20507ed84c4536dc5535a58f9e5d
0x64011c47922d02e03973a6576fe418398926f96d,0.8333333333333334,2.32430445116536,23.01061406653706,79821879,305.420403657646,6,https://hashdive.com/Analyze_User?user_address=0x64011c47922d02e03973a6576fe418398926f96d
0xb5c6ff9446a4857cbccfb23c2da563e876e70a72,0.5736842105263158,9.956105668290167,23.010582685496722,79821879,28670.677008376377,190,https://hashdive.com/Analyze_User?user_address=0xb5c6ff9446a4857cbccfb23c2da563e876e70a72
0x62ddbe63effe0423303d833c2e3a55f834a31643,0.8333333333333334,2.323790634054015,23.005527277134746,79821879,119.650728210269,6,https://hashdive.com/Analyze_User?user_address=0x62ddbe63effe0423303d833c2e3a55f834a31643
0x7f40f7407e5a5d8d53348920b79ea80f86d881ff,0.6551724137931034,5.385164807131583,23.00184900328153,79821879,12.386843917417,29,https://hashdive.com/Analyze_User?user_address=0x7f40f7407e5a5d8d53348920b79ea80f86d881ff
0xd9ef05d280e2c9fe9310f9843a5228d1999f0a9b,0.5789473684210527,3.0022956068224445,23.00082249119307,79821879,306.059218511192,19,https://hashdive.com/Analyze_User?user_address=0xd9ef05d280e2c9fe9310f9843a5228d1999f0a9b
0x881929f8387bae5f0cbe668a5868a9867c0eca2b,0.4444444444444444,3.337384811768355,22.999511671420105,79821879,2058.8469845901964,18,https://hashdive.com/Analyze_User?user_address=0x881929f8387bae5f0cbe668a5868a9867c0eca2b
0x5c96df52bf288433e5bd0578872b60dcec8bb3ff,0.7093023255813954,7.024042802524591,22.9967373744863,79821879,6983.1208997301665,86,https://hashdive.com/Analyze_User?user_address=0x5c96df52bf288433e5bd0578872b60dcec8bb3ff
0x0ab83f3ac45ea7abe03f37754d6df4b4decc5d03,0.6666666666666666,2.3835183926779595,22.992966316695636,79821879,27.010556726943,18,https://hashdive.com/Analyze_User?user_address=0x0ab83f3ac45ea7abe03f37754d6df4b4decc5d03
0xc09d2261260902099152e7325b051d0ae98802e5,0.16666666666666666,2.3221806226658352,22.98958816439177,79829078,254.09695550376495,6,https://hashdive.com/Analyze_User?user_address=0xc09d2261260902099152e7325b051d0ae98802e5
0xc277ac6e9a881cc8b2f74ed8f1538b95780b9098,0.6363636363636364,2.7189334799407523,22.984353180771315,79821879,199.712156718689,11,https://hashdive.com/Analyze_User?user_address=0xc277ac6e9a881cc8b2f74ed8f1538b95780b9098
0xb26d1bcb1d974f77f87de091ba306024c0e60fa3,0.25,2.3205019977618995,22.972969777842806,79821879,3193.8244713914105,24,https://hashdive.com/Analyze_User?user_address=0xb26d1bcb1d974f77f87de091ba306024c0e60fa3
0xfbde188ea97163fc5d20915400258801a0f12150,0.4090909090909091,3.4593108563368333,22.97294964596064,79821879,627.5645288513269,22,https://hashdive.com/Analyze_User?user_address=0xfbde188ea97163fc5d20915400258801a0f12150
0xdf0bc8fc557c552ea9d29dd098a7b985575114b6,0.75,2.420300019512412,22.972588725167256,79821879,219.645407,8,https://hashdive.com/Analyze_User?user_address=0xdf0bc8fc557c552ea9d29dd098a7b985575114b6
0xfba1a7f3a0c41bda07a17618ed21e764e8176d31,0.6428571428571429,3.546130933344078,22.970830671556826,79821879,1158.7178662,14,https://hashdive.com/Analyze_User?user_address=0xfba1a7f3a0c41bda07a17618ed21e764e8176d31
0x7d2aabb868b40f379e75deafffde027be6464f31,0.6785714285714286,3.238915597315592,22.96884945927493,79821879,7824.401210137792,28,https://hashdive.com/Analyze_User?user_address=0x7d2aabb868b40f379e75deafffde027be6464f31
0x2ce39defcaced6c58f5dd2f0518b581406dc3b79,0.875,2.8144355074703733,22.966773149027734,79821879,6370.799999999999,8,https://hashdive.com/Analyze_User?user_address=0x2ce39defcaced6c58f5dd2f0518b581406dc3b79
0x08a6e4da67d93ab30bb3e4c88c550977866af3cc,0.5889423076923077,9.974042557678084,22.966532999686187,79821879,202.65819937999996,416,https://hashdive.com/Analyze_User?user_address=0x08a6e4da67d93ab30bb3e4c88c550977866af3cc
0xf8c47a32459e4402a1a9acdd9b2c53e26d1bd3e3,0.14285714285714285,2.319373102613296,22.961793715871632,79821879,2612.6386765968027,14,https://hashdive.com/Analyze_User?user_address=0xf8c47a32459e4402a1a9acdd9b2c53e26d1bd3e3
0x7b8bc8149f5b41b53f05f59a615fd5d1e50cb822,0.5714285714285714,2.9293044991119723,22.949845697476814,79821879,163.59585693691199,21,https://hashdive.com/Analyze_User?user_address=0x7b8bc8149f5b41b53f05f59a615fd5d1e50cb822
0x3036f488beaab1bf8666c8f0eeb3d0bbc0be3277,0.5,2.9140601555661267,22.94763749055427,79821879,829.3279926042029,22,https://hashdive.com/Analyze_User?user_address=0x3036f488beaab1bf8666c8f0eeb3d0bbc0be3277
0x98212023063b58cba07d64a01d9e1c7e05623da1,0.6206896551724138,3.193305034271004,22.943379253540837,79821879,303.199602477859,29,https://hashdive.com/Analyze_User?user_address=0x98212023063b58cba07d64a01d9e1c7e05623da1
0x850b3d8c8b28c3e13534337a265625537de7b64c,0.3333333333333333,2.3170163872329494,22.938462233606202,79821879,198.452329,6,https://hashdive.com/Analyze_User?user_address=0x850b3d8c8b28c3e13534337a265625537de7b64c
0xe39d55144b65de78caf7b7d3e1184be11a5ccf30,0.875,2.3169982389954127,22.938282566054585,79821879,177.82555860761,8,https://hashdive.com/Analyze_User?user_address=0xe39d55144b65de78caf7b7d3e1184be11a5ccf30
0x946cc86d92fe3c79a6c74045972f7a1e6dba9afb,0.5454545454545454,2.7572868145546106,22.937104304354605,79825478,7581.366842963329,11,https://hashdive.com/Analyze_User?user_address=0x946cc86d92fe3c79a6c74045972f7a1e6dba9afb
0x3ac2b9b416458b66d812ba3911225f390d34fe14,0.625,2.6678899886164142,22.935492223580034,79821879,9.456506575128001,8,https://hashdive.com/Analyze_User?user_address=0x3ac2b9b416458b66d812ba3911225f390d34fe14
0xc2294e6551d67a2b1496b6bde533bf7291171d67,0.2727272727272727,2.3165753071157256,22.934095540445686,79821879,549.270936874088,11,https://hashdive.com/Analyze_User?user_address=0xc2294e6551d67a2b1496b6bde533bf7291171d67
0x1e14b0ec90163b659f5cd81e7c8d616188fcc78c,0.1,2.316317219585069,22.931540473892184,79821879,1092.0573783433902,10,https://hashdive.com/Analyze_User?user_address=0x1e14b0ec90163b659f5cd81e7c8d616188fcc78c
0xbd3ea34204f1b8979e92763a03a1087d454de9bf,0.8333333333333334,2.3158821661950966,22.927233445331456,79821879,74.000180586545,6,https://hashdive.com/Analyze_User?user_address=0xbd3ea34204f1b8979e92763a03a1087d454de9bf
0x6fdc04b54caafb2da683570eb951c00bf2246cba,1.0,2.3154026635044334,22.92248636869389,79821879,2075.0,6,https://hashdive.com/Analyze_User?user_address=0x6fdc04b54caafb2da683570eb951c00bf2246cba
0x16147cb86d22a49b39471ad8dd72b11c8afa39a2,0.5142857142857142,3.5323895556060845,22.92079609051967,79821879,273.99120370355104,35,https://hashdive.com/Analyze_User?user_address=0x16147cb86d22a49b39471ad8dd72b11c8afa39a2
0x8655c0ce2e8bff81460ced7485c7267a336776de,0.3076923076923077,2.3147181557239445,22.91570974166705,79821879,80.82270899999999,13,https://hashdive.com/Analyze_User?user_address=0x8655c0ce2e8bff81460ced7485c7267a336776de
0x171f787a0d8f0a0c8a645e13d5d9f06bec0eeeb1,0.16666666666666666,2.3145712628359694,22.914255502076095,79821879,10.488957630946,6,https://hashdive.com/Analyze_User?user_address=0x171f787a0d8f0a0c8a645e13d5d9f06bec0eeeb1
0x2c7c96f599c0b76c314303319f0471be20f303d5,0.5,3.081934847777774,22.91394069278322,79821879,192.41500000000002,12,https://hashdive.com/Analyze_User?user_address=0x2c7c96f599c0b76c314303319f0471be20f303d5
0x63d835c15dfe4c87f7df0640afce10c768ad2d6a,0.28735632183908044,7.692338761792253,22.911169746773588,79821879,63.66362139941002,87,https://hashdive.com/Analyze_User?user_address=0x63d835c15dfe4c87f7df0640afce10c768ad2d6a
0xf03a6e075131f8a012e15e66988bc33a98ee7a9a,0.0015305146355462024,10.0,22.906499979376523,79830877,33.45609953999837,10454,https://hashdive.com/Analyze_User?user_address=0xf03a6e075131f8a012e15e66988bc33a98ee7a9a
0x1c481354c5ff6d87c6f567518cb52beabc3227f6,0.4594594594594595,5.71783529361545,22.903822196001823,79821879,1514.160575222,37,https://hashdive.com/Analyze_User?user_address=0x1c481354c5ff6d87c6f567518cb52beabc3227f6
0x3af9223b03654250cd1bc6705353d3f382a3eb09,0.5,2.5836465569416203,22.903184186519606,79821879,213.637228867906,8,https://hashdive.com/Analyze_User?user_address=0x3af9223b03654250cd1bc6705353d3f382a3eb09
0xc7ff2bee199c6bfe9e02d39549bfb6096ddeab6f,0.8181818181818182,2.6843311570961683,22.900805966257465,79821879,2164.9,11,https://hashdive.com/Analyze_User?user_address=0xc7ff2bee199c6bfe9e02d39549bfb6096ddeab6f
0x83729757c8ad48fed8a72f9ac06e677ea7c309bc,0.6379310344827587,3.5529404836897958,22.89338183143219,79821879,7410.762258000001,58,https://hashdive.com/Analyze_User?user_address=0x83729757c8ad48fed8a72f9ac06e677ea7c309bc
0xad8303a271a4a013f1bd8d314ab8e0010eb7ce49,0.6344086021505376,8.437175219390886,22.887529958717806,79821879,295.1955830122361,93,https://hashdive.com/Analyze_User?user_address=0xad8303a271a4a013f1bd8d314ab8e0010eb7ce49
0xa99af146406b6a6ae67abd59aa37fb4cd3a97c0a,0.7333333333333333,2.311250199379504,22.881376973857087,79821879,34.24706031229499,15,https://hashdive.com/Analyze_User?user_address=0xa99af146406b6a6ae67abd59aa37fb4cd3a97c0a
0x306b8fd94ac30e5fd512c7de013b419139e83ec5,0.606425702811245,9.240383076324562,22.87705408031067,79821879,50139.04453573483,498,https://hashdive.com/Analyze_User?user_address=0x306b8fd94ac30e5fd512c7de013b419139e83ec5
0xb2796d0eb44e52f1fae09f38f1b174486b823f5d,0.2857142857142857,2.592106810496742,22.874452669707267,79821879,8.003770332351,7,https://hashdive.com/Analyze_User?user_address=0xb2796d0eb44e52f1fae09f38f1b174486b823f5d
0xb38245d2ee8847cd28bc98453fa27c725257c986,0.7777777777777778,4.703211627097006,22.872820492843104,79821879,3208.2757161975865,27,https://hashdive.com/Analyze_User?user_address=0xb38245d2ee8847cd28bc98453fa27c725257c986
0x1764739e08c32b293890474d8af632b6d6b5879f,0.4,2.3097898231472236,22.86691924915751,79821879,87.748725,10,https://hashdive.com/Analyze_User?user_address=0x1764739e08c32b293890474d8af632b6d6b5879f
0x4dfbcd62d9cfbf474febef7ab98d19332cc98b00,1.0,2.309413444159235,22.863193097176424,79821879,326.056798,7,https://hashdive.com/Analyze_User?user_address=0x4dfbcd62d9cfbf474febef7ab98d19332cc98b00
0x0fcb592e46b800a2fd8aadb78d6c5eb6d91d85b9,1.0,2.603442476589292,22.858500182535856,79821879,45007.676895000004,9,https://hashdive.com/Analyze_User?user_address=0x0fcb592e46b800a2fd8aadb78d6c5eb6d91d85b9
0x3d2835fa347a8a4eb854949e8ea6ee37638bc041,0.6538461538461539,4.670835486509458,22.857434259790438,79821879,482.42513800985813,26,https://hashdive.com/Analyze_User?user_address=0x3d2835fa347a8a4eb854949e8ea6ee37638bc041
0x305ebb06ec54eb1ffb4e48c6cc336544d08de8d9,1.0,2.305950029395681,22.828905291017243,79821879,4233.822868,8,https://hashdive.com/Analyze_User?user_address=0x305ebb06ec54eb1ffb4e48c6cc336544d08de8d9
0xea3b5347f775192b2074f993f9d6010188656a7b,0.46153846153846156,2.5714850826042013,22.826412593424795,79821879,361.05188188973494,13,https://hashdive.com/Analyze_User?user_address=0xea3b5347f775192b2074f993f9d6010188656a7b
0xb7234a65f3eddc0edb402ab8550828f720e7f46c,0.7,5.0337442947393924,22.826211870980025,79821879,57.748441713635,40,https://hashdive.com/Analyze_User?user_address=0xb7234a65f3eddc0edb402ab8550828f720e7f46c
0x0130a187448af0d50df400a2772599d5d53f9594,0.6153846153846154,4.125088032354793,22.825037859157177,79821879,118.32025115348901,26,https://hashdive.com/Analyze_User?user_address=0x0130a187448af0d50df400a2772599d5d53f9594
0xa5637abe0822553b897a021ad152e9c0a1d1d023,0.5714285714285714,2.3051542291729334,22.82102686881204,79821879,88940.78059005848,7,https://hashdive.com/Analyze_User?user_address=0xa5637abe0822553b897a021ad152e9c0a1d1d023
0xa6ebdf558525290c97db32b72c37ea512c71ad04,0.3333333333333333,2.9362623780446158,22.820339995058788,79821879,225.108315930944,18,https://hashdive.com/Analyze_User?user_address=0xa6ebdf558525290c97db32b72c37ea512c71ad04
0xf6e787acf820faf7f212ae24b5f48452e285c0a4,0.875,2.762610915386843,22.81940465314925,79821879,8.953913959606,8,https://hashdive.com/Analyze_User?user_address=0xf6e787acf820faf7f212ae24b5f48452e285c0a4
0x4bd036eb796f260a0172c861bac4c78a7cb4178d,0.3,2.3042334402779363,22.81191105875157,79821879,1113.326481244828,10,https://hashdive.com/Analyze_User?user_address=0x4bd036eb796f260a0172c861bac4c78a7cb4178d
0xf15c39436630203b2e355178ba650c39fe63a4ad,0.16666666666666666,2.304198182900679,22.811562010716724,79821879,29.750150582313996,6,https://hashdive.com/Analyze_User?user_address=0xf15c39436630203b2e355178ba650c39fe63a4ad
0xac053b90fed79a2a1923477df7709f3a21dbcdc5,0.37037037037037035,3.879289065223165,22.810397583330545,79821879,6698.84650326606,27,https://hashdive.com/Analyze_User?user_address=0xac053b90fed79a2a1923477df7709f3a21dbcdc5
0xe591207b6b178a760904ff1e5414d16965510f80,0.7272727272727273,2.3040376462947063,22.809972698317594,79821879,616.78279478964,11,https://hashdive.com/Analyze_User?user_address=0xe591207b6b178a760904ff1e5414d16965510f80
0xd38d668423eafe761b780818d2bfac53ee833093,0.7,2.9001499391735854,22.80877394258382,79821879,80.392748978741,10,https://hashdive.com/Analyze_User?user_address=0xd38d668423eafe761b780818d2bfac53ee833093
0x88e8f3cfa88a6400457dd9ffd977b0b10b310952,0.3484848484848485,6.553916049771373,22.808343558014798,79821879,36.08239828899499,66,https://hashdive.com/Analyze_User?user_address=0x88e8f3cfa88a6400457dd9ffd977b0b10b310952
0x0a7d9b14df7d06f3f610613309e013d4fbe177d8,0.16091954022988506,8.785429884451663,22.803678261033976,79821879,26.311620319378015,87,https://hashdive.com/Analyze_User?user_address=0x0a7d9b14df7d06f3f610613309e013d4fbe177d8
0xfa30174fad2164b4cb2961f24fc5a617a4af13a2,0.25263157894736843,7.142250470454972,22.802797498893433,79827278,160.48668450480605,95,https://hashdive.com/Analyze_User?user_address=0xfa30174fad2164b4cb2961f24fc5a617a4af13a2
0xa3774ebae2fe31d065f7e23c5cbd499a822ea2cc,0.4444444444444444,2.303258376329376,22.80225792566082,79821879,89.088437011546,9,https://hashdive.com/Analyze_User?user_address=0xa3774ebae2fe31d065f7e23c5cbd499a822ea2cc
0x9c9a9cba2a0b69f50cac26ecb43a85d0d52e9c77,0.6,3.6132790272615636,22.797733015741905,79821879,4921.339073670834,55,https://hashdive.com/Analyze_User?user_address=0x9c9a9cba2a0b69f50cac26ecb43a85d0d52e9c77
0x4c86ba627b61d61ef0ccd87a0e7fdbd8a33f9784,0.5,2.4172478420853727,22.797394977288995,79830877,2623.563645632551,28,https://hashdive.com/Analyze_User?user_address=0x4c86ba627b61d61ef0ccd87a0e7fdbd8a33f9784
0xd4498f42057b5d248e2e4b22a13310b263374bbb,0.6904761904761905,5.475608526493233,22.796674127685495,79821879,55.425659999999986,42,https://hashdive.com/Analyze_User?user_address=0xd4498f42057b5d248e2e4b22a13310b263374bbb
0xd476bbc2023afaff802ae4c13db588b13022d580,0.9,3.092149031698394,22.79613519719254,79821879,50.5,10,https://hashdive.com/Analyze_User?user_address=0xd476bbc2023afaff802ae4c13db588b13022d580
0xeab22eef92b1e1917a88dbe87a78f196fec96bf9,0.4,2.30194919468292,22.78929702736091,79821879,374.793497,15,https://hashdive.com/Analyze_User?user_address=0xeab22eef92b1e1917a88dbe87a78f196fec96bf9
0xce0c792d8d37fcbae6936ae7cc1495cee1f85c37,0.6774193548387096,7.02796352078425,22.78448529407526,79827278,31.904876784392002,62,https://hashdive.com/Analyze_User?user_address=0xce0c792d8d37fcbae6936ae7cc1495cee1f85c37
0x38b116da0d2a128c56f8010c8a70b4b383ea0271,1.0,2.301451408948763,22.784368948592753,79821879,10.516715685403,6,https://hashdive.com/Analyze_User?user_address=0x38b116da0d2a128c56f8010c8a70b4b383ea0271
0x5f9117402f393612498cd01268089559cde50e14,0.4,2.3013639759124622,22.783503361533377,79821879,56.30369000000001,10,https://hashdive.com/Analyze_User?user_address=0x5f9117402f393612498cd01268089559cde50e14
0xb4fbd2254586787d600e1458bad0c84c5e6e859d,0.20833333333333334,2.663491044669992,22.78081694245453,79821879,4006.55788783765,24,https://hashdive.com/Analyze_User?user_address=0xb4fbd2254586787d600e1458bad0c84c5e6e859d
0x7de98eb375b58e38e3643b4d75e7c85decbde491,0.6101694915254238,7.192453717723404,22.77641102622903,79821879,1597.9215761787689,59,https://hashdive.com/Analyze_User?user_address=0x7de98eb375b58e38e3643b4d75e7c85decbde491
0x0eee8c2eecc2efa8411e7685cac354f77742cf0d,0.5666666666666667,2.9621988927972467,22.773692105707166,79821879,538.3891378050861,30,https://hashdive.com/Analyze_User?user_address=0x0eee8c2eecc2efa8411e7685cac354f77742cf0d
0x28cff9f0dbbd20273f63373d3269b40e8c12cece,0.36363636363636365,3.157413571584525,22.771247576342173,79821879,25.962974022764,11,https://hashdive.com/Analyze_User?user_address=0x28cff9f0dbbd20273f63373d3269b40e8c12cece
0x84e9b627deb6ac0a948b01a550925e4fdbfb3bf0,0.8095238095238095,4.074309780458336,22.768144662875756,79821879,46.38217957422201,21,https://hashdive.com/Analyze_User?user_address=0x84e9b627deb6ac0a948b01a550925e4fdbfb3bf0
0xea4535ae7555f7cc93988c9bc9589060a75dc2e9,0.125,2.2997911097996795,22.767931987016826,79821879,57.516052004,8,https://hashdive.com/Analyze_User?user_address=0xea4535ae7555f7cc93988c9bc9589060a75dc2e9
0xe9bdc4fc46d4da5bc4a9503104b4b1e587dab399,0.6363636363636364,2.6998591115774797,22.76030821431913,79821879,1682.2031203350653,11,https://hashdive.com/Analyze_User?user_address=0xe9bdc4fc46d4da5bc4a9503104b4b1e587dab399
0xe7305e01251c0fd9d59fd2702ced755a6617ff2c,0.45161290322580644,4.445149071999638,22.74950549611407,79821879,77.51421612117498,31,https://hashdive.com/Analyze_User?user_address=0xe7305e01251c0fd9d59fd2702ced755a6617ff2c
0x624c00be38431082a87c8fb60f9b2d3f3f6523a7,0.08333333333333333,2.2978595154149777,22.748809202608278,79821879,143.47191077880598,12,https://hashdive.com/Analyze_User?user_address=0x624c00be38431082a87c8fb60f9b2d3f3f6523a7
0x5f7ba7b8e43e1e313d6752868b861b0dcad0aff4,0.23076923076923078,2.2976934982204527,22.747165632382483,79821879,27323.528274000004,13,https://hashdive.com/Analyze_User?user_address=0x5f7ba7b8e43e1e313d6752868b861b0dcad0aff4
0x0dbef51247ef5acc1746d802f523669a884d9c5a,0.625,2.2976580929970143,22.74681512067044,79821879,330.10387586078684,8,https://hashdive.com/Analyze_User?user_address=0x0dbef51247ef5acc1746d802f523669a884d9c5a
0x7d201efe2698c2257a96b6718277624d4e1eb063,0.6486486486486487,5.349377295539112,22.746138918843698,79821879,18618.5,37,https://hashdive.com/Analyze_User?user_address=0x7d201efe2698c2257a96b6718277624d4e1eb063
0x40ac33d4c05fa45dc5eea58ef8e6cdc58cdf9018,0.11764705882352941,3.333966461935279,22.7431149927177,79821879,23.193331275452998,17,https://hashdive.com/Analyze_User?user_address=0x40ac33d4c05fa45dc5eea58ef8e6cdc58cdf9018
0x10718272e1d44b4db1cacdb9c17ccd344d21abaf,0.7333333333333333,2.980838291867891,22.736691634996728,79821879,2180.85,15,https://hashdive.com/Analyze_User?user_address=0x10718272e1d44b4db1cacdb9c17ccd344d21abaf
0x27769ad0476ab9e8f301d5f126413c8c9324e731,0.8,4.472135954987707,22.735875875908018,79821879,10.16776262232,20,https://hashdive.com/Analyze_User?user_address=0x27769ad0476ab9e8f301d5f126413c8c9324e731
0x77f7c788d4827c3bd7197bc66d788848484f108e,0.42857142857142855,2.5980757903562046,22.727239637803653,79821879,15.745781196036999,7,https://hashdive.com/Analyze_User?user_address=0x77f7c788d4827c3bd7197bc66d788848484f108e
0x4d3f72e93e6e1c86b69a9c243f8e82e315fac91e,0.6363636363636364,3.3770489994425743,22.72723049049071,79821879,899.2483923766699,22,https://hashdive.com/Analyze_User?user_address=0x4d3f72e93e6e1c86b69a9c243f8e82e315fac91e
0x18e4ef9a8dcb28c01169407c06889d3706174442,0.6333333333333333,4.62791895696981,22.7270215771292,79821879,2506.0073776030877,30,https://hashdive.com/Analyze_User?user_address=0x18e4ef9a8dcb28c01169407c06889d3706174442
0xcc136d95d4a766dda14ff6425f44cf8bb1a64bfd,0.6666666666666666,2.7323106914717097,22.71687078641662,79821879,64.37642009549299,15,https://hashdive.com/Analyze_User?user_address=0xcc136d95d4a766dda14ff6425f44cf8bb1a64bfd
0x6e7491b11fec5957e64ffee4cfca0dcb4dcd7fc6,0.15384615384615385,3.0169504468820234,22.710192127785398,79821879,46.384871552944,13,https://hashdive.com/Analyze_User?user_address=0x6e7491b11fec5957e64ffee4cfca0dcb4dcd7fc6
0xe6e8d745017e7b5ea2a5064d8ea480e700a32867,0.16541353383458646,3.872907537206341,22.706473759818397,79821879,6490.875120858056,133,https://hashdive.com/Analyze_User?user_address=0xe6e8d745017e7b5ea2a5064d8ea480e700a32867
0x27cbee426ec4389c2b2d4620905322bb945a7e7f,0.2925170068027211,7.551016933002896,22.703393958018133,79821879,38.34737662756,147,https://hashdive.com/Analyze_User?user_address=0x27cbee426ec4389c2b2d4620905322bb945a7e7f
0xfa23a52d9412967f08e37800eb09933da0c7df47,0.3055555555555556,5.7734365282104605,22.702015968403796,79821879,0.15725497345399989,36,https://hashdive.com/Analyze_User?user_address=0xfa23a52d9412967f08e37800eb09933da0c7df47
0x3e4f2a446111e0150b5d60eefd669dc6f12a0ef9,0.5471698113207547,2.293090932735364,22.701600234080104,79821879,504.6119171660271,53,https://hashdive.com/Analyze_User?user_address=0x3e4f2a446111e0150b5d60eefd669dc6f12a0ef9
0xb0c5638dd9636f1c752af05a6dbe525e86905f3e,0.875,2.7693554438654306,22.692569728427294,79821879,5186.5,8,https://hashdive.com/Analyze_User?user_address=0xb0c5638dd9636f1c752af05a6dbe525e86905f3e
0x6f1cb9b20a9091bee107241ebba94d9b697ed151,0.5384615384615384,3.358714663203819,22.69015229032348,79821879,88.08092776727099,13,https://hashdive.com/Analyze_User?user_address=0x6f1cb9b20a9091bee107241ebba94d9b697ed151
0xb5161f37514cd93161eab38f26b0a9b830174627,0.4,3.59760061013735,22.690075302975494,79821879,14.221773,15,https://hashdive.com/Analyze_User?user_address=0xb5161f37514cd93161eab38f26b0a9b830174627
0x2581bd54ee22f2e373a41575fe91b8427aecfca7,0.4,2.291699956212026,22.687829566499058,79821879,126.763585,10,https://hashdive.com/Analyze_User?user_address=0x2581bd54ee22f2e373a41575fe91b8427aecfca7
0x9182b9a9927d5de72ccea3d75beb56fb7a8b7d6a,0.5735294117647058,7.03008816295518,22.68059562077058,79821879,228.38572296396197,68,https://hashdive.com/Analyze_User?user_address=0x9182b9a9927d5de72ccea3d75beb56fb7a8b7d6a
0x6d7a75d23b4a2505ccb385d00c09777aa751712e,0.9285714285714286,2.2904082005529087,22.675041185473795,79821879,2342.538245889514,14,https://hashdive.com/Analyze_User?user_address=0x6d7a75d23b4a2505ccb385d00c09777aa751712e
0x7e08b25a976ef81cdf7a1bc286ff74bf2f2ebcdd,0.6842105263157895,7.239316932222222,22.67168260141036,79821879,1764.800006054918,57,https://hashdive.com/Analyze_User?user_address=0x7e08b25a976ef81cdf7a1bc286ff74bf2f2ebcdd
0xdfc52ce78df4f2c6e8047da7b372e2682f31b241,0.8571428571428571,2.2894616605294016,22.665670439241076,79821879,224.941977018001,7,https://hashdive.com/Analyze_User?user_address=0xdfc52ce78df4f2c6e8047da7b372e2682f31b241
0xd3168941a1a2387367d85954a8a0275b1d1c3456,0.7368421052631579,2.5740843449276594,22.663168392961484,79821879,492.23791963982904,19,https://hashdive.com/Analyze_User?user_address=0xd3168941a1a2387367d85954a8a0275b1d1c3456
0xcc391382b7192bdec95a1c02543a5da3c8bada16,0.625,2.2891499116163945,22.662584125002304,79821879,780.702790068773,8,https://hashdive.com/Analyze_User?user_address=0xcc391382b7192bdec95a1c02543a5da3c8bada16
0x21ee7522fab15ff2e75ff31f01d0c21e4147925b,0.38461538461538464,2.377453578757591,22.65864777929778,79821879,2042.714934766816,13,https://hashdive.com/Analyze_User?user_address=0x21ee7522fab15ff2e75ff31f01d0c21e4147925b
0x3cb9c2c9cd19b6a9b9656086755222938ce06491,0.25,3.1251232161628697,22.653307834840163,79821879,88.434679171544,12,https://hashdive.com/Analyze_User?user_address=0x3cb9c2c9cd19b6a9b9656086755222938ce06491
0x8a7ec8345238e51e420f84fa7f0629effb16fcdf,0.5508474576271186,7.27668147920539,22.649305037809405,79821879,4436.7841454667205,118,https://hashdive.com/Analyze_User?user_address=0x8a7ec8345238e51e420f84fa7f0629effb16fcdf
0xf07cb507eeeacfcaf097148a22f188e1c1515924,0.22727272727272727,7.4573474748003505,22.646545209296654,79821879,184.855006890551,66,https://hashdive.com/Analyze_User?user_address=0xf07cb507eeeacfcaf097148a22f188e1c1515924
0x84147cb4c2cdb4e87abd5e1ed9ef44abfb66a12e,1.0,2.287246160592765,22.643736989868373,79821879,11.327580850174,6,https://hashdive.com/Analyze_User?user_address=0x84147cb4c2cdb4e87abd5e1ed9ef44abfb66a12e
0x803c3c1739777053b8fb6dc7d2e889cfae4a68e4,0.375,2.2867139023470524,22.638467633235816,79821879,560.040089817391,8,https://hashdive.com/Analyze_User?user_address=0x803c3c1739777053b8fb6dc7d2e889cfae4a68e4
0x396bd1673b1a8219802d77f452b1bd9bda318efa,0.8309859154929577,5.871810032886971,22.635702068182578,79821879,220.198488140459,71,https://hashdive.com/Analyze_User?user_address=0x396bd1673b1a8219802d77f452b1bd9bda318efa
0xdebcadc11925eae6e6f32c76e5de9125b166acd1,0.625,2.3996912717970167,22.63287899080887,79821879,30.499268,8,https://hashdive.com/Analyze_User?user_address=0xdebcadc11925eae6e6f32c76e5de9125b166acd1
0xb3927bf57b73a6da9ec8b723e69538a023b628a5,0.18110236220472442,7.917503215402608,22.621272765044402,79823676,711.574901778333,127,https://hashdive.com/Analyze_User?user_address=0xb3927bf57b73a6da9ec8b723e69538a023b628a5
0xbf064193a607841b23544f2ac13ed4cd504a1368,0.4,2.2843876445939957,22.615437681480557,79821879,462.12783529032697,10,https://hashdive.com/Analyze_User?user_address=0xbf064193a607841b23544f2ac13ed4cd504a1368
0x6dfacf845e2ab66a513faad16f33f2afd84f8ae5,0.4,2.2838374050750248,22.609990310242747,79821879,47.916194,10,https://hashdive.com/Analyze_User?user_address=0x6dfacf845e2ab66a513faad16f33f2afd84f8ae5
0x4974f105b3cd82d1ae41d952a620a08d4feedcf5,0.5263157894736842,2.894403574672198,22.6069866357321,79821879,266.00175900000005,19,https://hashdive.com/Analyze_User?user_address=0x4974f105b3cd82d1ae41d952a620a08d4feedcf5
0x88324015ef42d45914475ea3b481c47f4fc63668,0.6666666666666666,2.2832811209310186,22.604483097217084,79821879,51.366893000000005,6,https://hashdive.com/Analyze_User?user_address=0x88324015ef42d45914475ea3b481c47f4fc63668
0xa877b2046f0a489b450f3aebbe3911730524f204,0.5178571428571429,5.154935989218123,22.600993754096173,79821879,11231.147662329131,168,https://hashdive.com/Analyze_User?user_address=0xa877b2046f0a489b450f3aebbe3911730524f204
0x6374c9fe22a9d1f71268b8dbdac5cdb746b6101f,0.5,2.2828680671129873,22.600393864418574,79829078,359.54897079669604,8,https://hashdive.com/Analyze_User?user_address=0x6374c9fe22a9d1f71268b8dbdac5cdb746b6101f
0xdecc6bfa0303eb8e218fcb7c0b67e12902052bab,0.7096774193548387,4.939786176475524,22.593575394173392,79821879,2795.960647292447,31,https://hashdive.com/Analyze_User?user_address=0xdecc6bfa0303eb8e218fcb7c0b67e12902052bab
0x9675e7799daf80f4a455f6eff71d6eadcabb1bf1,0.1111111111111111,2.282021349120045,22.592011356288445,79821879,542.92646045578,9,https://hashdive.com/Analyze_User?user_address=0x9675e7799daf80f4a455f6eff71d6eadcabb1bf1
0xd1c9759ccccb137f0a86fd93d6bd97f13f06e57e,0.125,2.4033728966706702,22.590930380459714,79821879,40.014220580868994,8,https://hashdive.com/Analyze_User?user_address=0xd1c9759ccccb137f0a86fd93d6bd97f13f06e57e
0x062a9e807e2c64380d6935969780fef5b753c2a3,0.6842105263157895,3.346985115259783,22.590375874064872,79821879,30826.214444570003,19,https://hashdive.com/Analyze_User?user_address=0x062a9e807e2c64380d6935969780fef5b753c2a3
0xdda02f3b84a5cbaa6feaea36b735e2beed46a58a,0.4067796610169492,2.9133793209697476,22.588985051758705,79829078,989.364361961158,118,https://hashdive.com/Analyze_User?user_address=0xdda02f3b84a5cbaa6feaea36b735e2beed46a58a
0x167c92b09ba51ec1baeb224c017021a8caefef81,0.5,2.281283658524217,22.58470821938975,79821879,359.917358850174,6,https://hashdive.com/Analyze_User?user_address=0x167c92b09ba51ec1baeb224c017021a8caefef81
0x974f57dcf58234cf1adcbfb8aa8decbe153ab3cc,0.6363636363636364,2.9761872271854233,22.58444817901116,79821879,30.421728476864004,11,https://hashdive.com/Analyze_User?user_address=0x974f57dcf58234cf1adcbfb8aa8decbe153ab3cc
0x97740dfd79dfbc1ebe527c4b97007ffd2cbacca3,0.7142857142857143,2.2806766590761054,22.57869892485344,79821879,586.3245304578551,7,https://hashdive.com/Analyze_User?user_address=0x97740dfd79dfbc1ebe527c4b97007ffd2cbacca3
0xbf208074e9484935ec94c2b633dd756b6f3934c9,0.6086956521739131,4.225468552781896,22.57598053867463,79821879,379.69328235227397,23,https://hashdive.com/Analyze_User?user_address=0xbf208074e9484935ec94c2b633dd756b6f3934c9
0xad920d856dfa21fdb6e9a13c24a7212c838b5eb1,0.5,2.2799566760748142,22.571571093140662,79821879,1484.5227823005039,16,https://hashdive.com/Analyze_User?user_address=0xad920d856dfa21fdb6e9a13c24a7212c838b5eb1
0x546cad476314301c0bedb9a40ddc71d25de7d44b,0.3333333333333333,3.4733616763213684,22.568442459119062,79821879,18.469939723713004,18,https://hashdive.com/Analyze_User?user_address=0x546cad476314301c0bedb9a40ddc71d25de7d44b
0xd1a463f77d45ac8b8e3f8ee4eac0032638a683ce,0.41025641025641024,3.376255132836266,22.566236678225906,79821879,64627.97615537232,39,https://hashdive.com/Analyze_User?user_address=0xd1a463f77d45ac8b8e3f8ee4eac0032638a683ce
0x65e96fc7ee63d5a56901ccab08cca4fb98cdf464,0.46153846153846156,2.8159295881370716,22.563665789508434,79821879,1036.4769116327009,13,https://hashdive.com/Analyze_User?user_address=0x65e96fc7ee63d5a56901ccab08cca4fb98cdf464
0x77c085870d3016a62cd4a6256e7314b5f625c179,1.0,2.2790885468354554,22.562976613671005,79821879,38.0,6,https://hashdive.com/Analyze_User?user_address=0x77c085870d3016a62cd4a6256e7314b5f625c179
0x815a44c947fab0b146dc175faf7b5406c0e1fa3a,0.5833333333333334,7.155073389132505,22.562549391017725,79821879,1583.6823623384391,60,https://hashdive.com/Analyze_User?user_address=0x815a44c947fab0b146dc175faf7b5406c0e1fa3a
0x67cfa933c0a4be2479006f19c74e9acf703ae85f,0.8571428571428571,2.4749706146002604,22.55842228786709,79821879,2645.51,7,https://hashdive.com/Analyze_User?user_address=0x67cfa933c0a4be2479006f19c74e9acf703ae85f
0xf6c116008bcdcf861d763611ea2e34006037ffab,0.31746031746031744,2.855167409489679,22.55760860300624,79821879,1312.855531530014,63,https://hashdive.com/Analyze_User?user_address=0xf6c116008bcdcf861d763611ea2e34006037ffab
0x0b134abd9c0856758b53d59bed720b1c93725f08,0.75,4.356201743133255,22.549459905181607,79821879,31.985,20,https://hashdive.com/Analyze_User?user_address=0x0b134abd9c0856758b53d59bed720b1c93725f08
0x2d920e33ef377db63d43e7b5bd35fe63e3e537db,0.14285714285714285,2.2767985151162935,22.54030529965131,79821879,16.809158935141,7,https://hashdive.com/Analyze_User?user_address=0x2d920e33ef377db63d43e7b5bd35fe63e3e537db
0xb06d112e27b2c28ea694a1525af211e883037c03,0.8888888888888888,2.357667801374448,22.53207623642175,79823676,28343.0,9,https://hashdive.com/Analyze_User?user_address=0xb06d112e27b2c28ea694a1525af211e883037c03
0x318599e5a119417c253632ab1921b71053641c9c,0.1724137931034483,5.158860875107957,22.52577857730011,79821879,0.14625939889499992,29,https://hashdive.com/Analyze_User?user_address=0x318599e5a119417c253632ab1921b71053641c9c
0xc3af9ab36caa86125f6b73b6925d888ae6c8181c,0.4074074074074074,4.13184700946454,22.523192866951018,79821879,150.45035500000003,27,https://hashdive.com/Analyze_User?user_address=0xc3af9ab36caa86125f6b73b6925d888ae6c8181c
0xd682022f4aaa9046c7c7644bc63cf6e16a064250,0.8666666666666667,2.899863189322275,22.51930506457011,79821879,158.18588798968804,15,https://hashdive.com/Analyze_User?user_address=0xd682022f4aaa9046c7c7644bc63cf6e16a064250
0x11344683acb3e8c6bbbb9555d4f47834a645109a,0.2857142857142857,2.274608552254331,22.518624667317873,79830877,47.45908086770601,7,https://hashdive.com/Analyze_User?user_address=0x11344683acb3e8c6bbbb9555d4f47834a645109a
0xb4a22914d10bf353ba47cefee6624fd8070f2c29,0.45454545454545453,2.274356139916973,22.516125785178037,79821879,2164.985951137145,11,https://hashdive.com/Analyze_User?user_address=0xb4a22914d10bf353ba47cefee6624fd8070f2c29
0xefeac55b7b022836af17b76ab18fb192efc94681,0.4166666666666667,2.2735102171899952,22.507751150180955,79821879,70.65317399999999,12,https://hashdive.com/Analyze_User?user_address=0xefeac55b7b022836af17b76ab18fb192efc94681
0x20a876486d0a9615ac16c86201054d99f48eb172,0.5370370370370371,6.97242592836905,22.503527502197404,79821879,21.140087720404004,54,https://hashdive.com/Analyze_User?user_address=0x20a876486d0a9615ac16c86201054d99f48eb172
0xa13c6eb4af0f2d859bda741063f0a73352c272a4,0.3235294117647059,5.261767741884678,22.502659677688634,79821879,70.14068270475201,34,https://hashdive.com/Analyze_User?user_address=0xa13c6eb4af0f2d859bda741063f0a73352c272a4
0x62e530fce35eda9964471d2a560e38de4eb8404c,0.8888888888888888,2.9942293026096944,22.499396926109334,79821879,659.0,9,https://hashdive.com/Analyze_User?user_address=0x62e530fce35eda9964471d2a560e38de4eb8404c
0x7f4c625d543a3b17b799f7ff3f6e66e1456b9cb0,0.7,2.918360108072939,22.498683372671806,79821879,1332.1,10,https://hashdive.com/Analyze_User?user_address=0x7f4c625d543a3b17b799f7ff3f6e66e1456b9cb0
0xdcbdd0ae668af451b95cc0c5bf41f6ef24f6a974,0.7,2.2725694152633347,22.49843721110701,79821879,68.232642885122,10,https://hashdive.com/Analyze_User?user_address=0xdcbdd0ae668af451b95cc0c5bf41f6ef24f6a974
0x20923dd89a39dd49657097a9e154cc5b3c3ab6d8,0.6363636363636364,3.4234668237493477,22.491952667216182,79821879,23722.857874,22,https://hashdive.com/Analyze_User?user_address=0x20923dd89a39dd49657097a9e154cc5b3c3ab6d8
0x3bc4ac17992730a340a24cfcf1a79ae40ab07a1d,0.5869565217391305,6.378779871327245,22.489656714958993,79821879,1564.0,46,https://hashdive.com/Analyze_User?user_address=0x3bc4ac17992730a340a24cfcf1a79ae40ab07a1d
0xb73eb32c2a991cd823c4059aea56fa295e67d59e,0.5714285714285714,2.490625612865618,22.488028031427593,79821879,602.12023621738,14,https://hashdive.com/Analyze_User?user_address=0xb73eb32c2a991cd823c4059aea56fa295e67d59e
0xecd229d7db1454bcb3ae80d3d075322afaab440a,0.5555555555555556,6.094471556320855,22.486772495942656,79821879,1698.0,45,https://hashdive.com/Analyze_User?user_address=0xecd229d7db1454bcb3ae80d3d075322afaab440a
0xd132533fae4793686aa3dfbb1546b4fef437cafc,0.5555555555555556,2.2709795276109475,22.482697323348383,79821879,137.01671324440503,9,https://hashdive.com/Analyze_User?user_address=0xd132533fae4793686aa3dfbb1546b4fef437cafc
0x3cd9f4d744fba80e41666ed1d469787a330849f6,0.2222222222222222,2.2707678472139876,22.480601687418478,79821879,308.996521283251,9,https://hashdive.com/Analyze_User?user_address=0x3cd9f4d744fba80e41666ed1d469787a330849f6
0x435bf3feadf59f225c038bcecf18960b1373e065,0.15789473684210525,2.270618564115277,22.47912378474124,79821879,252.325972067444,19,https://hashdive.com/Analyze_User?user_address=0x435bf3feadf59f225c038bcecf18960b1373e065
0x4cdac20d4e2f69293320b9c341b8bfa2c7309f92,0.6666666666666666,2.3783909889664083,22.470002022211627,79821879,545.830376647336,6,https://hashdive.com/Analyze_User?user_address=0x4cdac20d4e2f69293320b9c341b8bfa2c7309f92
0x1aa4520f779ca033fb2b3f16eee53882bb532b34,0.6290322580645161,7.4300123897342445,22.467183830654754,79821879,1727.4000034177761,62,https://hashdive.com/Analyze_User?user_address=0x1aa4520f779ca033fb2b3f16eee53882bb532b34
0xc9162b53155e9605910d2cef3e2a82b059fd876a,0.7142857142857143,2.506828245656709,22.457555125821266,79821879,1772.001,7,https://hashdive.com/Analyze_User?user_address=0xc9162b53155e9605910d2cef3e2a82b059fd876a
0x4ac63e44e2db00c3e361039a3d5a9b726185878e,0.18072289156626506,3.7510632592841477,22.45372212980333,79821879,254.37851294993598,83,https://hashdive.com/Analyze_User?user_address=0x4ac63e44e2db00c3e361039a3d5a9b726185878e
0x037d337ffc571708f5740ff94911204ebe2b161b,0.4375,3.6439676757116155,22.453519435915247,79821879,3888.994990291808,32,https://hashdive.com/Analyze_User?user_address=0x037d337ffc571708f5740ff94911204ebe2b161b
0x66d8e936fc684296a875cdad34cdc8f0a8370186,0.5555555555555556,2.267674449930218,22.449977054309155,79821879,105.629368626288,9,https://hashdive.com/Analyze_User?user_address=0x66d8e936fc684296a875cdad34cdc8f0a8370186
0xd0ed69ce80e0afcdb941d12f624dae666dd8366e,0.36363636363636365,3.552561857261909,22.446160374988175,79821879,85.51552930780102,33,https://hashdive.com/Analyze_User?user_address=0xd0ed69ce80e0afcdb941d12f624dae666dd8366e
0x5a8a249d0d91d485f756b3c725e07c1dd314444d,0.6666666666666666,2.340111229199247,22.445544098581873,79821879,52.27444499999999,6,https://hashdive.com/Analyze_User?user_address=0x5a8a249d0d91d485f756b3c725e07c1dd314444d
0x292e0341a4cafc04f0ca1c945ae064b5fc06afad,0.625,7.289131731860915,22.444860209626057,79821879,1648.0000094492018,56,https://hashdive.com/Analyze_User?user_address=0x292e0341a4cafc04f0ca1c945ae064b5fc06afad
0x14d9a5c58748a078e291190003bf620744ab926c,0.7419354838709677,3.7762964879205767,22.44420927722066,79821879,73.740174,31,https://hashdive.com/Analyze_User?user_address=0x14d9a5c58748a078e291190003bf620744ab926c
0xec4e9362ad0d68c2a8b19d9f7eff3de2710ca44f,0.53125,3.844143264936091,22.44213664362285,79821879,1147.0703547337882,32,https://hashdive.com/Analyze_User?user_address=0xec4e9362ad0d68c2a8b19d9f7eff3de2710ca44f
0xcde9b5ff5950f92699509f1893380e1d40df6542,0.45454545454545453,2.651012663264985,22.440708491820438,79821879,190.392917469766,11,https://hashdive.com/Analyze_User?user_address=0xcde9b5ff5950f92699509f1893380e1d40df6542
0xc476859e08b7f6ffcbfa9042e0da1a80b4daca56,0.7142857142857143,3.0607094557223506,22.436836823493707,79821879,72.558220675581,14,https://hashdive.com/Analyze_User?user_address=0xc476859e08b7f6ffcbfa9042e0da1a80b4daca56
0x47bf08bb8bc68e7c73152500f6c1b6b7ae66185d,0.5833333333333334,2.4716061929290567,22.432488470329513,79821879,856.6827059615919,12,https://hashdive.com/Analyze_User?user_address=0x47bf08bb8bc68e7c73152500f6c1b6b7ae66185d
0xc483ee2ce773ae281131382ecc6285c968b88ac8,0.48148148148148145,4.604592940091627,22.4310005615653,79821879,14214.635877094634,54,https://hashdive.com/Analyze_User?user_address=0xc483ee2ce773ae281131382ecc6285c968b88ac8
0xb177741fac655e66fcb0f352c7c2696c1464ac08,0.4074074074074074,2.265730394062428,22.430730901218038,79821879,2245.815121854362,27,https://hashdive.com/Analyze_User?user_address=0xb177741fac655e66fcb0f352c7c2696c1464ac08
0x4d2f5a735d6ced7361d0e70f1403bec8ec70e4f8,0.2,2.4532133575151662,22.42787569190004,79821879,39.74996531984,20,https://hashdive.com/Analyze_User?user_address=0x4d2f5a735d6ced7361d0e70f1403bec8ec70e4f8
0xf54622839f09747dcf201019fc377b4eb67f1254,0.35714285714285715,2.2651196793948034,22.424684826008555,79821879,2027.4322225138148,14,https://hashdive.com/Analyze_User?user_address=0xf54622839f09747dcf201019fc377b4eb67f1254
0xee697699d54991f55398df1ed0482d72b6889016,0.45714285714285713,9.455393264072962,22.424050411060076,79821879,26.83412897349101,105,https://hashdive.com/Analyze_User?user_address=0xee697699d54991f55398df1ed0482d72b6889016
0xf79294b567bbc63f61948a869f180348ce54f4bb,1.0,2.2644161724334015,22.417720107090673,79821879,7206.17777401134,8,https://hashdive.com/Analyze_User?user_address=0xf79294b567bbc63f61948a869f180348ce54f4bb
0xf2a23a2881ee5b3dbdcfc43bfecf7459c6108acd,0.65,3.848426392866097,22.417133236187095,79821879,96.76507300000003,20,https://hashdive.com/Analyze_User?user_address=0xf2a23a2881ee5b3dbdcfc43bfecf7459c6108acd
0x5afdc3662d84189688b789a00fe295a81c3b7e8d,0.2972972972972973,2.776109580586935,22.414907861623217,79821879,92813.80929580572,37,https://hashdive.com/Analyze_User?user_address=0x5afdc3662d84189688b789a00fe295a81c3b7e8d
0x43e771fe20103ba691ae780c32f732713d29d58b,0.2857142857142857,2.2640686012810964,22.414279152682855,79821879,23.309696697551004,7,https://hashdive.com/Analyze_User?user_address=0x43e771fe20103ba691ae780c32f732713d29d58b
0xb68ef28384846cb81e5cfc8915ea67b1e45a8607,0.6538461538461539,4.06506245849229,22.41342349431042,79821879,818.4534208322648,26,https://hashdive.com/Analyze_User?user_address=0xb68ef28384846cb81e5cfc8915ea67b1e45a8607
0x583278d885a6df2e019269239edb084e4cdd6f77,0.8333333333333334,3.4256787180010146,22.412944325149745,79821879,719.2964509999999,12,https://hashdive.com/Analyze_User?user_address=0x583278d885a6df2e019269239edb084e4cdd6f77
0xb94a181c271e81393a9923e0b19577a5823b5cf1,0.6456692913385826,9.667345030772317,22.409314599988992,79821879,8001.418294000003,127,https://hashdive.com/Analyze_User?user_address=0xb94a181c271e81393a9923e0b19577a5823b5cf1
0xa269b9963d939a91baf778ff64954aa4fe94ddc9,0.11764705882352941,3.8841826417672065,22.409183817066744,79821879,166.36177615608293,34,https://hashdive.com/Analyze_User?user_address=0xa269b9963d939a91baf778ff64954aa4fe94ddc9
0x4ed87a82fb6e572e47f739e1e186b0d9d29e9e4d,0.5,2.83958774634387,22.406551777812975,79821879,3535.92,14,https://hashdive.com/Analyze_User?user_address=0x4ed87a82fb6e572e47f739e1e186b0d9d29e9e4d
0x107d01ebdf0b08d130c7fbe588cf75cfc1f74eea,0.5714285714285714,2.2632809893524746,22.406481794589496,79821879,81.61686245571299,7,https://hashdive.com/Analyze_User?user_address=0x107d01ebdf0b08d130c7fbe588cf75cfc1f74eea
0x255c5785d7a46a3e412daff3b3bb3ed0b278f062,0.375,2.2632509676311248,22.406184579548135,79821879,1121.0540518120931,8,https://hashdive.com/Analyze_User?user_address=0x255c5785d7a46a3e412daff3b3bb3ed0b278f062
0xc5cdfbbf9744c3c17eb8c84b98e282b745b29cf5,0.5714285714285714,2.7071369224869417,22.40291489864712,79821879,7959.703778833122,14,https://hashdive.com/Analyze_User?user_address=0xc5cdfbbf9744c3c17eb8c84b98e282b745b29cf5
0xf32898291d309e3c5e499c85ddd03a13268c219c,0.6666666666666666,2.2617707906590003,22.3915308275241,79823676,96112.05721163415,12,https://hashdive.com/Analyze_User?user_address=0xf32898291d309e3c5e499c85ddd03a13268c219c
0xc173d6224c915b7e042a891aa5a68dd6d87e20f5,0.4375,2.2616911537453688,22.39074242207915,79827278,2392.589302845589,32,https://hashdive.com/Analyze_User?user_address=0xc173d6224c915b7e042a891aa5a68dd6d87e20f5
0xc4977d33f73b6ae623dbb140c5053d90e78662af,0.8333333333333334,3.1900465870466426,22.383213817526197,79821879,67.541475,12,https://hashdive.com/Analyze_User?user_address=0xc4977d33f73b6ae623dbb140c5053d90e78662af
0xf362e5aa7b37e797d406dd960c1ba8778d9c3135,0.16666666666666666,2.4494897425725046,22.380685681655116,79821879,5.482027393599,6,https://hashdive.com/Analyze_User?user_address=0xf362e5aa7b37e797d406dd960c1ba8778d9c3135
0xb3d5af7c94be2b8988d802124ceca932e5a33df2,0.6923076923076923,3.217651435860325,22.377356472444554,79827278,4352.077993,13,https://hashdive.com/Analyze_User?user_address=0xb3d5af7c94be2b8988d802124ceca932e5a33df2
0x681434fb707eb2cdaafc59dc0fd9ca93585c5e53,0.23684210526315788,5.289450195350854,22.374740966322907,79821879,74.21309029722299,38,https://hashdive.com/Analyze_User?user_address=0x681434fb707eb2cdaafc59dc0fd9ca93585c5e53
0xa62fe45f5ae3947702b296fdd1ed78fc5dfe413e,0.5714285714285714,4.799029919560585,22.369981358955215,79821879,676.784890403589,42,https://hashdive.com/Analyze_User?user_address=0xa62fe45f5ae3947702b296fdd1ed78fc5dfe413e
0x9937fa1ee591ad0561eab6914531f389717fe4de,0.5,2.2595870761771053,22.369912054153342,79821879,108.16820768770299,10,https://hashdive.com/Analyze_User?user_address=0x9937fa1ee591ad0561eab6914531f389717fe4de
0xb59515051acdc23c06bc88cb83243993b7aeba71,0.3333333333333333,2.259577132936695,22.36981361607328,79821879,37.81722127965201,9,https://hashdive.com/Analyze_User?user_address=0xb59515051acdc23c06bc88cb83243993b7aeba71
0xcbb5e4b1a4c5d67f4264f67b2792db74265b69de,0.4375,2.860038371426012,22.362219401868945,79821879,990.8874323726232,32,https://hashdive.com/Analyze_User?user_address=0xcbb5e4b1a4c5d67f4264f67b2792db74265b69de
0x9b40576077dfb8b93b40083e43b4332ca4ed646e,0.65,3.8818652816789028,22.3563606795331,79821879,98.551052,20,https://hashdive.com/Analyze_User?user_address=0x9b40576077dfb8b93b40083e43b4332ca4ed646e
0xc2a6263bda5b5e689f8d4fc360172e6a573d946b,0.36363636363636365,2.2575631144510893,22.349874833065783,79821879,63.476477999999986,11,https://hashdive.com/Analyze_User?user_address=0xc2a6263bda5b5e689f8d4fc360172e6a573d946b
0x26979cf1188987ec9147c68b89e66099d1abea78,0.5583333333333333,5.363693298015492,22.343557434402154,79821879,181.176935535332,120,https://hashdive.com/Analyze_User?user_address=0x26979cf1188987ec9147c68b89e66099d1abea78
0x59948fe88b1d6128697dc194b810941c586be5c0,0.8333333333333334,2.256760961999671,22.34193352379674,79821879,1695.701230005758,6,https://hashdive.com/Analyze_User?user_address=0x59948fe88b1d6128697dc194b810941c586be5c0
0x0f6e26ff7f1c2e9f2dde4fc5e6470562e76443a9,0.020902612826603325,10.0,22.34162030204626,79830877,235.11154012099928,2105,https://hashdive.com/Analyze_User?user_address=0x0f6e26ff7f1c2e9f2dde4fc5e6470562e76443a9
0xaafe1202c05d703ad6dd2e5d99336d21a795309a,0.5263157894736842,3.8918063613606777,22.33855022223432,79821879,108.719193587842,19,https://hashdive.com/Analyze_User?user_address=0xaafe1202c05d703ad6dd2e5d99336d21a795309a
0x649f5d754cb99245901014ea83de18d2b4d65b02,0.6363636363636364,7.21104651817465,22.33536743930005,79821879,1608.470595953505,55,https://hashdive.com/Analyze_User?user_address=0x649f5d754cb99245901014ea83de18d2b4d65b02
0x953385e882f328246f8dc797267fbe12a3e76d5f,0.6226415094339622,7.160907458959049,22.332466371246223,79821879,1569.000003009023,53,https://hashdive.com/Analyze_User?user_address=0x953385e882f328246f8dc797267fbe12a3e76d5f
0x9c2ea3cd3048522881b89cf361637d0f57476145,0.7368421052631579,3.3546516993100925,22.32878763066921,79821879,84.828088151183,19,https://hashdive.com/Analyze_User?user_address=0x9c2ea3cd3048522881b89cf361637d0f57476145
0x6890508bce336f837025ce77a442d79f0383de03,0.2894736842105263,5.9395155364851355,22.30613181711247,79821879,0.15768074132799986,38,https://hashdive.com/Analyze_User?user_address=0x6890508bce336f837025ce77a442d79f0383de03
0xea6b5959ec368cdb69bae290b03e81f12e795512,0.3333333333333333,2.2528844913176194,22.303556464044433,79821879,721.975281427244,6,https://hashdive.com/Analyze_User?user_address=0xea6b5959ec368cdb69bae290b03e81f12e795512
0x57c6817ebf3f8b5813df7c2e1acf9a2ef9fb4d3f,0.3,2.2526622040424136,22.301355820019893,79821879,3969.225547653287,10,https://hashdive.com/Analyze_User?user_address=0x57c6817ebf3f8b5813df7c2e1acf9a2ef9fb4d3f
0x10f1f7294045fd26bb06c7dd91c72b8395220f22,0.8333333333333334,2.252650903561847,22.301243945262286,79821879,66.054510806152,6,https://hashdive.com/Analyze_User?user_address=0x10f1f7294045fd26bb06c7dd91c72b8395220f22
0xed57bb07f0201d6b1dba8890451e91f51807e0a0,0.4896551724137931,7.868898981376148,22.29933689376301,79821879,574.4204046440657,145,https://hashdive.com/Analyze_User?user_address=0xed57bb07f0201d6b1dba8890451e91f51807e0a0
0xa58f1f94196bf74a222ab339c1bb74685d60e669,0.5964912280701754,7.222263905488289,22.296740691145885,79821879,1538.486805267064,57,https://hashdive.com/Analyze_User?user_address=0xa58f1f94196bf74a222ab339c1bb74685d60e669
0x6808cf37ba582a27d4ed6c9908b784c125a6dace,0.5,2.6215894621875355,22.293918676871115,79821879,48.91738694233599,10,https://hashdive.com/Analyze_User?user_address=0x6808cf37ba582a27d4ed6c9908b784c125a6dace
0xcc1dbc0b3c340329d1a93bf057c045e252764036,0.23076923076923078,2.4756986132825265,22.293296211377328,79823676,131.676576,13,https://hashdive.com/Analyze_User?user_address=0xcc1dbc0b3c340329d1a93bf057c045e252764036
0xc23f35fa870881750a26a43336b25a4d2ba5d4a1,0.8571428571428571,2.3248056042154674,22.29100764339947,79821879,3796.5,7,https://hashdive.com/Analyze_User?user_address=0xc23f35fa870881750a26a43336b25a4d2ba5d4a1
0xb85cb3d64ed12d73728bcf58cc5c29b4b15d988e,1.0,2.251436323159369,22.28921959927775,79821879,105.0,6,https://hashdive.com/Analyze_User?user_address=0xb85cb3d64ed12d73728bcf58cc5c29b4b15d988e
0xa13889463f1d5ceb46b18231bf9ddca304a92420,0.4444444444444444,2.251435189928947,22.28920838029658,79821879,102.52686373800101,9,https://hashdive.com/Analyze_User?user_address=0xa13889463f1d5ceb46b18231bf9ddca304a92420
0x657208738a09ae2b21fcb67d55546571427f451d,0.75,2.2509905015246363,22.284805965093902,79821879,33.54706,8,https://hashdive.com/Analyze_User?user_address=0x657208738a09ae2b21fcb67d55546571427f451d
0xda30a631e2b18fba106be3343875cb8150ebc4ae,0.75,2.8284271245985986,22.283456140350324,79821879,6.302673389274,8,https://hashdive.com/Analyze_User?user_address=0xda30a631e2b18fba106be3343875cb8150ebc4ae
0x0bf7f4ca8c53ba911d401a3d2801668cb6693b48,0.16666666666666666,2.250768340249841,22.282606568473426,79821879,657.376803123286,6,https://hashdive.com/Analyze_User?user_address=0x0bf7f4ca8c53ba911d401a3d2801668cb6693b48
0x8f16ff3497a3e137726da0312530f4b3c2a2ddfd,0.7307692307692307,4.830987969304301,22.282437190189196,79821879,2660.9262,26,https://hashdive.com/Analyze_User?user_address=0x8f16ff3497a3e137726da0312530f4b3c2a2ddfd
0x3b3ac6a08decab1ae5db1a98a4a287d4d8033a58,0.5,2.2505617600826757,22.28056142481849,79821879,40.01017733399,6,https://hashdive.com/Analyze_User?user_address=0x3b3ac6a08decab1ae5db1a98a4a287d4d8033a58
0x1cdb3d9d91c32bfc5b466767c7a86b4bed12168d,0.5555555555555556,3.551356269037841,22.280432115657103,79821879,139.84222251486904,18,https://hashdive.com/Analyze_User?user_address=0x1cdb3d9d91c32bfc5b466767c7a86b4bed12168d
0xcfb988e7b7accbd0028f8c5ada169df67fbd043b,0.65,3.7739773117910196,22.277208852314274,79821879,110.223801,20,https://hashdive.com/Analyze_User?user_address=0xcfb988e7b7accbd0028f8c5ada169df67fbd043b
0xe43415b65bd0cf9c1c4b1d60946cf48f5172e4e6,0.3103448275862069,2.2499622587396884,22.274626361522913,79821879,696.022090896849,29,https://hashdive.com/Analyze_User?user_address=0xe43415b65bd0cf9c1c4b1d60946cf48f5172e4e6
0x89fa573a1a67f8b267a8cab79124892e718bc705,0.375,2.2498698057582076,22.273711077006254,79821879,323.562208323049,8,https://hashdive.com/Analyze_User?user_address=0x89fa573a1a67f8b267a8cab79124892e718bc705
0x8abb9b18be7237f1d52a015d6f557fc68c8faac3,0.64,6.193692456638457,22.268461601074172,79821879,118.674622747718,50,https://hashdive.com/Analyze_User?user_address=0x8abb9b18be7237f1d52a015d6f557fc68c8faac3
0xe778736863ebed6573211631f73b5b4812f0d11d,0.5,2.2492778956277104,22.267851166714333,79821879,1766.2202148305869,8,https://hashdive.com/Analyze_User?user_address=0xe778736863ebed6573211631f73b5b4812f0d11d
0xd5fecad4d7d95d8cf7d1859c18d009e7a3da9118,0.7272727272727273,4.246460948168259,22.260889597609747,79821879,2567.42,22,https://hashdive.com/Analyze_User?user_address=0xd5fecad4d7d95d8cf7d1859c18d009e7a3da9118
0x20bd16b2a452f8916b388a7eb5bb29d161c75e6a,0.3333333333333333,2.2484749725009556,22.25990222775946,79821879,127.345510209144,6,https://hashdive.com/Analyze_User?user_address=0x20bd16b2a452f8916b388a7eb5bb29d161c75e6a
0x48e1350ad19fbdc8ca9a813a8fa3fc17e80b5127,0.8333333333333334,2.2481820799042938,22.257002591052508,79821879,2924.3198424808093,6,https://hashdive.com/Analyze_User?user_address=0x48e1350ad19fbdc8ca9a813a8fa3fc17e80b5127
0x169baaaaf26916cb1616a82ec9dd9eb574432a75,0.6451612903225806,3.3344470172305,22.25393371497701,79821879,3.6879202006550003,31,https://hashdive.com/Analyze_User?user_address=0x169baaaaf26916cb1616a82ec9dd9eb574432a75
0xbae65e95013fb66918943ad13a7d06f10fb7de10,0.15384615384615385,2.2478195459717996,22.253413505120815,79821879,227.03783561969703,13,https://hashdive.com/Analyze_User?user_address=0xbae65e95013fb66918943ad13a7d06f10fb7de10
0xe965bb56ab8182bd9c90897c24d0c41e86036559,0.6124401913875598,7.391109627441217,22.248823582451575,79821879,151155.51696466637,209,https://hashdive.com/Analyze_User?user_address=0xe965bb56ab8182bd9c90897c24d0c41e86036559
0xeb0c4b6eaefbe1b8a6b5fe51b035f8b6ceb295da,0.6571428571428571,4.974685163046735,22.24662294038164,79821879,2630.6787116525784,35,https://hashdive.com/Analyze_User?user_address=0xeb0c4b6eaefbe1b8a6b5fe51b035f8b6ceb295da
0x88eb8efebbcf3bdf4d90cb5d671b6333fff53fd8,0.8333333333333334,5.444433904423941,22.246018357058844,79821879,58.363518,42,https://hashdive.com/Analyze_User?user_address=0x88eb8efebbcf3bdf4d90cb5d671b6333fff53fd8
0xbd6f51ec1ed3f75950bf5ea5db16cced2618e87f,0.5384615384615384,2.84671018099351,22.242816611930813,79821879,74.48602488615198,13,https://hashdive.com/Analyze_User?user_address=0xbd6f51ec1ed3f75950bf5ea5db16cced2618e87f
0xb17dd8f8bcb06d7478a026c8e730f615513fc8dd,0.4,2.3849846201706195,22.240012277702622,79821879,21.447419776346994,10,https://hashdive.com/Analyze_User?user_address=0xb17dd8f8bcb06d7478a026c8e730f615513fc8dd
0x2ff7b87feafb4fb5eebf7e689e8856d6f89b1c78,0.625,3.418212690859667,22.23106758116781,79821879,89.393363911959,16,https://hashdive.com/Analyze_User?user_address=0x2ff7b87feafb4fb5eebf7e689e8856d6f89b1c78
0x2e65c00a104baf5a8fe3a4f91bd85fee58cd77e1,0.4583333333333333,2.7371860315369116,22.228650414897402,79821879,1592.1922185072137,24,https://hashdive.com/Analyze_User?user_address=0x2e65c00a104baf5a8fe3a4f91bd85fee58cd77e1
0xd5a80b133494fb032fee2f9c76b9d6e33eac4613,1.0,2.245312601826178,22.22859475807916,79821879,697.5058459129689,7,https://hashdive.com/Analyze_User?user_address=0xd5a80b133494fb032fee2f9c76b9d6e33eac4613
0x1ae00ea7dd986f5ae2826ea389c097c22a087ab7,0.16666666666666666,3.346284935006859,22.22841875526408,79821879,1047.263629673412,72,https://hashdive.com/Analyze_User?user_address=0x1ae00ea7dd986f5ae2826ea389c097c22a087ab7
0x1fb6e0e7a18f886fe9eeefea311d2a61c39a56d3,0.5714285714285714,2.2449938467684745,22.225439083007895,79821879,454.75391189672706,7,https://hashdive.com/Analyze_User?user_address=0x1fb6e0e7a18f886fe9eeefea311d2a61c39a56d3
0x04f61557968ad6e03caa080bab4d76b335c1512e,0.9,2.2449725520162227,22.225228264960606,79821879,16710.63,10,https://hashdive.com/Analyze_User?user_address=0x04f61557968ad6e03caa080bab4d76b335c1512e
0xe0891d1e4d61cd98b53535a6cfcf828c93dc586e,0.125,2.828427124722663,22.22367004685973,79821879,6.285764090020999,8,https://hashdive.com/Analyze_User?user_address=0xe0891d1e4d61cd98b53535a6cfcf828c93dc586e
0xebd832c5e6f9429231d73f621919d813401977f1,0.875,2.8284271247461903,22.223355980148636,79821879,30.799999999999997,8,https://hashdive.com/Analyze_User?user_address=0xebd832c5e6f9429231d73f621919d813401977f1
0x57669a91d59d319cb08b377488debb00aa783c08,0.6666666666666666,2.777425157232407,22.218838640197514,79821879,294.142598,9,https://hashdive.com/Analyze_User?user_address=0x57669a91d59d319cb08b377488debb00aa783c08
0x8b31a74911660ea2fe5ec0b18a07fb2f81914595,0.8333333333333334,2.24430549782492,22.21862442846671,79821879,156.820935,6,https://hashdive.com/Analyze_User?user_address=0x8b31a74911660ea2fe5ec0b18a07fb2f81914595
0x315717ad54b20fb7950124c4ec592dce6abc4660,0.625,2.244186215888601,22.217443537297147,79821879,1036.19873973289,8,https://hashdive.com/Analyze_User?user_address=0x315717ad54b20fb7950124c4ec592dce6abc4660
0x0ad37e4e19c4883ffbab2cba9ba96dda445b0f01,0.5555555555555556,2.507438786481973,22.213421542270556,79821879,1963.1494670000002,9,https://hashdive.com/Analyze_User?user_address=0x0ad37e4e19c4883ffbab2cba9ba96dda445b0f01
0x0691dfc4a112bee8cedf07df5ed65c3795c22814,0.5454545454545454,2.2436767388885004,22.212399714996153,79821879,11680.51273295,11,https://hashdive.com/Analyze_User?user_address=0x0691dfc4a112bee8cedf07df5ed65c3795c22814
0x106870d78bc83ba77ef6a4a85b741b25925b508f,0.5,7.011786101103348,22.20906291421388,79821879,775.9130326667093,70,https://hashdive.com/Analyze_User?user_address=0x106870d78bc83ba77ef6a4a85b741b25925b508f
0x81c4ec6b6ebe13e78112603b9ca84d26951e9afe,0.25925925925925924,3.942524480131933,22.208174575608915,79821879,160.23063653027702,27,https://hashdive.com/Analyze_User?user_address=0x81c4ec6b6ebe13e78112603b9ca84d26951e9afe
0x04190d50316e96468eecb2cb7b018ac941b4a533,0.5,2.2432156833073273,22.20783526474254,79821879,318.6287627128829,12,https://hashdive.com/Analyze_User?user_address=0x04190d50316e96468eecb2cb7b018ac941b4a533
0x7ad6be35b110e29b73aa3beb3bb3421f291b0f72,0.6538461538461539,7.112524408839319,22.207766293905866,79821879,1618.0,52,https://hashdive.com/Analyze_User?user_address=0x7ad6be35b110e29b73aa3beb3bb3421f291b0f72
0xa97e3b7ab28e75762daad203ae69b84e026d7753,0.6666666666666666,3.9922063293739893,22.20013737489507,79830877,387.13630599999993,24,https://hashdive.com/Analyze_User?user_address=0xa97e3b7ab28e75762daad203ae69b84e026d7753
0xad42a8d716b3cf8027a0239a4ba4abec0b941a79,0.5508982035928144,2.7814997561468617,22.199945190189567,79821879,3987.533794179304,334,https://hashdive.com/Analyze_User?user_address=0xad42a8d716b3cf8027a0239a4ba4abec0b941a79
0xabc7b1f334762aa649220984c86bb9bf48f6d019,0.5714285714285714,2.2422261145974254,22.19803853451451,79821879,391.079559270795,7,https://hashdive.com/Analyze_User?user_address=0xabc7b1f334762aa649220984c86bb9bf48f6d019
0xc5fe0c7b9dfeb9329ea86c70343c4d332995d475,0.6666666666666666,2.241845029447637,22.194265791531606,79821879,9566.4089649662,6,https://hashdive.com/Analyze_User?user_address=0xc5fe0c7b9dfeb9329ea86c70343c4d332995d475
0x87ea1303db2f17eb0a0678b5d37f2b3070096cb2,0.16666666666666666,2.241758381120589,22.193407973093827,79821879,38.11268313,6,https://hashdive.com/Analyze_User?user_address=0x87ea1303db2f17eb0a0678b5d37f2b3070096cb2
0xabe904f43d6f6e5e219c6c12ba4e0d41487e4424,0.29411764705882354,3.192806350384247,22.18581642305314,79821879,1358.9593843831963,34,https://hashdive.com/Analyze_User?user_address=0xabe904f43d6f6e5e219c6c12ba4e0d41487e4424
0xe31e84211cb3ab8d46c189f4a1bc2f4ed0b613e7,0.2,2.2409882815635567,22.185783987479212,79821879,208.59470765605997,25,https://hashdive.com/Analyze_User?user_address=0xe31e84211cb3ab8d46c189f4a1bc2f4ed0b613e7
0x464187deef0ccd9a5a3ca28616fa0686942a5ee7,0.676056338028169,7.75046638751623,22.185616245241746,79821879,86.20649600000002,71,https://hashdive.com/Analyze_User?user_address=0x464187deef0ccd9a5a3ca28616fa0686942a5ee7
0xb7b614ec6f9577e576dd66f05741df7d242fca43,0.75,2.462490628622541,22.18527070452692,79821879,366.665688,8,https://hashdive.com/Analyze_User?user_address=0xb7b614ec6f9577e576dd66f05741df7d242fca43
0x5c27ea7122ff4738a1e0ee2e5535f78caf5aae2b,0.65,3.8418093325310725,22.18292396094529,79821879,106.453833,20,https://hashdive.com/Analyze_User?user_address=0x5c27ea7122ff4738a1e0ee2e5535f78caf5aae2b
0xdd815dd4cbcd3dc937456682038f7a979bbb25d3,0.2,3.249580838771857,22.17615867110525,79821879,13.225493678523002,30,https://hashdive.com/Analyze_User?user_address=0xdd815dd4cbcd3dc937456682038f7a979bbb25d3
0x3e7d1f113075836e957ecc06d18de7ba3d22eba9,0.16666666666666666,2.2392573347428226,22.168647613953944,79830877,270.674746992166,6,https://hashdive.com/Analyze_User?user_address=0x3e7d1f113075836e957ecc06d18de7ba3d22eba9
0x6fe672e9686e509e487be225297413d39f60a4a5,0.3333333333333333,2.2389596595496273,22.165700629541313,79821879,54.676432,12,https://hashdive.com/Analyze_User?user_address=0x6fe672e9686e509e487be225297413d39f60a4a5
0x5a7f8f48aea8a251d16a3b01966192ee2e294993,0.5714285714285714,2.64575131105724,22.164376051965927,79821879,5.864124602606,7,https://hashdive.com/Analyze_User?user_address=0x5a7f8f48aea8a251d16a3b01966192ee2e294993
0x855ffe8b8b629cd737a6b138f72bf6e61d89cfb0,0.21333333333333335,2.881175648191843,22.159474452107677,79821879,19016.173962115376,75,https://hashdive.com/Analyze_User?user_address=0x855ffe8b8b629cd737a6b138f72bf6e61d89cfb0
0x10adff84f791254e4aaae2a47cde332424051538,0.47058823529411764,4.600611323965864,22.158859272674224,79821879,825.2123448475681,34,https://hashdive.com/Analyze_User?user_address=0x10adff84f791254e4aaae2a47cde332424051538
0x39eb6339f33c259afd2fddc5e6d5359b6a3bd90b,0.25,2.238111062413987,22.15729951789847,79821879,1944.689599497707,8,https://hashdive.com/Analyze_User?user_address=0x39eb6339f33c259afd2fddc5e6d5359b6a3bd90b
0x713460bf5a907b6ab89a454971edea4241d0c094,1.0,2.2379320617933764,22.155527411754427,79821879,1149.735528,6,https://hashdive.com/Analyze_User?user_address=0x713460bf5a907b6ab89a454971edea4241d0c094
0x79aaafc68d1a068670542e18817dfd5a46a292cb,0.7142857142857143,2.2375799848127795,22.152041849646515,79821879,4493.00653856,7,https://hashdive.com/Analyze_User?user_address=0x79aaafc68d1a068670542e18817dfd5a46a292cb
0x2bef4e95e90ecb9a10ca2456432af923e5ddbf3e,0.41379310344827586,3.4828552911505217,22.146313123159302,79821879,379.482412319318,29,https://hashdive.com/Analyze_User?user_address=0x2bef4e95e90ecb9a10ca2456432af923e5ddbf3e
0x26232e185266227752eebfcad7c42e1b179d3cd2,0.1875,3.3692842871615123,22.14583777064355,79821879,54.34274850633398,32,https://hashdive.com/Analyze_User?user_address=0x26232e185266227752eebfcad7c42e1b179d3cd2
0x01df6b01085a31cfb9b1fa77b696f80e0bfee642,0.75,4.3688381739780064,22.14417788141776,79821879,45.11112,20,https://hashdive.com/Analyze_User?user_address=0x01df6b01085a31cfb9b1fa77b696f80e0bfee642
0x91ae6f18b17ea6d71843b5453551d95df4def715,0.75,2.2367820339945643,22.144142136546186,79821879,504.89909482898,8,https://hashdive.com/Analyze_User?user_address=0x91ae6f18b17ea6d71843b5453551d95df4def715
0x04f10e5e538b42525d25d6b945b64d139d70b550,0.13333333333333333,2.23656023882223,22.14194636434008,79821879,2177.759362886765,30,https://hashdive.com/Analyze_User?user_address=0x04f10e5e538b42525d25d6b945b64d139d70b550
0xbbe003a8e651eea0e631c6e8a6e20ace244c2576,0.2835820895522388,6.140102853921627,22.14036603105174,79821879,3880.354932410097,134,https://hashdive.com/Analyze_User?user_address=0xbbe003a8e651eea0e631c6e8a6e20ace244c2576
0x8e5be3aad9c9df23cb9a81ea5d0b616cd39397d8,0.12,3.7133300981194566,22.138892474033995,79821879,61.108366898701,25,https://hashdive.com/Analyze_User?user_address=0x8e5be3aad9c9df23cb9a81ea5d0b616cd39397d8
0x9bb40a5dcb606dda26a9bba2179b14b5d1d8e44c,0.6538461538461539,4.6057471497857705,22.138634977203246,79821879,220.898264511292,26,https://hashdive.com/Analyze_User?user_address=0x9bb40a5dcb606dda26a9bba2179b14b5d1d8e44c
0x5778d5b79a5fb0e525dc40f7b904780e1b9a4980,1.0,2.23606797749979,22.137072977247918,79821879,25.5,5,https://hashdive.com/Analyze_User?user_address=0x5778d5b79a5fb0e525dc40f7b904780e1b9a4980
0x2518fab4fe8b5a618322a5bf403d315a98334aaf,0.8,2.236067977497793,22.13707297722815,79821879,39.329779189522,5,https://hashdive.com/Analyze_User?user_address=0x2518fab4fe8b5a618322a5bf403d315a98334aaf
0xa945a37ecfcdd8ea38c327eabe7b92a6fd5e6aa1,0.6,2.236067977497774,22.137072977227966,79821879,5.950793037832,5,https://hashdive.com/Analyze_User?user_address=0xa945a37ecfcdd8ea38c327eabe7b92a6fd5e6aa1
0xa38497fab1332ec4f92b05730409e9e8efce210a,1.0,2.2360679774961576,22.13707297721196,79821879,5.254956732944,5,https://hashdive.com/Analyze_User?user_address=0xa38497fab1332ec4f92b05730409e9e8efce210a
0x04bce5d386a522d8342b97405257d7243d5e4c00,0.8,2.2360679774954266,22.13707297720472,79821879,5.683085999999999,5,https://hashdive.com/Analyze_User?user_address=0x04bce5d386a522d8342b97405257d7243d5e4c00
0x31d96582acb99a9764f048f6e75db246051ed413,0.4,2.2360679774887515,22.13707297713864,79821879,7.143953986664,5,https://hashdive.com/Analyze_User?user_address=0x31d96582acb99a9764f048f6e75db246051ed413
0x2b0c1dc7efa8186f2b6bb2516a039c2418cd9d36,0.2,2.2360679774793133,22.1370729770452,79821879,5.744501996002999,5,https://hashdive.com/Analyze_User?user_address=0x2b0c1dc7efa8186f2b6bb2516a039c2418cd9d36
0x6c1e90d83677d9352746a8bc087c6c53b6c25c16,0.4,2.2360679774735015,22.137072976987664,79821879,11.137595202376001,5,https://hashdive.com/Analyze_User?user_address=0x6c1e90d83677d9352746a8bc087c6c53b6c25c16
0xc603d95822cae041f4baf52765626364c2268328,0.4,2.2360679773760523,22.13707297602292,79821879,5.869714183315999,5,https://hashdive.com/Analyze_User?user_address=0xc603d95822cae041f4baf52765626364c2268328
0xeb3e3192d9ed68138837e8e7abec311379e60456,0.2,2.2360679770315333,22.137072972612177,79821879,66.428647006,5,https://hashdive.com/Analyze_User?user_address=0xeb3e3192d9ed68138837e8e7abec311379e60456
0x1194f3f19672b82607f82e43d95cffe8e3300f61,0.6,2.2360679746802594,22.137072949334566,79821879,0.11347905003700001,5,https://hashdive.com/Analyze_User?user_address=0x1194f3f19672b82607f82e43d95cffe8e3300f61
0x7667722e125a4c16f8187cefe2eed22894359850,1.0,2.236067820412402,22.13707142208278,79821879,25.49219802,5,https://hashdive.com/Analyze_User?user_address=0x7667722e125a4c16f8187cefe2eed22894359850
0x7aa42d776a53997b5ea62f8f848c0b3f58069671,1.0,2.2360678016830327,22.137071236662024,79821879,0.05997304539,5,https://hashdive.com/Analyze_User?user_address=0x7aa42d776a53997b5ea62f8f848c0b3f58069671
0x46452cf69387e93a6d816f6698f9349a1b2c7cdd,0.42857142857142855,4.802166122317341,22.132232465934596,79821879,435.97984113271707,49,https://hashdive.com/Analyze_User?user_address=0x46452cf69387e93a6d816f6698f9349a1b2c7cdd
0x003097267c6b76620231b291fa04c6bdaf51be23,1.0,2.235562022526122,22.13206402300861,79821879,141.0,5,https://hashdive.com/Analyze_User?user_address=0x003097267c6b76620231b291fa04c6bdaf51be23
0x4f11a27c64cbd96bc937f297eb7d7d42432997fa,0.42857142857142855,2.2353390694485227,22.129856787540376,79821879,47.54461,7,https://hashdive.com/Analyze_User?user_address=0x4f11a27c64cbd96bc937f297eb7d7d42432997fa
0x16aabab6b30c79a6f6345d2eebabdb13ebb44202,1.0,2.2351898221491378,22.128379239276462,79821879,140.91626303228,5,https://hashdive.com/Analyze_User?user_address=0x16aabab6b30c79a6f6345d2eebabdb13ebb44202
0xa1c2e25f8a5d91a6682c4eb9ddd8d4f5ea855a81,0.42857142857142855,2.656120614285637,22.126757337690464,79821879,287.40064208299697,14,https://hashdive.com/Analyze_User?user_address=0xa1c2e25f8a5d91a6682c4eb9ddd8d4f5ea855a81
0x5c4b4127c5e7d9348c1d03e1ce57e707edce46b6,0.6521739130434783,3.275072544966081,22.12224101129618,79821879,789.3749999999999,23,https://hashdive.com/Analyze_User?user_address=0x5c4b4127c5e7d9348c1d03e1ce57e707edce46b6
0xea7567b6757d64e68d898c38343a7b36924f55d5,0.6,2.2344961148158737,22.12151153667715,79821879,143.225129459684,5,https://hashdive.com/Analyze_User?user_address=0xea7567b6757d64e68d898c38343a7b36924f55d5
0x70f47137d8ab8832223f49a1c47dde3f3cf14445,1.0,2.234350520217952,22.120070150157723,79821879,134.00372285074502,5,https://hashdive.com/Analyze_User?user_address=0x70f47137d8ab8832223f49a1c47dde3f3cf14445
0x3dbdd3ae2d3de78c0ca46b10a64d4bc1722fb970,0.3235294117647059,4.358065448467095,22.119845822836982,79821879,42.310070718348,34,https://hashdive.com/Analyze_User?user_address=0x3dbdd3ae2d3de78c0ca46b10a64d4bc1722fb970
0x59409455ba285b9d39a44c1f99a6adfb72722a09,0.4,2.234216812672726,22.118746445459987,79821879,3061.3031960770845,5,https://hashdive.com/Analyze_User?user_address=0x59409455ba285b9d39a44c1f99a6adfb72722a09
0x5f1b492d213e3f7e83d9c64a16fd6b45f8cae561,1.0,2.2342163969594875,22.118742329898925,79821879,140.0,5,https://hashdive.com/Analyze_User?user_address=0x5f1b492d213e3f7e83d9c64a16fd6b45f8cae561
0xb6efc9464e0a0d80e18af2003af29a6b75eb48f4,0.6,2.234183871761522,22.118420330439065,79821879,10.59,5,https://hashdive.com/Analyze_User?user_address=0xb6efc9464e0a0d80e18af2003af29a6b75eb48f4
0x09c8678bf6b3bad757427a1462ba6fb7fd1723d8,0.7142857142857143,2.2340331079184197,22.116927768392355,79821879,1797.0,7,https://hashdive.com/Analyze_User?user_address=0x09c8678bf6b3bad757427a1462ba6fb7fd1723d8
0x9dd13b31dd2ed4593186d688cf2bff750acb2611,1.0,2.23401305033118,22.116729198278684,79827278,54.936412,5,https://hashdive.com/Analyze_User?user_address=0x9dd13b31dd2ed4593186d688cf2bff750acb2611
0xf8da4b31a461e40da191536ba8de8e2dab280385,0.8888888888888888,2.467314568605254,22.112353783172438,79821879,2360.7999999999997,9,https://hashdive.com/Analyze_User?user_address=0xf8da4b31a461e40da191536ba8de8e2dab280385
0x4d520c95a6e676cdea932a324109315ac0036ca9,0.2857142857142857,2.556036760453565,22.11191699169752,79821879,12.111160641265002,7,https://hashdive.com/Analyze_User?user_address=0x4d520c95a6e676cdea932a324109315ac0036ca9
0xd5ac7127e43b2d05e6f0bbec26157ede9c54c8fc,0.42147117296222664,10.0,22.110469092211268,79821879,686.8651730651853,503,https://hashdive.com/Analyze_User?user_address=0xd5ac7127e43b2d05e6f0bbec26157ede9c54c8fc
0xab5f11ce991825b97a21a6f59371d2af416f10ab,0.41818181818181815,9.098301875392863,22.109652231119583,79821879,33.26292797128299,110,https://hashdive.com/Analyze_User?user_address=0xab5f11ce991825b97a21a6f59371d2af416f10ab
0xaf9cedb613dd66ead598d454444ffffbe5b4e23a,0.5,2.449489742781362,22.108955722640204,79821879,0.054150128613999995,6,https://hashdive.com/Analyze_User?user_address=0xaf9cedb613dd66ead598d454444ffffbe5b4e23a
0xbd876b38d20b4a10e1e7dbcf4f7b3b2d751b5b8a,0.7,2.577090450702017,22.107877755947843,79821879,13.703476403303998,10,https://hashdive.com/Analyze_User?user_address=0xbd876b38d20b4a10e1e7dbcf4f7b3b2d751b5b8a
0xeabd9573ef08a6bf17363dfff24a2001f5a566d5,0.3,2.2328063789496175,22.10478315160121,79821879,231.830660475573,10,https://hashdive.com/Analyze_User?user_address=0xeabd9573ef08a6bf17363dfff24a2001f5a566d5
0x4ac02e1b551a0a134cb4fccf7b1a468c46a204a0,0.6,2.232621942761786,22.10295723334168,79821879,52.477522067235,5,https://hashdive.com/Analyze_User?user_address=0x4ac02e1b551a0a134cb4fccf7b1a468c46a204a0
0x50a5b79f86e2eff3601c758d212a06f2bdf8bafe,0.23413111342351717,6.732785832866868,22.099655398354003,79821879,18256.909072696923,961,https://hashdive.com/Analyze_User?user_address=0x50a5b79f86e2eff3601c758d212a06f2bdf8bafe
0xe477efaf589ca46dc4773bfb588ae469723cd25e,0.8461538461538461,3.1228491701811314,22.09692589655841,79821879,61.78937500000001,13,https://hashdive.com/Analyze_User?user_address=0xe477efaf589ca46dc4773bfb588ae469723cd25e
0xa7fdc72b9abc5d9543d85145fe1e6d337a41e3e9,1.0,2.231851301696168,22.095327886792063,79821879,73.373533,5,https://hashdive.com/Analyze_User?user_address=0xa7fdc72b9abc5d9543d85145fe1e6d337a41e3e9
0x35d711c171c744cea4b596756c306067d0372ae2,0.7368421052631579,3.5789000620429716,22.091238417658253,79823676,3543.8199999999997,19,https://hashdive.com/Analyze_User?user_address=0x35d711c171c744cea4b596756c306067d0372ae2
0x5f1810c65d47a52e39a33c26d3a30bc68709e550,0.8888888888888888,2.8206029683336107,22.09011626709834,79821879,4699.02,9,https://hashdive.com/Analyze_User?user_address=0x5f1810c65d47a52e39a33c26d3a30bc68709e550
0x03ad6f8dd166519b896e157b8785c676e04fcb12,0.75,2.4184873651408787,22.086997601705217,79821879,69.900541,8,https://hashdive.com/Analyze_User?user_address=0x03ad6f8dd166519b896e157b8785c676e04fcb12
0x06e2588b8f190df61c3859e090bee3e38ae292fa,0.6140350877192983,7.209063637291982,22.080023444061588,79821879,1494.530878,57,https://hashdive.com/Analyze_User?user_address=0x06e2588b8f190df61c3859e090bee3e38ae292fa
0xb0223328e6f24c28fb11ceb8a92ab72e95994120,0.3,2.2301947529871864,22.078928054573144,79821879,356.59767500000004,10,https://hashdive.com/Analyze_User?user_address=0xb0223328e6f24c28fb11ceb8a92ab72e95994120
0x750c3724e80114e7fc347a49d6357907987d561b,0.8571428571428571,2.330012985221459,22.075218958218656,79821879,1975.1999999999998,7,https://hashdive.com/Analyze_User?user_address=0x750c3724e80114e7fc347a49d6357907987d561b
0xbe1da7716b16deccbd3375bf461c86aba6250f24,1.0,2.2297641341698506,22.07466492828152,79830877,493.5,5,https://hashdive.com/Analyze_User?user_address=0xbe1da7716b16deccbd3375bf461c86aba6250f24
0x931c2d47be64c35995ae38dcaad45f40dcbd7abd,0.1590909090909091,2.237195642902286,22.07285207025105,79821879,2042.4178952519767,44,https://hashdive.com/Analyze_User?user_address=0x931c2d47be64c35995ae38dcaad45f40dcbd7abd
0x567024d99796abf45706ae40c29a1bbc20a56db5,0.6153846153846154,2.8409092401371607,22.069215876886922,79821879,114.039534,13,https://hashdive.com/Analyze_User?user_address=0x567024d99796abf45706ae40c29a1bbc20a56db5
0x53846989acd2be45404878227fd93ebc51c87408,0.467438494934877,10.0,22.06883635009249,79830877,1924.4655263066036,691,https://hashdive.com/Analyze_User?user_address=0x53846989acd2be45404878227fd93ebc51c87408
0x968acfc6c7dfbec451462dedd46ff88da655ad43,0.5714285714285714,2.2287620355132223,22.064744151580904,79821879,1417.2705799999999,7,https://hashdive.com/Analyze_User?user_address=0x968acfc6c7dfbec451462dedd46ff88da655ad43
0xb0bd18912bba128bd7a6059cf5dbedcb1fdcf6a8,0.5714285714285714,2.3929112751811505,22.063027395029067,79821879,6039.146077675576,7,https://hashdive.com/Analyze_User?user_address=0xb0bd18912bba128bd7a6059cf5dbedcb1fdcf6a8
0x3b98785fbf46d1108605cfde63853e4b2fb90ca6,0.4772727272727273,3.8194631789097695,22.061697592761863,79821879,1098.727697,44,https://hashdive.com/Analyze_User?user_address=0x3b98785fbf46d1108605cfde63853e4b2fb90ca6
0x2542f45a190591486e33b2b5a792a2207d051876,0.8333333333333334,2.2284389508642954,22.061545613556525,79821879,511.4846,6,https://hashdive.com/Analyze_User?user_address=0x2542f45a190591486e33b2b5a792a2207d051876
0xba41e7af282ba9cf49947b86129d526823c9677e,0.875,2.825368389392,22.06000871115188,79821879,6216.59,8,https://hashdive.com/Analyze_User?user_address=0xba41e7af282ba9cf49947b86129d526823c9677e
0x55f6a0e752984256a062ca72ac40b0225fd4354e,0.43820224719101125,7.619060287818765,22.058734508332456,79821879,44.006679821066996,89,https://hashdive.com/Analyze_User?user_address=0x55f6a0e752984256a062ca72ac40b0225fd4354e
0xfb38b1672357d52aed77ab1a8bd9de58047fb7c7,0.9090909090909091,3.174301505129109,22.057619098837083,79821879,799.111901306778,11,https://hashdive.com/Analyze_User?user_address=0xfb38b1672357d52aed77ab1a8bd9de58047fb7c7
0x419ed2721fb5e158ba9d375150b6789192d5360a,0.29411764705882354,2.227071552543288,22.04800837017855,79821879,351.912586821753,17,https://hashdive.com/Analyze_User?user_address=0x419ed2721fb5e158ba9d375150b6789192d5360a
0x9dd32e3f14406adf2c07bafb29606ba45e243244,0.5625,2.635157270635262,22.04437205613207,79821879,175.74179399999997,16,https://hashdive.com/Analyze_User?user_address=0x9dd32e3f14406adf2c07bafb29606ba45e243244
0x8e68d0fe1009c916dec4f3c6effee4f6a6c6d99b,0.5782312925170068,7.185443477179452,22.039921537065474,79830877,29665.505849076802,147,https://hashdive.com/Analyze_User?user_address=0x8e68d0fe1009c916dec4f3c6effee4f6a6c6d99b
0xbb53c693a5c7aef0787e2a0515beb6da3783b15c,1.0,2.2261798546897924,22.039180561428946,79821879,152.720324708959,5,https://hashdive.com/Analyze_User?user_address=0xbb53c693a5c7aef0787e2a0515beb6da3783b15c
0x04e240c81609968ba8afe69ae5d3a3ea4327a455,0.47368421052631576,2.2321603947078192,22.037751486656994,79821879,8918.93801108366,19,https://hashdive.com/Analyze_User?user_address=0x04e240c81609968ba8afe69ae5d3a3ea4327a455
0x990372be715d1c6337f51ad452c466df651c2a3c,0.6,2.508210234205386,22.033449018710293,79821879,954.0,10,https://hashdive.com/Analyze_User?user_address=0x990372be715d1c6337f51ad452c466df651c2a3c
0x4b6d768371adff7ae6bc34df0a392e8bb650fa89,0.6,2.2249753077346544,22.027255546573077,79821879,2.909523272456,5,https://hashdive.com/Analyze_User?user_address=0x4b6d768371adff7ae6bc34df0a392e8bb650fa89
0x2d44c2c0ad2885a74328e41e77ca6351a834675b,0.18518518518518517,3.6523797581064703,22.02268748576322,79821879,43.823420083590996,27,https://hashdive.com/Analyze_User?user_address=0x2d44c2c0ad2885a74328e41e77ca6351a834675b
0x36703f3d3859f3837e93a6a71ecc9371ec50a31d,0.7916666666666666,4.505029790776034,22.022156049113164,79821879,658.2276849999998,24,https://hashdive.com/Analyze_User?user_address=0x36703f3d3859f3837e93a6a71ecc9371ec50a31d
0x7b33fc1f3460413edb13314b83393b0f7479535f,0.8235294117647058,4.7079665150049355,22.019655197256107,79821879,911.687512744379,51,https://hashdive.com/Analyze_User?user_address=0x7b33fc1f3460413edb13314b83393b0f7479535f
0x10279b92474a8c687fcce843e0bdb47838d53758,0.1111111111111111,2.2239850342281193,22.017451838858378,79821879,323.01649813870796,9,https://hashdive.com/Analyze_User?user_address=0x10279b92474a8c687fcce843e0bdb47838d53758
0xb435e7b0e3b2a4345e3c11c3f2064fa8d1dc51f9,0.9,3.040026026493563,22.013981571160283,79821879,105.0,10,https://hashdive.com/Analyze_User?user_address=0xb435e7b0e3b2a4345e3c11c3f2064fa8d1dc51f9
0xe081e6da8c3504539a641f1789236bae20328366,0.9,3.040026026493563,22.013981571160283,79821879,105.0,10,https://hashdive.com/Analyze_User?user_address=0xe081e6da8c3504539a641f1789236bae20328366
0xe041414e4617b08609dd53c8bca47d6ccb85afa8,0.8,3.040026026493563,22.013981571160283,79821879,105.0,10,https://hashdive.com/Analyze_User?user_address=0xe041414e4617b08609dd53c8bca47d6ccb85afa8
0xf085cd9f50863eca0a5d635fd3da23a4e37ee6ec,0.9,3.040026026493563,22.013981571160283,79821879,105.0,10,https://hashdive.com/Analyze_User?user_address=0xf085cd9f50863eca0a5d635fd3da23a4e37ee6ec
0x62bcfa89d49090b6218b5572c4f2c768b8e2adb0,0.8,3.040026026493563,22.013981571160283,79821879,105.0,10,https://hashdive.com/Analyze_User?user_address=0x62bcfa89d49090b6218b5572c4f2c768b8e2adb0
0x29beee5ae7f16c0013ef0d269208d01fa028ff85,0.8,3.040026026493563,22.013981571160283,79821879,105.0,10,https://hashdive.com/Analyze_User?user_address=0x29beee5ae7f16c0013ef0d269208d01fa028ff85
0xce4d8cbf55273d54ecbad6478860bcb598ca0a15,0.8,3.040026026493563,22.013981571160283,79821879,105.0,10,https://hashdive.com/Analyze_User?user_address=0xce4d8cbf55273d54ecbad6478860bcb598ca0a15
0x09df076d3cc1080b9d97bbc70bc5a6e79a6bbe11,0.08108108108108109,2.6410972428046007,22.01262785921795,79821879,813.2183092248561,37,https://hashdive.com/Analyze_User?user_address=0x09df076d3cc1080b9d97bbc70bc5a6e79a6bbe11
0xb3314fff1eaceaf892b4bbee4abd3c6effb5dcbc,1.0,2.2234020519283306,22.011680314090473,79821879,1794.5,5,https://hashdive.com/Analyze_User?user_address=0xb3314fff1eaceaf892b4bbee4abd3c6effb5dcbc
0x2ffb8bbf35432a33f6c4d1839393c65eb7ada686,1.0,2.2223602556768998,22.00136653120131,79821879,4397.0,5,https://hashdive.com/Analyze_User?user_address=0x2ffb8bbf35432a33f6c4d1839393c65eb7ada686
0x693f91d6fb1bafb02563b2d5c510f8675e263747,0.06016297311705125,10.0,21.99991272955949,79823676,7677.086637394086,13131,https://hashdive.com/Analyze_User?user_address=0x693f91d6fb1bafb02563b2d5c510f8675e263747
0x39fa645727a47bc0e248e600dd0faee26e778edc,0.375,2.2221971502448423,21.99975178742394,79821879,371.048551798067,8,https://hashdive.com/Analyze_User?user_address=0x39fa645727a47bc0e248e600dd0faee26e778edc
0xcd60d36b1fd32eaa200e79d8c55a038b0fc633f9,0.16666666666666666,2.221818042851376,21.99599862422862,79830877,235.28014044781102,6,https://hashdive.com/Analyze_User?user_address=0xcd60d36b1fd32eaa200e79d8c55a038b0fc633f9
0xc5237855e850d8ae31d47f331c8429b244e7084a,1.0,2.221531901633446,21.993165826171115,79821879,2143.5,5,https://hashdive.com/Analyze_User?user_address=0xc5237855e850d8ae31d47f331c8429b244e7084a
0x2032d79696bd012c0f592109b81a8151edb1a7b8,0.1724137931034483,3.415669696465769,21.990367988581163,79821879,28.554565743265997,29,https://hashdive.com/Analyze_User?user_address=0x2032d79696bd012c0f592109b81a8151edb1a7b8
0xa00fcee04e6f98c967de9e556c1d4f0c25b0cd12,0.5555555555555556,6.116118243321223,21.988461358163917,79821879,1666.0,45,https://hashdive.com/Analyze_User?user_address=0xa00fcee04e6f98c967de9e556c1d4f0c25b0cd12
0xc9458a18675f0f37ce20c7cdb619c2e71d4a69d3,0.7,2.2207429350645462,21.985355057139007,79821879,65.566992845554,10,https://hashdive.com/Analyze_User?user_address=0xc9458a18675f0f37ce20c7cdb619c2e71d4a69d3
0xf4e3ca384063aa1ba67e9f9d5f7ce0ed133fe843,1.0,2.220619135520755,21.984129441655476,79821879,56.075101000000004,5,https://hashdive.com/Analyze_User?user_address=0xf4e3ca384063aa1ba67e9f9d5f7ce0ed133fe843
0x9c329d14c70680a6cf716220325fe362bb9b3945,0.4,3.1781416960234337,21.984059898630044,79821879,35086.24692343936,15,https://hashdive.com/Analyze_User?user_address=0x9c329d14c70680a6cf716220325fe362bb9b3945
0x561594dd3cbb17e9b87fc13fe066e0ce7c9cae9a,0.45454545454545453,3.04019712321278,21.98020713244982,79821879,88.623325511072,11,https://hashdive.com/Analyze_User?user_address=0x561594dd3cbb17e9b87fc13fe066e0ce7c9cae9a
0x65eb75200e2b1feff83aebf0cf758d1efaaed2a5,0.6896551724137931,4.628491743359888,21.979105893902467,79821879,2672.9753095380925,29,https://hashdive.com/Analyze_User?user_address=0x65eb75200e2b1feff83aebf0cf758d1efaaed2a5
0xa6a1ebcf7dca48136af1692a5068eebd401d07fb,1.0,2.2200033969981274,21.978033630281463,79821879,4460.337275,5,https://hashdive.com/Analyze_User?user_address=0xa6a1ebcf7dca48136af1692a5068eebd401d07fb
0x43029c91cc6e70bf16bb5dc4690aded29e5bb736,0.75,2.2199377790212633,21.97738401231051,79821879,777.9423477144501,8,https://hashdive.com/Analyze_User?user_address=0x43029c91cc6e70bf16bb5dc4690aded29e5bb736
0xc345fff18852dda0dd63c555a15d8a61995e5a68,0.6014492753623188,9.980351581272602,21.976013575904787,79821879,2538.4639329999995,138,https://hashdive.com/Analyze_User?user_address=0xc345fff18852dda0dd63c555a15d8a61995e5a68
0x0ce842b1286066504e7dd1944c5cdc07e1d1cc92,1.0,2.2196919614846955,21.974950418698484,79821879,4499.401544,5,https://hashdive.com/Analyze_User?user_address=0x0ce842b1286066504e7dd1944c5cdc07e1d1cc92
0x4567241a4a29c26ed49cee66afd8e2d79a3d285d,0.4166666666666667,2.8421546012194816,21.97333010962826,79821879,18.930671048467996,12,https://hashdive.com/Analyze_User?user_address=0x4567241a4a29c26ed49cee66afd8e2d79a3d285d
0x4bb83672dc286517ce78ed5be32fecc33a617019,0.75,2.688797644559891,21.973198055859232,79821879,72.97692678506499,20,https://hashdive.com/Analyze_User?user_address=0x4bb83672dc286517ce78ed5be32fecc33a617019
0xd5edffb4350fa54229e7119dbc58bdc3912cacd6,0.6666666666666666,4.4938311018475225,21.972102016043845,79821879,35.86858,21,https://hashdive.com/Analyze_User?user_address=0xd5edffb4350fa54229e7119dbc58bdc3912cacd6
0x6a863c56e4f8a43156e71ecaf35ab94a8109c625,0.8571428571428571,2.2193863535284173,21.97192489993133,79821879,68.765337515699,7,https://hashdive.com/Analyze_User?user_address=0x6a863c56e4f8a43156e71ecaf35ab94a8109c625
0xe1d113ed7225679c3b58df46a62064cbb25665a1,0.125,2.2189183724306507,21.967291887063443,79821879,8.592870664827,8,https://hashdive.com/Analyze_User?user_address=0xe1d113ed7225679c3b58df46a62064cbb25665a1
0x02b757821c7d5fba5dd56d14cb5de8d6eec4dc23,0.5172413793103449,5.852093997658956,21.966772710431105,79821879,139.580209460509,116,https://hashdive.com/Analyze_User?user_address=0x02b757821c7d5fba5dd56d14cb5de8d6eec4dc23
0x0b010b7fceab0ca4730daaf449cc193992961de1,0.6111111111111112,8.663294215079192,21.96641740232678,79821879,3548.12644501,108,https://hashdive.com/Analyze_User?user_address=0x0b010b7fceab0ca4730daaf449cc193992961de1
0x7166bcca20d19fa10a7b8d5c9fb845b394ddc301,0.5700934579439252,6.596699036086271,21.964447019701044,79821879,5244.773221014741,107,https://hashdive.com/Analyze_User?user_address=0x7166bcca20d19fa10a7b8d5c9fb845b394ddc301
0x8c878f182f43e81c7cd92256cbf7c45e26a0b575,0.4444444444444444,2.2184411962100063,21.96256784247906,79821879,182.79218,9,https://hashdive.com/Analyze_User?user_address=0x8c878f182f43e81c7cd92256cbf7c45e26a0b575
0x9835e0a3c01f0482b717c499f5130f0c4b5a3c52,0.8,2.218319994038484,21.961367940980992,79821879,150.048161842447,5,https://hashdive.com/Analyze_User?user_address=0x9835e0a3c01f0482b717c499f5130f0c4b5a3c52
0xc0c8fad8d0922aa0ec3157b82a857f6e9f908703,0.5619047619047619,8.085869506734504,21.958047129437066,79821879,1052.073796140409,105,https://hashdive.com/Analyze_User?user_address=0xc0c8fad8d0922aa0ec3157b82a857f6e9f908703
0x53c8d5410d137423bc6106acfef129afcda83928,1.0,2.2174354955527047,21.95261140597178,79821879,37.59784628696001,6,https://hashdive.com/Analyze_User?user_address=0x53c8d5410d137423bc6106acfef129afcda83928
0x86884c79f890b03e7cd732e807c4e0c1ee1fa1fe,0.6428571428571429,2.5730679942388774,21.9519106420792,79821879,1062.078365,14,https://hashdive.com/Analyze_User?user_address=0x86884c79f890b03e7cd732e807c4e0c1ee1fa1fe
0x627742a599bc0ea2540a6be301e54f52cf202b5b,1.0,2.217150445887094,21.949789414282233,79821879,4340.45164,5,https://hashdive.com/Analyze_User?user_address=0x627742a599bc0ea2540a6be301e54f52cf202b5b
0x656c71ffd94a9eafec603bfc5d0660f077637f2d,0.8,2.522049507848526,21.94163775587277,79821879,6024.229777979999,35,https://hashdive.com/Analyze_User?user_address=0x656c71ffd94a9eafec603bfc5d0660f077637f2d
0x15b0c36f69336145d7764f8c6e6a372b962b28f6,0.375,4.347386937870575,21.94147807290524,79821879,215.00322668321496,32,https://hashdive.com/Analyze_User?user_address=0x15b0c36f69336145d7764f8c6e6a372b962b28f6
0x24d6a921833912cb935930b0d5fde50807d1576f,0.7142857142857143,2.2160765568483622,21.939157912798784,79821879,442.94168155289105,7,https://hashdive.com/Analyze_User?user_address=0x24d6a921833912cb935930b0d5fde50807d1576f
0xe7133df6dd0371da188579fa2891a17f0a3cafe7,0.2,2.215986462028378,21.93826597408094,79821879,2081.905747762368,5,https://hashdive.com/Analyze_User?user_address=0xe7133df6dd0371da188579fa2891a17f0a3cafe7
0x71cb60d9d54be230d6d954c90fb1b8e6f3d5ecd3,0.14285714285714285,2.2158862355967845,21.93727373240817,79821879,72.54931293841501,7,https://hashdive.com/Analyze_User?user_address=0x71cb60d9d54be230d6d954c90fb1b8e6f3d5ecd3
0xec714caf92575f0f57e6c051b23f90fc6758ad6e,0.5,2.215771168168998,21.93613456487308,79821879,151.29145380285598,6,https://hashdive.com/Analyze_User?user_address=0xec714caf92575f0f57e6c051b23f90fc6758ad6e
0xd0d5fd5d5a63f0320c096e7817189adab0d0fbd9,0.4,2.2154769995210106,21.933222295258005,79821879,386.238344414918,5,https://hashdive.com/Analyze_User?user_address=0xd0d5fd5d5a63f0320c096e7817189adab0d0fbd9
0xa2268c574bf2c4202542e6556b75d158b732b113,0.5,2.2152592579592487,21.93106665379656,79821879,130.683649,8,https://hashdive.com/Analyze_User?user_address=0xa2268c574bf2c4202542e6556b75d158b732b113
0x744abb6633bb766636782e35124654f053e63756,1.0,2.214951676439409,21.92802159675015,79821879,167.5,5,https://hashdive.com/Analyze_User?user_address=0x744abb6633bb766636782e35124654f053e63756
0x39d9d4cb768290d592e068d7e89f800b84b8ff3c,0.43478260869565216,5.187591826193436,21.927791632373598,79821879,268.77867986978896,46,https://hashdive.com/Analyze_User?user_address=0x39d9d4cb768290d592e068d7e89f800b84b8ff3c
0xba39e1cd473a34e7b4cc51e134f03d698520b2e8,1.0,2.214664334679735,21.925176913329377,79821879,160.051264853335,5,https://hashdive.com/Analyze_User?user_address=0xba39e1cd473a34e7b4cc51e134f03d698520b2e8
0xe0fe8ea14ba0eeeb23af9665a5c74e086b7a8b83,0.6666666666666666,5.141655168744652,21.92131152982945,79821879,2251.08,30,https://hashdive.com/Analyze_User?user_address=0xe0fe8ea14ba0eeeb23af9665a5c74e086b7a8b83
0x2b0ff76fa0b2c2415716674dac0b3d30b2dbd958,0.3333333333333333,4.024921046318598,21.921165198258482,79821879,14.705080212812994,21,https://hashdive.com/Analyze_User?user_address=0x2b0ff76fa0b2c2415716674dac0b3d30b2dbd958
0x6636acada329095561e508c287b790f4c0766875,0.375,2.213707486918271,21.915704120490883,79821879,20.604485967625997,8,https://hashdive.com/Analyze_User?user_address=0x6636acada329095561e508c287b790f4c0766875
0x19c36ea84b1039a6b1ab3964bd8a9841f50b3f0b,0.8,2.2122269102714314,21.90104641168717,79821879,10.550044999999999,5,https://hashdive.com/Analyze_User?user_address=0x19c36ea84b1039a6b1ab3964bd8a9841f50b3f0b
0x2a2d0834e6e1e3fd7b2886bdfd3d10fda0f5cacf,0.6,3.408325551943016,21.900999249985922,79821879,530.8402389689999,25,https://hashdive.com/Analyze_User?user_address=0x2a2d0834e6e1e3fd7b2886bdfd3d10fda0f5cacf
0x869124f234fd462c809b5562588d2b520a735fbd,0.7777777777777778,2.2121174995680044,21.899963245723242,79821879,490.889472170783,9,https://hashdive.com/Analyze_User?user_address=0x869124f234fd462c809b5562588d2b520a735fbd
0x50701a21cf47fdf9ef4dd8dca0b849b7b086e12a,0.36585365853658536,2.6205799981461935,21.896994158817318,79821879,3598.677140369742,41,https://hashdive.com/Analyze_User?user_address=0x50701a21cf47fdf9ef4dd8dca0b849b7b086e12a
0x2fb4c0556f4244d883eca1cfa7f0118e51914401,0.4,3.2637206018509235,21.893781523880268,79821879,161.944,15,https://hashdive.com/Analyze_User?user_address=0x2fb4c0556f4244d883eca1cfa7f0118e51914401
0x21ade7f5e207b9207fe4d5e7bfd8f028393f58d3,0.2777777777777778,3.1713089201114677,21.89286900032713,79821879,20.834349154516,18,https://hashdive.com/Analyze_User?user_address=0x21ade7f5e207b9207fe4d5e7bfd8f028393f58d3
0x828900c684695d76cb165ede935ee9138a2b88db,0.41379310344827586,2.211279851846166,21.891670533277043,79821879,2755.911881152127,29,https://hashdive.com/Analyze_User?user_address=0x828900c684695d76cb165ede935ee9138a2b88db
0x346f5762941de4d9549e4a6ed95c188e926f2e3f,0.5714285714285714,2.211175235970974,21.890634836112643,79821879,516.263138689479,7,https://hashdive.com/Analyze_User?user_address=0x346f5762941de4d9549e4a6ed95c188e926f2e3f
0x86b27bb5ba67dd0d19625affa89b60de96bca49c,0.375,2.2110203443220313,21.88910140878811,79821879,3293.5465930000005,8,https://hashdive.com/Analyze_User?user_address=0x86b27bb5ba67dd0d19625affa89b60de96bca49c
0x434eb8e3aa79d979876613ef828241de3675f9bb,0.782608695652174,4.4982349500072125,21.888884840738292,79821879,2438.6,23,https://hashdive.com/Analyze_User?user_address=0x434eb8e3aa79d979876613ef828241de3675f9bb
0x95a4cdb68b22952de5922da5ff52e5de53c604c5,0.8333333333333334,2.2109584096448156,21.888488255483676,79821879,155.13324599999999,6,https://hashdive.com/Analyze_User?user_address=0x95a4cdb68b22952de5922da5ff52e5de53c604c5
0x4480c3eeadee815aaa1736d95cca82907e207787,1.0,2.2109411745268104,21.888317627815425,79821879,3926.0,5,https://hashdive.com/Analyze_User?user_address=0x4480c3eeadee815aaa1736d95cca82907e207787
0x7c325942c96b4308763b59f55c16e85609fc51be,0.25,3.4496570317391306,21.886545872375287,79821879,0.07930037852500002,12,https://hashdive.com/Analyze_User?user_address=0x7c325942c96b4308763b59f55c16e85609fc51be
0x075bf53e0d79ca702f977728ba8390e1808e5bc4,0.3,2.610279787959223,21.884863994005844,79821879,139.37722045078698,40,https://hashdive.com/Analyze_User?user_address=0x075bf53e0d79ca702f977728ba8390e1808e5bc4
0xa81e9df97673307ef01947715c89dd74705f370f,0.7727272727272727,2.7896474822290345,21.884711121170245,79821879,72.82847270157599,22,https://hashdive.com/Analyze_User?user_address=0xa81e9df97673307ef01947715c89dd74705f370f
0x4a673f122b7e8963f722756c65df58450030a7fa,0.21875,3.1059604329616883,21.883735204060194,79821879,56.41099898261801,32,https://hashdive.com/Analyze_User?user_address=0x4a673f122b7e8963f722756c65df58450030a7fa
0x733222716eb54bf3704882c93d169c41d26188f7,1.0,2.2101824015281597,21.88080577512878,79821879,163.458635773114,5,https://hashdive.com/Analyze_User?user_address=0x733222716eb54bf3704882c93d169c41d26188f7
0x4120e625a43219ef3db976f56bc1c7f62c7ef896,0.16666666666666666,2.210115249479253,21.880140969844604,79821879,136.131825058618,6,https://hashdive.com/Analyze_User?user_address=0x4120e625a43219ef3db976f56bc1c7f62c7ef896
0xa3fbbd800b42a3eb1ad3ae57249f4ae9a99984d2,1.0,2.2095350177648645,21.874396675872156,79821879,3968.4,5,https://hashdive.com/Analyze_User?user_address=0xa3fbbd800b42a3eb1ad3ae57249f4ae9a99984d2
0x0f14114aa2307f1cbe06787a56c20f9042298121,0.3404255319148936,4.17043743788417,21.86960836392533,79821879,262.11786145758,47,https://hashdive.com/Analyze_User?user_address=0x0f14114aa2307f1cbe06787a56c20f9042298121
0x66be067fbc0daae3b035d00635663916991f5c79,0.8,2.2088975743639288,21.868085986202892,79821879,266.50041999999996,5,https://hashdive.com/Analyze_User?user_address=0x66be067fbc0daae3b035d00635663916991f5c79
0xa880ce84cbca31f72f9ea0a21614b64a8af79698,0.8,2.208646026874851,21.865595666061026,79821879,6.662669999999999,5,https://hashdive.com/Analyze_User?user_address=0xa880ce84cbca31f72f9ea0a21614b64a8af79698
0xbb2da51f3d140f7564d538ba1d04e05c1b56a47a,0.5789473684210527,2.9223652549460746,21.865391968489526,79821879,480.541601356909,19,https://hashdive.com/Analyze_User?user_address=0xbb2da51f3d140f7564d538ba1d04e05c1b56a47a
0x34a7a42be9da30072f91effdfbbd1a10118de31c,0.6111111111111112,3.3704988670110065,21.865236929514783,79823676,2794.8199999999997,18,https://hashdive.com/Analyze_User?user_address=0x34a7a42be9da30072f91effdfbbd1a10118de31c
0x6889ec77fc2c7eca200760279df7f6f53c494908,1.0,2.208530480735051,21.864451759277003,79821879,2053.571384413622,7,https://hashdive.com/Analyze_User?user_address=0x6889ec77fc2c7eca200760279df7f6f53c494908
0xb633ca1967c788df37f7ec8331fad1ad027e34d5,0.875,2.207949504475512,21.858700094307572,79821879,515.808254098163,8,https://hashdive.com/Analyze_User?user_address=0xb633ca1967c788df37f7ec8331fad1ad027e34d5
0x322dcbc143a48dfba9e4bc6f16a0188ede4f305f,0.5,2.9844631828806047,21.857866741142942,79821879,24636.184161501547,12,https://hashdive.com/Analyze_User?user_address=0x322dcbc143a48dfba9e4bc6f16a0188ede4f305f
0x6083633631cc16a72cc38f62c292e23f883081fc,0.5806451612903226,3.9815317592542834,21.857605086394138,79821879,120.91127840140398,31,https://hashdive.com/Analyze_User?user_address=0x6083633631cc16a72cc38f62c292e23f883081fc
0x5d159046d7149fb70e0972a13690d7be7596c59c,0.5151515151515151,7.6557605991425985,21.85567023157661,79821879,319.71444828457584,99,https://hashdive.com/Analyze_User?user_address=0x5d159046d7149fb70e0972a13690d7be7596c59c
0x65c85ea786a662c8b0f778a652c0ddd4fd1913c8,1.0,2.2074691208762243,21.85394429667462,79821879,1045.5,5,https://hashdive.com/Analyze_User?user_address=0x65c85ea786a662c8b0f778a652c0ddd4fd1913c8
0xeaa98481785195f5c41e88c4edf307482aed37ef,0.8666666666666667,3.0609162747924334,21.853334638837346,79821879,680.747764,15,https://hashdive.com/Analyze_User?user_address=0xeaa98481785195f5c41e88c4edf307482aed37ef
0x6eb2e621815ad927f93393ae18332a7ce4cb951b,0.7,2.7473473186664252,21.84889978109648,79821879,10.907480642905,10,https://hashdive.com/Analyze_User?user_address=0x6eb2e621815ad927f93393ae18332a7ce4cb951b
0xd4df23e1b0c7b2766ea714c495940655657a1dbc,0.7619047619047619,2.776327748939034,21.84831286254142,79821879,72.79270069613999,21,https://hashdive.com/Analyze_User?user_address=0xd4df23e1b0c7b2766ea714c495940655657a1dbc
0x248ca184f3e6a328dd1c2941586a7aa567955e7f,0.6,7.074938281145316,21.843426969021515,79821879,1464.124419005683,55,https://hashdive.com/Analyze_User?user_address=0x248ca184f3e6a328dd1c2941586a7aa567955e7f
0x2593e0ba963f00043523c2a79a41bd568a41f601,0.7777777777777778,3.5678000803409606,21.841647075484158,79821879,58.15772832245099,27,https://hashdive.com/Analyze_User?user_address=0x2593e0ba963f00043523c2a79a41bd568a41f601
0x61e9e7faaad1ad74c16389f844141e150fecf688,0.5714285714285714,2.2059503813570833,21.838908775435122,79821879,698.452821341381,14,https://hashdive.com/Analyze_User?user_address=0x61e9e7faaad1ad74c16389f844141e150fecf688
0x5a9e08aae0e6a7de159a14f60c9563d2d221a62a,0.75,4.499359692302203,21.838131555535686,79821879,553.1371889999999,24,https://hashdive.com/Analyze_User?user_address=0x5a9e08aae0e6a7de159a14f60c9563d2d221a62a
0xbef67d7e6edd837b92a1f71de7041ca7e862f2f9,0.4090909090909091,3.5387781127968436,21.836915695122666,79821879,26063.85748719575,44,https://hashdive.com/Analyze_User?user_address=0xbef67d7e6edd837b92a1f71de7041ca7e862f2f9
0xdd95b4404ed5cbb2e0c8c7f0ae4731f8dffceae4,1.0,2.205509408234092,21.83454314151751,79821879,101.707102176963,6,https://hashdive.com/Analyze_User?user_address=0xdd95b4404ed5cbb2e0c8c7f0ae4731f8dffceae4
0xc01dcb5a51d7ac1e44d16899dfd658f35a078ed2,0.8,2.2054813483789557,21.83426534895166,79821879,261.948156377141,5,https://hashdive.com/Analyze_User?user_address=0xc01dcb5a51d7ac1e44d16899dfd658f35a078ed2
0x77c4f40180af2f42f108ade4fec337ecfb56b09c,0.3333333333333333,2.2051056511439477,21.830545946325085,79821879,83.77764499999999,6,https://hashdive.com/Analyze_User?user_address=0x77c4f40180af2f42f108ade4fec337ecfb56b09c
0x4f6295391f2ea418b7f7c38b07abb92ede44f01b,0.3157894736842105,3.443274743270783,21.830504515827634,79821879,239.90534462178994,19,https://hashdive.com/Analyze_User?user_address=0x4f6295391f2ea418b7f7c38b07abb92ede44f01b
0x894d265fbb93872e36840cac7c948304e380ec7b,0.6875,3.2612335140689606,21.82842219308239,79821879,3337.97,16,https://hashdive.com/Analyze_User?user_address=0x894d265fbb93872e36840cac7c948304e380ec7b
0x5b480fd0e5f918e5acbaec5493de8a852f3cc291,0.375,2.2045405097115944,21.824951046144783,79821879,45.586430970918,8,https://hashdive.com/Analyze_User?user_address=0x5b480fd0e5f918e5acbaec5493de8a852f3cc291
0x5159bbf25cc70ec70987cc57a017106b60424cb0,0.8,3.0550504633038935,21.82178902359924,79821879,100.0,10,https://hashdive.com/Analyze_User?user_address=0x5159bbf25cc70ec70987cc57a017106b60424cb0
0xf40a1bbbfe0bf72e6cf99b1a864cde00c00b6367,0.8,3.0550504633038935,21.82178902359924,79821879,100.0,10,https://hashdive.com/Analyze_User?user_address=0xf40a1bbbfe0bf72e6cf99b1a864cde00c00b6367
0x98fc37d2c275de0d2b82d0f3d1d63a8ae7cbdd13,0.8,3.0550504633038935,21.82178902359924,79821879,100.0,10,https://hashdive.com/Analyze_User?user_address=0x98fc37d2c275de0d2b82d0f3d1d63a8ae7cbdd13
0x92f9e10e41611570b537da6b5dd64760d9e358b2,0.9,3.0550504633038935,21.82178902359924,79821879,100.0,10,https://hashdive.com/Analyze_User?user_address=0x92f9e10e41611570b537da6b5dd64760d9e358b2
0xa130e3fa8fce43495dbb649202630ad5c1f6b662,0.391304347826087,2.3240115940627053,21.820375166875316,79821879,4428.386814003593,23,https://hashdive.com/Analyze_User?user_address=0xa130e3fa8fce43495dbb649202630ad5c1f6b662
0x038028a23b80ead1366719083f5189529d13f880,0.5,2.2040730746001724,21.82032343854171,79821879,412.267633,6,https://hashdive.com/Analyze_User?user_address=0x038028a23b80ead1366719083f5189529d13f880
0x2dca83053548d6b74a71fc7571250698dd4fc2f6,0.3333333333333333,2.3013949474057225,21.816399403763786,79821879,647.8704586389323,21,https://hashdive.com/Analyze_User?user_address=0x2dca83053548d6b74a71fc7571250698dd4fc2f6
0xa34da25540002c7233ca739275d3b9e0cb6f6b43,0.2,3.29121465148585,21.815276089472814,79821879,25.537607147691,20,https://hashdive.com/Analyze_User?user_address=0xa34da25540002c7233ca739275d3b9e0cb6f6b43
0x9be6dfa76b706dc5a7942957d72899c1cdfc9f23,0.14285714285714285,3.7005629635786685,21.814856766899304,79821879,0.08901018665600001,14,https://hashdive.com/Analyze_User?user_address=0x9be6dfa76b706dc5a7942957d72899c1cdfc9f23
0x1f2d29a84ce6351fd70adf3526a0a95e9c2c2967,0.6153846153846154,8.165052342022774,21.814751301006027,79821879,2.671553268272001,78,https://hashdive.com/Analyze_User?user_address=0x1f2d29a84ce6351fd70adf3526a0a95e9c2c2967
0xc51f25e9a4ce36fbfd37dd47e926a4d72aea95a2,0.7,4.350670482845623,21.812961743629376,79821879,39.026650002,20,https://hashdive.com/Analyze_User?user_address=0xc51f25e9a4ce36fbfd37dd47e926a4d72aea95a2
0xe48b5d1f2c12bb477ab05f992b2fa9ea411ef146,0.3333333333333333,2.309400043199049,21.8110562081819,79821879,7.555564741007,6,https://hashdive.com/Analyze_User?user_address=0xe48b5d1f2c12bb477ab05f992b2fa9ea411ef146
0x3d3414bc8d031e30f1a00c3768c92d0bbbb44531,0.6206896551724138,4.894972107841239,21.810854149328097,79821879,11.576031450149998,29,https://hashdive.com/Analyze_User?user_address=0x3d3414bc8d031e30f1a00c3768c92d0bbbb44531
0xc92055e70e3dceea7dd798b5021e6b0fd71b9a1c,0.5,2.5360881120867074,21.80704525986026,79821879,191.29870976881898,10,https://hashdive.com/Analyze_User?user_address=0xc92055e70e3dceea7dd798b5021e6b0fd71b9a1c
0x85bc0f5c7be71b8d1abe84480e19e650dd155c35,0.6119402985074627,6.897548267568935,21.806046833841805,79821879,1726.6192926218273,67,https://hashdive.com/Analyze_User?user_address=0x85bc0f5c7be71b8d1abe84480e19e650dd155c35
0x96e340ab87469a9ca2016493e287f292786383d2,0.39545454545454545,10.0,21.804482655567625,79821879,3854.8194248165146,220,https://hashdive.com/Analyze_User?user_address=0x96e340ab87469a9ca2016493e287f292786383d2
0x698c15a414cd16423cd14ad821fb8f9715baec19,0.45454545454545453,2.202455827362159,21.80431269088537,79821879,56.96898599999999,11,https://hashdive.com/Analyze_User?user_address=0x698c15a414cd16423cd14ad821fb8f9715baec19
0x3e2d634b95dc9c10c771ac4592a6f11be3f65efc,0.6458333333333334,6.848763791996124,21.801652239807403,79821879,1414.7401119999997,48,https://hashdive.com/Analyze_User?user_address=0x3e2d634b95dc9c10c771ac4592a6f11be3f65efc
0x22468a55bb447e7946a40d514df00df72d7e618d,0.5454545454545454,2.719197102897121,21.80141784630232,79821879,40.071822,11,https://hashdive.com/Analyze_User?user_address=0x22468a55bb447e7946a40d514df00df72d7e618d
0x3969f09779364f13024ccb12ec4092dc81fcfa51,0.3333333333333333,2.961393493378065,21.80014284433675,79821879,348.6341359998341,21,https://hashdive.com/Analyze_User?user_address=0x3969f09779364f13024ccb12ec4092dc81fcfa51
0x6e6a3524c2ecc8a878f9f9650f5c781c698be18c,0.5714285714285714,2.201737869411932,21.797204907178127,79821879,692.6838519008339,7,https://hashdive.com/Analyze_User?user_address=0x6e6a3524c2ecc8a878f9f9650f5c781c698be18c
0x9a096677fab26994974d5e57272bfc644be1372d,0.625,2.2015193539921545,21.79504160452233,79821879,1497.9871111702967,8,https://hashdive.com/Analyze_User?user_address=0x9a096677fab26994974d5e57272bfc644be1372d
0x3054b05268dab9fc391649de6509483199073910,0.4,2.2013378550339118,21.793244764835723,79821879,120.77708000073501,10,https://hashdive.com/Analyze_User?user_address=0x3054b05268dab9fc391649de6509483199073910
0x9340c207e1b476a97434ba8a9e456379ca9b4173,1.0,2.393450328715326,21.79238778518051,79821879,3937.4702239999997,9,https://hashdive.com/Analyze_User?user_address=0x9340c207e1b476a97434ba8a9e456379ca9b4173
0x61017d26e66bc1fb22b025d1c9c69f46ba18ed7b,0.3333333333333333,2.449489693567645,21.78685704793906,79821879,5.3361535864260015,6,https://hashdive.com/Analyze_User?user_address=0x61017d26e66bc1fb22b025d1c9c69f46ba18ed7b
0x7d9aaf4d2e7b0800ecaebfde28e9c18e5872801e,0.41379310344827586,2.8316973132570262,21.786274768539013,79821879,496.242716711787,58,https://hashdive.com/Analyze_User?user_address=0x7d9aaf4d2e7b0800ecaebfde28e9c18e5872801e
0x18440905ede98ac553591ba4cb774cdb2af3a2d5,0.5614035087719298,9.13370825693769,21.785916261218397,79821879,33.271948943997984,114,https://hashdive.com/Analyze_User?user_address=0x18440905ede98ac553591ba4cb774cdb2af3a2d5
0x374a12f25974b3a5502e627dd9e9c7c557186fb8,0.18421052631578946,4.243613675743579,21.785741499954657,79821879,283.67358033966104,38,https://hashdive.com/Analyze_User?user_address=0x374a12f25974b3a5502e627dd9e9c7c557186fb8
0xd216cbb44d42376cec902d742447274ae8c83972,0.07407407407407407,2.2004076669746104,21.784035903048643,79821879,1383.507736460782,27,https://hashdive.com/Analyze_User?user_address=0xd216cbb44d42376cec902d742447274ae8c83972
0x3e352e9821d54b261e291753457edfe312a50969,0.16666666666666666,2.4484242888549335,21.783863871853036,79821879,5.408523359812,6,https://hashdive.com/Analyze_User?user_address=0x3e352e9821d54b261e291753457edfe312a50969
0x70206b375d931aaaf99392187d89d0e2735cfd20,0.547945205479452,3.645777544429887,21.78211705862946,79827278,28490.61729853935,73,https://hashdive.com/Analyze_User?user_address=0x70206b375d931aaaf99392187d89d0e2735cfd20
0x799530e6b0e66bb6fa39dfcb1e12a1a9f7b82b6b,0.4375,4.067620631155144,21.777547271115395,79830877,181.66159999999996,32,https://hashdive.com/Analyze_User?user_address=0x799530e6b0e66bb6fa39dfcb1e12a1a9f7b82b6b
0xfe08e4198179b151c3daac85adbf08284ed5ed8f,0.42857142857142855,2.1995597290077793,21.775641317177016,79821879,90.515499314971,7,https://hashdive.com/Analyze_User?user_address=0xfe08e4198179b151c3daac85adbf08284ed5ed8f
0x500bbab91803427f8f1d60c23263cc0c92e553e5,0.8695652173913043,4.465714262098678,21.775174170687052,79821879,10499.172497,46,https://hashdive.com/Analyze_User?user_address=0x500bbab91803427f8f1d60c23263cc0c92e553e5
0xfdae2fe6f81747573cfd022652719aff3a60e1f1,0.8,2.199318234331424,21.773250519881095,79821879,56.626377,5,https://hashdive.com/Analyze_User?user_address=0xfdae2fe6f81747573cfd022652719aff3a60e1f1
0x933b8b42a7d74847824535fab969f19463b04abc,0.4411764705882353,4.344460252289944,21.768818369996872,79821879,156.12811666996396,34,https://hashdive.com/Analyze_User?user_address=0x933b8b42a7d74847824535fab969f19463b04abc
0xa61bc47eb1f769e9e42fb286b4983b52a4c43984,0.6428571428571429,6.15471259440513,21.76366718546975,79830877,16961.256201441935,56,https://hashdive.com/Analyze_User?user_address=0xa61bc47eb1f769e9e42fb286b4983b52a4c43984
0x9536f4448bdfcd823738b1feb8672410295aa271,0.8076923076923077,5.099019513591193,21.761138406508614,79821879,1109.603486440275,26,https://hashdive.com/Analyze_User?user_address=0x9536f4448bdfcd823738b1feb8672410295aa271
0xcaa539aa4b5f971a2a4f7203ddd26e94587dd3d8,0.875,2.1980252281700356,21.76044975888335,79821879,54.208544089921006,8,https://hashdive.com/Analyze_User?user_address=0xcaa539aa4b5f971a2a4f7203ddd26e94587dd3d8
0x742c9e537c621e5e7530d724d058d890bc7a21aa,0.6666666666666666,2.9691628359071767,21.759167588669573,79821879,110.182077434284,9,https://hashdive.com/Analyze_User?user_address=0x742c9e537c621e5e7530d724d058d890bc7a21aa
0x8c42655b58ae3c69167ec64cfeafc398fdb22d92,0.75,3.9272655183960157,21.756158411568837,79821879,195.0,16,https://hashdive.com/Analyze_User?user_address=0x8c42655b58ae3c69167ec64cfeafc398fdb22d92
0xcf8055f1f72962b4397455c2318527ce7a41cdce,1.0,2.197531619993996,21.75556303794056,79821879,67.828044,5,https://hashdive.com/Analyze_User?user_address=0xcf8055f1f72962b4397455c2318527ce7a41cdce
0xe3a9f3888f745d6defc35aeec66a981ff3db8054,0.38596491228070173,4.678211856805334,21.75501688272211,79821879,139.99374457291802,57,https://hashdive.com/Analyze_User?user_address=0xe3a9f3888f745d6defc35aeec66a981ff3db8054
0xbd202d3c503067c167fb77497f77e3d4b0df9b07,0.6666666666666666,2.197401482339827,21.754274675164286,79821879,78.615605,6,https://hashdive.com/Analyze_User?user_address=0xbd202d3c503067c167fb77497f77e3d4b0df9b07
0x975fc28ae7e812c199a063e4a656a9d9868ed35f,0.6875,3.779050224604149,21.75012899515297,79821879,19.361305,16,https://hashdive.com/Analyze_User?user_address=0x975fc28ae7e812c199a063e4a656a9d9868ed35f
0x66c1a6fe836ff555ca32848646acedbbe93bfa3f,0.5751911639762107,10.0,21.74575320084763,79821879,69195.48943112146,1177,https://hashdive.com/Analyze_User?user_address=0x66c1a6fe836ff555ca32848646acedbbe93bfa3f
0x49ed9afcec6cf4c1a259d6355ed3154584a52486,0.75,3.4100335942932065,21.74535388594347,79821879,3937.0499999999997,20,https://hashdive.com/Analyze_User?user_address=0x49ed9afcec6cf4c1a259d6355ed3154584a52486
0xd835682dde68e2e13a344409f8f35c273d7796a3,0.2857142857142857,2.3107085748888956,21.743091083082234,79821879,54.12429,14,https://hashdive.com/Analyze_User?user_address=0xd835682dde68e2e13a344409f8f35c273d7796a3
0xe96be687fdf9fc7482f865a2ab88a43a26cd3394,0.6153846153846154,7.012783416601569,21.742299020146977,79821879,1468.030305,52,https://hashdive.com/Analyze_User?user_address=0xe96be687fdf9fc7482f865a2ab88a43a26cd3394
0x22de709849d216403c1ba38119772fe4d9deb41b,0.4,2.737188493819466,21.741691801939993,79821879,44.950649472646006,10,https://hashdive.com/Analyze_User?user_address=0x22de709849d216403c1ba38119772fe4d9deb41b
0xf7b827e1e36e291893e4a2d4b2a1541cabf36b7c,0.6842105263157895,3.4589169832797846,21.734577870096796,79821879,17758.5,19,https://hashdive.com/Analyze_User?user_address=0xf7b827e1e36e291893e4a2d4b2a1541cabf36b7c
0xdd3e0452044b79d5997734aa2aca646ff0cc3893,0.3333333333333333,2.1945886434969157,21.726427570619467,79821879,11.2725,6,https://hashdive.com/Analyze_User?user_address=0xdd3e0452044b79d5997734aa2aca646ff0cc3893
0x59fdd285d7bed82429be4e40c3364d8e00d3e030,0.4482758620689655,2.961690021013389,21.725148316783685,79821879,18030.60207642,29,https://hashdive.com/Analyze_User?user_address=0x59fdd285d7bed82429be4e40c3364d8e00d3e030
0x6bc5960ff9136396488215b7a65ee77c5d6fbe20,0.6,2.2360679774914596,21.72504402112512,79821879,4.857846773634,5,https://hashdive.com/Analyze_User?user_address=0x6bc5960ff9136396488215b7a65ee77c5d6fbe20
0x1fb48b2bbac9a5f78818acbde8a60ba886b924a9,0.6666666666666666,2.457888331380718,21.72368994218456,79821879,173.793800365713,9,https://hashdive.com/Analyze_User?user_address=0x1fb48b2bbac9a5f78818acbde8a60ba886b924a9
0x2142318cd902a6bf20297df8eab1882e66cfc308,0.7272727272727273,4.466720151488467,21.72220972708393,79821879,2656.1600000000003,22,https://hashdive.com/Analyze_User?user_address=0x2142318cd902a6bf20297df8eab1882e66cfc308
0x2dec4da82253ab050342016809fbfcc1e6cd19e2,0.5918367346938775,6.581833454677239,21.7205975187603,79821879,1588.0,49,https://hashdive.com/Analyze_User?user_address=0x2dec4da82253ab050342016809fbfcc1e6cd19e2
0xfb51437cda6a79ff80934fb0b71ca86f4a35e698,0.6521739130434783,3.729712868933408,21.71708861889066,79821879,97.86243942904599,23,https://hashdive.com/Analyze_User?user_address=0xfb51437cda6a79ff80934fb0b71ca86f4a35e698
0x14ca59680f3281470b9a592a02f34655f25a128f,1.0,2.1934815249800317,21.715467097302312,79821879,33.5,5,https://hashdive.com/Analyze_User?user_address=0x14ca59680f3281470b9a592a02f34655f25a128f
0xacb94a6796474174c029503f03e0681e14470754,0.4,3.255175650707365,21.714970076077854,79821879,194.81706538583,35,https://hashdive.com/Analyze_User?user_address=0xacb94a6796474174c029503f03e0681e14470754
0x762ba9a32a06563314e03f4bb90ba906a3932b49,0.4731182795698925,5.534532701187906,21.712652261946953,79821879,832.6927284719311,93,https://hashdive.com/Analyze_User?user_address=0x762ba9a32a06563314e03f4bb90ba906a3932b49
0x004cdfe613d75809b6a97b60170cdbefa7e2e005,0.5555555555555556,2.5800992815174806,21.71235569120103,79821879,265.6794671949531,18,https://hashdive.com/Analyze_User?user_address=0x004cdfe613d75809b6a97b60170cdbefa7e2e005
0x97a918986b3900c2a8bc07b6c9afa306ecf4107a,0.6666666666666666,2.1931364449358925,21.712050804865335,79821879,1206.233404175827,6,https://hashdive.com/Analyze_User?user_address=0x97a918986b3900c2a8bc07b6c9afa306ecf4107a
0xa3c7e3f90056fb6311167131dd9b2b8c396d3199,0.25,2.1930160188081045,21.71085858620023,79821879,134.537557005352,8,https://hashdive.com/Analyze_User?user_address=0xa3c7e3f90056fb6311167131dd9b2b8c396d3199
0xf5fe66aad11eee5ceef6e11aa0c3ca21b2ac6bbe,0.7894736842105263,2.192674999285779,21.70748249292921,79821879,26168.6294851991,19,https://hashdive.com/Analyze_User?user_address=0xf5fe66aad11eee5ceef6e11aa0c3ca21b2ac6bbe
0x0f5b3dc08c4a4e977dc56bc0b5ea99e540bb218e,0.3333333333333333,3.3409400300344143,21.706996066164667,79821879,270.294790469144,15,https://hashdive.com/Analyze_User?user_address=0x0f5b3dc08c4a4e977dc56bc0b5ea99e540bb218e
0xe76ebe9ca3ab26b667184620ac4a872dc9cd9c78,0.358974358974359,3.097085809845554,21.70075741512583,79821879,512.4878901139081,39,https://hashdive.com/Analyze_User?user_address=0xe76ebe9ca3ab26b667184620ac4a872dc9cd9c78
0x8048476273b4afbea82f10e7322c774408228077,0.47058823529411764,2.8929470486225606,21.69933182285211,79823676,3967.09,17,https://hashdive.com/Analyze_User?user_address=0x8048476273b4afbea82f10e7322c774408228077
0xeb9b93ffec085a9bb450cf8276798caf8d0b2663,0.3333333333333333,2.190890094431362,21.689811934870484,79821879,82.40350527376,6,https://hashdive.com/Analyze_User?user_address=0xeb9b93ffec085a9bb450cf8276798caf8d0b2663
0x2dfcafb1d2af8bd558616812debd15665d4f1421,0.6666666666666666,2.190888431949026,21.68979547629536,79821879,9.485040486152,6,https://hashdive.com/Analyze_User?user_address=0x2dfcafb1d2af8bd558616812debd15665d4f1421
0xe19bc3764ca6c036fab52137178999860d3db767,0.8888888888888888,2.9136140452419674,21.681715600318,79821879,4186.77,9,https://hashdive.com/Analyze_User?user_address=0xe19bc3764ca6c036fab52137178999860d3db767
0x83447ac8dcfcc6e2bc8996c4ff3494118915ebed,0.7156862745098039,7.530025240364014,21.679299378139017,79821879,27103.639644337567,102,https://hashdive.com/Analyze_User?user_address=0x83447ac8dcfcc6e2bc8996c4ff3494118915ebed
0x71e11e0fc20a2adf27026fbf8674b38f8ff945f0,0.4536082474226804,4.902364429772886,21.679144332631324,79821879,106925.45289458938,97,https://hashdive.com/Analyze_User?user_address=0x71e11e0fc20a2adf27026fbf8674b38f8ff945f0
0x0f52de2f4ff9a0d48b6664d8adbec65f69d286b1,0.16666666666666666,2.189771676854207,21.678739600856648,79821879,210.640411095678,6,https://hashdive.com/Analyze_User?user_address=0x0f52de2f4ff9a0d48b6664d8adbec65f69d286b1
0xe0fe93575e0b4c92ede3ec13c940547d3185ad41,0.6,2.5347913459894458,21.678662448080637,79821879,2573.8197717360763,10,https://hashdive.com/Analyze_User?user_address=0xe0fe93575e0b4c92ede3ec13c940547d3185ad41
0xca2c665bdcde03d3c15d1eaaca57ea398a53ca6b,0.5714285714285714,2.1895901388708565,21.67694237482148,79821879,89.442786554398,7,https://hashdive.com/Analyze_User?user_address=0xca2c665bdcde03d3c15d1eaaca57ea398a53ca6b
0x2f9a59c07e528e75ed6db78fff5af76423578026,0.6666666666666666,2.1894603196249496,21.675657164287003,79821879,127.63403828331,6,https://hashdive.com/Analyze_User?user_address=0x2f9a59c07e528e75ed6db78fff5af76423578026
0x8ee7083edc9c6fe17f42f6518953a609c363051f,0.6216216216216216,5.191078772119761,21.67507934792463,79821879,1008.9532009200201,37,https://hashdive.com/Analyze_User?user_address=0x8ee7083edc9c6fe17f42f6518953a609c363051f
0xd672a8cd582f1fa838aee361f52ae95b598c9d50,0.8333333333333334,2.1892879440559923,21.673950646154324,79821879,1704.8,6,https://hashdive.com/Analyze_User?user_address=0xd672a8cd582f1fa838aee361f52ae95b598c9d50
0xb787b4d982cba7b2ef132e4b0afd4ddb09a518ba,0.2,2.189210607143315,21.673185010718818,79821879,215.37392393813104,10,https://hashdive.com/Analyze_User?user_address=0xb787b4d982cba7b2ef132e4b0afd4ddb09a518ba
0x4abf8da0ccac975bd47aaca7cbac16368d2b9c82,0.6727272727272727,7.234848784313933,21.671758593180233,79821879,1660.687502505713,55,https://hashdive.com/Analyze_User?user_address=0x4abf8da0ccac975bd47aaca7cbac16368d2b9c82
0x8a6632b0909d25657a49b1a99a30008f6d697b61,0.6875,3.400562251288445,21.66916822882324,79821879,448.28799999999995,16,https://hashdive.com/Analyze_User?user_address=0x8a6632b0909d25657a49b1a99a30008f6d697b61
0x1e1b9f05ffb441ea34e84e1c5fa8a57f2ff351a6,0.55,3.573332542075323,21.667752354714306,79821879,28.499373,20,https://hashdive.com/Analyze_User?user_address=0x1e1b9f05ffb441ea34e84e1c5fa8a57f2ff351a6
0xbdc097393b12084000a18fe705f03e3e7120688c,0.6363636363636364,2.1884801499454634,21.665953484460086,79821879,184.798673049234,11,https://hashdive.com/Analyze_User?user_address=0xbdc097393b12084000a18fe705f03e3e7120688c
0x4769989638d49d1d2751777f57f322998df22ea2,0.6666666666666666,3.1399005155486783,21.66358942540594,79821879,3399.730715,12,https://hashdive.com/Analyze_User?user_address=0x4769989638d49d1d2751777f57f322998df22ea2
0xce0e1a8971a0f1ae73d8d65017f52a1b08a6bb97,0.18666666666666668,5.092998568658643,21.662160731495973,79821879,1703.9044187770319,75,https://hashdive.com/Analyze_User?user_address=0xce0e1a8971a0f1ae73d8d65017f52a1b08a6bb97
0xdb715777a8906f366d132b1969186243c5dc8db1,0.75,3.4641016151306134,21.658377460697555,79821879,75.026630928704,12,https://hashdive.com/Analyze_User?user_address=0xdb715777a8906f366d132b1969186243c5dc8db1
0x8d38ab2c5f426e811367a1f0201306df1228ebf1,0.5945945945945946,4.8952328517436525,21.649512108293724,79821879,438.3898599999999,37,https://hashdive.com/Analyze_User?user_address=0x8d38ab2c5f426e811367a1f0201306df1228ebf1
0x0a1885dac7995ded2403a7e592fa18ce37b0d67b,0.6666666666666666,2.186812030903662,21.649439105946257,79821879,7529.246477000001,6,https://hashdive.com/Analyze_User?user_address=0x0a1885dac7995ded2403a7e592fa18ce37b0d67b
0x6de7b65484ba47b3026009690172681d958b4258,0.6792452830188679,7.204598337744042,21.649388785897532,79821879,1654.4,53,https://hashdive.com/Analyze_User?user_address=0x6de7b65484ba47b3026009690172681d958b4258
0x262763d7e5e39d8b049f76549e7e228e8880a461,0.8333333333333334,2.186572299358946,21.647065763653565,79821879,3547.657370990002,6,https://hashdive.com/Analyze_User?user_address=0x262763d7e5e39d8b049f76549e7e228e8880a461
0x0cbacb7e75477ec9dced61df9bcf2c671895e942,0.4444444444444444,2.1865391683154938,21.64673776632339,79821879,116.717575,9,https://hashdive.com/Analyze_User?user_address=0x0cbacb7e75477ec9dced61df9bcf2c671895e942
0xe649da06413272ea44b628751d033d1e0b295f89,0.6071428571428571,4.964972364630342,21.646191564721107,79821879,495.6669212618979,28,https://hashdive.com/Analyze_User?user_address=0xe649da06413272ea44b628751d033d1e0b295f89
0x0fc9a96c9352e5b298ea71f5b1dd806069ae236a,0.42857142857142855,2.186243398338226,21.64380964354844,79821879,84.07272364962202,7,https://hashdive.com/Analyze_User?user_address=0x0fc9a96c9352e5b298ea71f5b1dd806069ae236a
0x2b553fe13c3a0ed38ea6e89fd9d02abbdab0d625,0.8571428571428571,2.543431372004898,21.64035943096481,79821879,2242.89,7,https://hashdive.com/Analyze_User?user_address=0x2b553fe13c3a0ed38ea6e89fd9d02abbdab0d625
0x4c9fde296c78114cbb0d2a01f9cee844b4399686,0.6086956521739131,4.26611561385291,21.630294722840055,79821879,420.1500000000001,23,https://hashdive.com/Analyze_User?user_address=0x4c9fde296c78114cbb0d2a01f9cee844b4399686
0xcf712cf58b6e3dab8da0ad694f33352db6622ea2,0.2777777777777778,3.130827282586827,21.626400987435204,79821879,157.87882758468598,18,https://hashdive.com/Analyze_User?user_address=0xcf712cf58b6e3dab8da0ad694f33352db6622ea2
0x8d94ac2f49ae6b7906f2f20c6004af72bf238515,1.0,2.184301090838987,21.624580799305974,79821879,3947.5,5,https://hashdive.com/Analyze_User?user_address=0x8d94ac2f49ae6b7906f2f20c6004af72bf238515
0x44aabd1ce5ebea45059c83610152c086dc0514e3,0.3125,2.78291244629159,21.624040547907395,79821879,2609.5091279999997,16,https://hashdive.com/Analyze_User?user_address=0x44aabd1ce5ebea45059c83610152c086dc0514e3
0x9c5d4203be5c5ddea2ca3bef5e4443dd7f6d054b,0.5714285714285714,2.3835167845088367,21.622289695435903,79821879,25.400291723543006,7,https://hashdive.com/Analyze_User?user_address=0x9c5d4203be5c5ddea2ca3bef5e4443dd7f6d054b
0xa5a392498d6d4e391bf73abea21b8aed12b63e5d,0.46226415094339623,9.658896705811186,21.62075198926461,79821879,28.16383061986901,106,https://hashdive.com/Analyze_User?user_address=0xa5a392498d6d4e391bf73abea21b8aed12b63e5d
0x6a705a8e0fbb3962c912997883e24b82bf961cb6,0.3333333333333333,2.2998035497622045,21.618463216430914,79821879,303.249977180889,12,https://hashdive.com/Analyze_User?user_address=0x6a705a8e0fbb3962c912997883e24b82bf961cb6
0xdb92f01df141d19383c7da31bf49dd857e6acecd,0.4,3.7725457738432384,21.61537334679535,79821879,9.282009885453002,15,https://hashdive.com/Analyze_User?user_address=0xdb92f01df141d19383c7da31bf49dd857e6acecd
0xd5a5bb552c610fd378691954f3cc38c3d6dd2cc6,0.6,2.1832308234542994,21.613985152197564,79821879,138.393909758094,5,https://hashdive.com/Analyze_User?user_address=0xd5a5bb552c610fd378691954f3cc38c3d6dd2cc6
0xbaea98acb9b43218eaf8e43b320a4dff2e1695e8,0.2857142857142857,2.1831675047378534,21.61335829690475,79821879,1200.597480725661,7,https://hashdive.com/Analyze_User?user_address=0xbaea98acb9b43218eaf8e43b320a4dff2e1695e8
0x8a5c753c85a0612718d8e07a9771e93146d107af,0.4444444444444444,4.30630694631531,21.611637485415372,79821879,54.050153889453,36,https://hashdive.com/Analyze_User?user_address=0x8a5c753c85a0612718d8e07a9771e93146d107af
0x4ed3ebab8a71acdf198184e5c4019e79dd63a8db,0.2,2.182961196636193,21.61131584669831,79821879,1540.6478221604175,5,https://hashdive.com/Analyze_User?user_address=0x4ed3ebab8a71acdf198184e5c4019e79dd63a8db
0xa0231ee0e9b63df4899788fb5138b0accd543720,0.2222222222222222,2.579241876917375,21.61105375991575,79821879,191.061456830725,9,https://hashdive.com/Analyze_User?user_address=0xa0231ee0e9b63df4899788fb5138b0accd543720
0xdd3568074e01cf1c8e8b1911cf64ac85f6ddf5cf,0.6666666666666666,7.056170062561902,21.604946369042782,79821879,1594.0,51,https://hashdive.com/Analyze_User?user_address=0xdd3568074e01cf1c8e8b1911cf64ac85f6ddf5cf
0xf34e4e6b5ccd491d92e892d49392fc5f0395f4e7,0.8333333333333334,2.3961984782144894,21.604007312373238,79821879,11.044444579392,6,https://hashdive.com/Analyze_User?user_address=0xf34e4e6b5ccd491d92e892d49392fc5f0395f4e7
0x39f51226b635f6c2611dc42a6f2bcee5d39747d1,1.0,2.1821409510924776,21.603195415815527,79821879,37.0,5,https://hashdive.com/Analyze_User?user_address=0x39f51226b635f6c2611dc42a6f2bcee5d39747d1
0xcd5e1cb569a2aad5c54b4b65eaae585481a1a09c,0.038461538461538464,2.1819428382622013,21.601234098795793,79821879,1877.0384906585628,26,https://hashdive.com/Analyze_User?user_address=0xcd5e1cb569a2aad5c54b4b65eaae585481a1a09c
0x18ae74e3066e90105ced2c2b12d6a95332a12155,0.1362126245847176,10.0,21.59884021411407,79827278,111.20968253953349,602,https://hashdive.com/Analyze_User?user_address=0x18ae74e3066e90105ced2c2b12d6a95332a12155
0x1d949489f736378cbde40db18c093c5cff459100,0.4221105527638191,10.0,21.594142492082113,79830877,85106.85941899994,2786,https://hashdive.com/Analyze_User?user_address=0x1d949489f736378cbde40db18c093c5cff459100
0xfa9cb26f016a57865379e49a916303233e65ede2,0.5714285714285714,2.1805973193356065,21.587913461422502,79821879,1985.3843976992769,7,https://hashdive.com/Analyze_User?user_address=0xfa9cb26f016a57865379e49a916303233e65ede2
0x77c85fcbc66d0b16ed46afcdf5a383a801189366,0.875,2.7581772636866133,21.585188276426774,79821879,4805.4400000000005,8,https://hashdive.com/Analyze_User?user_address=0x77c85fcbc66d0b16ed46afcdf5a383a801189366
0x4c9ed7d20f93100183f1a9981833da1a866deb20,0.5,2.1802917796133623,21.584888618172286,79821879,1415.373824499565,8,https://hashdive.com/Analyze_User?user_address=0x4c9ed7d20f93100183f1a9981833da1a866deb20
0xf8e914d21bb902bbd4fa30385ff13580886a5d55,0.8,2.180130586298124,21.58329280435143,79821879,618.501424292695,5,https://hashdive.com/Analyze_User?user_address=0xf8e914d21bb902bbd4fa30385ff13580886a5d55
0x40a1a55cc4dc4e74de38652cd9af7d306138e8d1,0.6666666666666666,2.848274590997547,21.580563912381464,79821879,36.368134892013,9,https://hashdive.com/Analyze_User?user_address=0x40a1a55cc4dc4e74de38652cd9af7d306138e8d1
0xf1ebd73f1de709a33b6f340b2602c7c4d8b41ace,0.75,4.179976968042991,21.57726365743123,79821879,397.456945494932,20,https://hashdive.com/Analyze_User?user_address=0xf1ebd73f1de709a33b6f340b2602c7c4d8b41ace
0xbce1eb56293f7ba4dde7b01ac1e4d7766d5b6c13,0.14285714285714285,2.508184496905747,21.57525572944754,79821879,364.291005869875,7,https://hashdive.com/Analyze_User?user_address=0xbce1eb56293f7ba4dde7b01ac1e4d7766d5b6c13
0x0c7b3e0c9ee5de9cc279098a8b337bf17e2f0f9f,0.68,4.732694189006713,21.57471504327651,79821879,481.7714659957909,25,https://hashdive.com/Analyze_User?user_address=0x0c7b3e0c9ee5de9cc279098a8b337bf17e2f0f9f
0xa0312ba999731d6689fdf4c4aa2b6881bb54bef2,0.7368421052631579,3.841263656987497,21.571391243198047,79821879,285.77691899999996,19,https://hashdive.com/Analyze_User?user_address=0xa0312ba999731d6689fdf4c4aa2b6881bb54bef2
0x8017c6db3031e7b2112fe13f9e0d6c2518e66c1c,0.3469387755102041,2.941377522697517,21.569575538310843,79821879,4409.072551217039,49,https://hashdive.com/Analyze_User?user_address=0x8017c6db3031e7b2112fe13f9e0d6c2518e66c1c
0xa51b1598c5090c5a61cede81dd982c7ba1c38938,0.5964912280701754,7.214715719577725,21.56528639814955,79821879,1474.567738285027,57,https://hashdive.com/Analyze_User?user_address=0xa51b1598c5090c5a61cede81dd982c7ba1c38938
0xf901f38ea126724b06632100b308a8904af20b70,0.75,4.384030821883993,21.5602316713329,79821879,34.54334,20,https://hashdive.com/Analyze_User?user_address=0xf901f38ea126724b06632100b308a8904af20b70
0x1648f6cddba4cfa08688fd1f14dc8004c46293b6,0.75,3.159292215047308,21.558310608509274,79829078,15.694632053577001,12,https://hashdive.com/Analyze_User?user_address=0x1648f6cddba4cfa08688fd1f14dc8004c46293b6
0x201f30502045f585c6eb43b79e69665ebb5db17c,0.5384615384615384,4.503416938469826,21.553085073899098,79821879,450.71507225776594,26,https://hashdive.com/Analyze_User?user_address=0x201f30502045f585c6eb43b79e69665ebb5db17c
0xf9cf0acfa7fb13a09bd0b870f88778ee4f25dbf1,0.2857142857142857,2.1769838263290504,21.5521398806576,79821879,35.477795239820004,7,https://hashdive.com/Analyze_User?user_address=0xf9cf0acfa7fb13a09bd0b870f88778ee4f25dbf1
0x3237dc616318809aa5b578650be44ceb2066a823,1.0,2.1767809263122673,21.550131170491444,79821879,1976.5,5,https://hashdive.com/Analyze_User?user_address=0x3237dc616318809aa5b578650be44ceb2066a823
0x92d23d1a9f6f488fc78b6bf2dfd1836e1a97d4d6,0.3333333333333333,2.1764842037794216,21.547193617416273,79821879,183.717889540769,6,https://hashdive.com/Analyze_User?user_address=0x92d23d1a9f6f488fc78b6bf2dfd1836e1a97d4d6
0xf0abce3af9313bfa230570add3c68f32117187e4,1.0,2.92281359847462,21.54106988256285,79821879,13.317327612469999,10,https://hashdive.com/Analyze_User?user_address=0xf0abce3af9313bfa230570add3c68f32117187e4
0xe05d7a5af8ee3ec5f1a599e5b7ce5f575ceb1dee,0.17647058823529413,4.399285986765215,21.535563757760453,79821879,200.85773150504608,51,https://hashdive.com/Analyze_User?user_address=0xe05d7a5af8ee3ec5f1a599e5b7ce5f575ceb1dee
0xb53c0ddaa9776306e0fbc9a1c14dac51f374cce1,0.35,3.993774597492085,21.535230000538697,79821879,6686.288916882737,20,https://hashdive.com/Analyze_User?user_address=0xb53c0ddaa9776306e0fbc9a1c14dac51f374cce1
0xdf0b538e4261b6e578205f23ddebb55a849a5b89,0.14285714285714285,2.5292484371941035,21.53055852548232,79821879,110.25803585303598,14,https://hashdive.com/Analyze_User?user_address=0xdf0b538e4261b6e578205f23ddebb55a849a5b89
0x8d3155b0257bc661400a4a90d3d9ca5b9cad060f,0.875,2.821055495350637,21.52956797753648,79821879,615.5,8,https://hashdive.com/Analyze_User?user_address=0x8d3155b0257bc661400a4a90d3d9ca5b9cad060f
0xb17b20ada11280abf7cfb83c56054ed1ed99590a,0.8,2.1742139823967106,21.524718425727436,79821879,233.359257377141,5,https://hashdive.com/Analyze_User?user_address=0xb17b20ada11280abf7cfb83c56054ed1ed99590a
0x9b9b4d6dfa8a7d945e2c88cce660ea2dfddb65ff,0.25,2.1740416763678425,21.52301259604164,79821879,618.695773279464,8,https://hashdive.com/Analyze_User?user_address=0x9b9b4d6dfa8a7d945e2c88cce660ea2dfddb65ff
0xfda4451f019931f93c7391d72c3a9660ec4d5a7e,0.7727272727272727,2.8061235734763335,21.519441469477258,79821879,73.92649380293301,22,https://hashdive.com/Analyze_User?user_address=0xfda4451f019931f93c7391d72c3a9660ec4d5a7e
0x8a91bbeaad3151cd06c5c1db0dfe0b1e08c042b7,0.8,2.1735386637305507,21.518032770932454,79821879,48.996010999999996,5,https://hashdive.com/Analyze_User?user_address=0x8a91bbeaad3151cd06c5c1db0dfe0b1e08c042b7
0xfb48fcfd735c029f3c9dfd365c09ef8a3d0a1c27,0.625,2.173509862815434,21.5177476418728,79821879,14003.007221457578,8,https://hashdive.com/Analyze_User?user_address=0xfb48fcfd735c029f3c9dfd365c09ef8a3d0a1c27
0x25b7189c68607cecd447a5cde90b4968f8c75520,0.5689655172413793,7.071347485722321,21.51586969989083,79821879,1410.161918248886,58,https://hashdive.com/Analyze_User?user_address=0x25b7189c68607cecd447a5cde90b4968f8c75520
0xaa73b751f8f82cada68ccf3c668aba33ba54a193,0.3,2.173233870860854,21.515015321522455,79821879,130.003552910386,10,https://hashdive.com/Analyze_User?user_address=0xaa73b751f8f82cada68ccf3c668aba33ba54a193
0x07a9a313338d29e7ec53acc3e8ac7dd8a540d683,0.6,2.1727142907382775,21.50987147830895,79821879,255.24074000000002,5,https://hashdive.com/Analyze_User?user_address=0x07a9a313338d29e7ec53acc3e8ac7dd8a540d683
0x41f2899da8ccf8d08b7ebe6573b2a1a816f7eecf,0.5714285714285714,2.172588120416414,21.508622392122497,79821879,40227.57670510512,7,https://hashdive.com/Analyze_User?user_address=0x41f2899da8ccf8d08b7ebe6573b2a1a816f7eecf
0x52dc62057313cfccf5f4255cedc839112ba5312b,0.2,2.1721794768173264,21.50457682049153,79821879,44.62781185079201,10,https://hashdive.com/Analyze_User?user_address=0x52dc62057313cfccf5f4255cedc839112ba5312b
0x26b76c8fbf0d95b596aa69fa3991a73f86925b40,0.6181818181818182,7.216821683286379,21.503070633508724,79821879,1561.000006115554,55,https://hashdive.com/Analyze_User?user_address=0x26b76c8fbf0d95b596aa69fa3991a73f86925b40
0x50b977391c4b3dd88b0a0bef03c3434fe4284298,0.036242250834525515,10.0,21.502536101862603,79830877,626.6015498617586,12582,https://hashdive.com/Analyze_User?user_address=0x50b977391c4b3dd88b0a0bef03c3434fe4284298
0x9bc08444af6fcb180f90972f4be298b02b7ff8bc,0.625,3.325761915096218,21.496632943631564,79821879,81.299903,16,https://hashdive.com/Analyze_User?user_address=0x9bc08444af6fcb180f90972f4be298b02b7ff8bc
0x9bf9bc1d423b37a1711103d1278ed85f777f38fd,0.21739130434782608,2.4415810816525636,21.495340703770268,79821879,100.750575223464,23,https://hashdive.com/Analyze_User?user_address=0x9bf9bc1d423b37a1711103d1278ed85f777f38fd
0xdb65a87a9751cb36c645a89db350888dafec5678,0.16666666666666666,2.6015254620429196,21.494047813530237,79821879,152.303176295372,12,https://hashdive.com/Analyze_User?user_address=0xdb65a87a9751cb36c645a89db350888dafec5678
0x83e2fa90b7dd9e74ac0ab44e80be57fca16e57b4,0.8,2.1707951584543954,21.49087206869851,79821879,115.35298599999999,5,https://hashdive.com/Analyze_User?user_address=0x83e2fa90b7dd9e74ac0ab44e80be57fca16e57b4
0xeea98ac12fe30b8c018ca1b81acad30e0f2f70de,0.2222222222222222,2.1706172009107454,21.48911028901638,79821879,123.05821200000001,9,https://hashdive.com/Analyze_User?user_address=0xeea98ac12fe30b8c018ca1b81acad30e0f2f70de
0x47af49c0146c207706309a3a66e3a434b1407b08,0.6666666666666666,2.827107207332961,21.486941045424963,79821879,35563.291959999995,18,https://hashdive.com/Analyze_User?user_address=0x47af49c0146c207706309a3a66e3a434b1407b08
0x7d11aa44a7fa38f0fa9372ce9a2c2cd72a112ca9,0.18181818181818182,4.810704337749873,21.48600393750446,79821879,22.21779188222004,77,https://hashdive.com/Analyze_User?user_address=0x7d11aa44a7fa38f0fa9372ce9a2c2cd72a112ca9
0x5276d79d20b96de4363d511832963816adde3846,0.4583333333333333,2.59517873906678,21.482791758197884,79821879,504.97540495543984,24,https://hashdive.com/Analyze_User?user_address=0x5276d79d20b96de4363d511832963816adde3846
0xb1fa1aa03ce4f1f4e259cda433e7fdaf80f91a14,0.40540540540540543,3.2544321729039267,21.481806536521873,79821879,106050.9677786775,37,https://hashdive.com/Analyze_User?user_address=0xb1fa1aa03ce4f1f4e259cda433e7fdaf80f91a14
0x8a6dc55c7fc993b92282a396dcec33af60537dc6,0.5869565217391305,6.403275145928531,21.47952414274804,79821879,1482.0,46,https://hashdive.com/Analyze_User?user_address=0x8a6dc55c7fc993b92282a396dcec33af60537dc6
0xd6f0baa42f2daba854ee740a3cde200e131950eb,0.5,2.169448922966347,21.477544337366833,79821879,80.37650322885202,6,https://hashdive.com/Analyze_User?user_address=0xd6f0baa42f2daba854ee740a3cde200e131950eb
0x49338cab2db813c02a1fecb9e56f009191b67e4a,0.2222222222222222,2.9999999984090873,21.47472574534571,79821879,0.064418262659,9,https://hashdive.com/Analyze_User?user_address=0x49338cab2db813c02a1fecb9e56f009191b67e4a
0x325b708acc965f7a3e10411289b6005112727f09,0.3333333333333333,2.1690599592292825,21.4736935963699,79821879,406.553001798099,6,https://hashdive.com/Analyze_User?user_address=0x325b708acc965f7a3e10411289b6005112727f09
0xd03317acf9af03464f387981da2b082e36513f26,0.6153846153846154,2.8270456421357637,21.473130592879865,79821879,3339.8799999999987,13,https://hashdive.com/Analyze_User?user_address=0xd03317acf9af03464f387981da2b082e36513f26
0x43c46bfc7b64c2a6343faac70b43c56cdac1d150,0.603448275862069,7.266334954300452,21.472817846604137,79821879,1498.536189751567,58,https://hashdive.com/Analyze_User?user_address=0x43c46bfc7b64c2a6343faac70b43c56cdac1d150
0x0ce7cdcbe8b8d32e9368a8e2c2d75b4cde1cdc95,0.8333333333333334,3.067351475813099,21.470864193926605,79821879,611.0820603836921,30,https://hashdive.com/Analyze_User?user_address=0x0ce7cdcbe8b8d32e9368a8e2c2d75b4cde1cdc95
0x348c8a6da7308613a141061f2188a2d951fa2e13,0.2,2.168228089512528,21.46545808617403,79821879,34.90133482142399,5,https://hashdive.com/Analyze_User?user_address=0x348c8a6da7308613a141061f2188a2d951fa2e13
0xef2d1c908ef4d060c802d638ff9f20f436575add,0.8333333333333334,2.1681396928995422,21.464582959705467,79821879,90.086093763979,6,https://hashdive.com/Analyze_User?user_address=0xef2d1c908ef4d060c802d638ff9f20f436575add
0x6a8af4c9f6f8c83c6306790fd4e85af422887d5e,0.5555555555555556,2.167956356776858,21.462767932090895,79821879,1857.8937886480248,9,https://hashdive.com/Analyze_User?user_address=0x6a8af4c9f6f8c83c6306790fd4e85af422887d5e
0x65d760547523ebc4e2a4b91770976399ad54a7c3,0.7241379310344828,4.907784067053689,21.461998515556044,79821879,2231.7,29,https://hashdive.com/Analyze_User?user_address=0x65d760547523ebc4e2a4b91770976399ad54a7c3
0x1f8abcd71f6b6d36295bd014482161e2786a564b,0.16666666666666666,2.1674196691716316,21.457454724799156,79830877,256.43316638180295,6,https://hashdive.com/Analyze_User?user_address=0x1f8abcd71f6b6d36295bd014482161e2786a564b
0x0ecf65377ee7f184b46b5f509b06d324e5f99762,0.42857142857142855,2.1672276937605046,21.455554168228996,79821879,1709.366540729599,7,https://hashdive.com/Analyze_User?user_address=0x0ecf65377ee7f184b46b5f509b06d324e5f99762
0x9c88ecab19ae31092c27896db2f57de51b8aa287,0.6875,3.0830383183646943,21.454551990403615,79821879,3739.4200000000005,16,https://hashdive.com/Analyze_User?user_address=0x9c88ecab19ae31092c27896db2f57de51b8aa287
0x93148359885b9ecc576f7bcfa8950e1f183c3a61,0.6,2.585263156706674,21.453358855512597,79821879,31.538470369339997,15,https://hashdive.com/Analyze_User?user_address=0x93148359885b9ecc576f7bcfa8950e1f183c3a61
0x72ae582317198bbbcab93ba86fe11eafed8c32b0,0.1111111111111111,2.1667525268783243,21.45085001609541,79821879,537.3097376154351,9,https://hashdive.com/Analyze_User?user_address=0x72ae582317198bbbcab93ba86fe11eafed8c32b0
0x53e5b254829d5063fb0a4fd84f736844e6523a31,0.46405228758169936,7.110650176950446,21.448956576851266,79821879,2435.240135484046,153,https://hashdive.com/Analyze_User?user_address=0x53e5b254829d5063fb0a4fd84f736844e6523a31
0x25a1c02181c73a2c0007ec58420090af411867b0,0.5,3.1461013506616027,21.446706653725826,79821879,37797.516205894055,72,https://hashdive.com/Analyze_User?user_address=0x25a1c02181c73a2c0007ec58420090af411867b0
0x18b9623489824f936b47f594404eda424ffdf272,0.8181818181818182,2.8890256702717783,21.444556718231837,79821879,109.114438655683,11,https://hashdive.com/Analyze_User?user_address=0x18b9623489824f936b47f594404eda424ffdf272
0x83578df4a9329786d52d4c0309dc9444a5caff58,0.4166666666666667,4.666673714268029,21.443533312933592,79821879,12.865913083084,24,https://hashdive.com/Analyze_User?user_address=0x83578df4a9329786d52d4c0309dc9444a5caff58
0x7a5175aaa645398c661e6b6e1f22d9b5e92c8825,0.9166666666666666,3.255859709282467,21.443490556433986,79821879,60.895179999999996,12,https://hashdive.com/Analyze_User?user_address=0x7a5175aaa645398c661e6b6e1f22d9b5e92c8825
0xa5dd45327a5b41f68266c5035d18cabda0f9019f,0.2,2.1659804528333266,21.443206483049934,79829078,251.88317388314096,5,https://hashdive.com/Analyze_User?user_address=0xa5dd45327a5b41f68266c5035d18cabda0f9019f
0x6878f1a9baf9b8668c829cf872b4f46cd9334cb5,0.6206896551724138,4.606718558024865,21.440888682893153,79821879,2353.661775047382,29,https://hashdive.com/Analyze_User?user_address=0x6878f1a9baf9b8668c829cf872b4f46cd9334cb5
0x8c625dacedd6c01acfca96a6badf7b1750272a02,0.8,2.165695684171578,21.440387273298622,79821879,6168.4,10,https://hashdive.com/Analyze_User?user_address=0x8c625dacedd6c01acfca96a6badf7b1750272a02
0x1a9b5aadd7a1fee9b8c46103d6b227ffaf692f9e,0.6666666666666666,2.1655197436364917,21.43864546200127,79821879,440.0872377247841,6,https://hashdive.com/Analyze_User?user_address=0x1a9b5aadd7a1fee9b8c46103d6b227ffaf692f9e
0xcfa0af0ae194e7622c44d414a40768b81b111b3a,0.35714285714285715,3.741657382564686,21.437597500827753,79821879,0.08020614720600001,14,https://hashdive.com/Analyze_User?user_address=0xcfa0af0ae194e7622c44d414a40768b81b111b3a
0xb5e93145cf5aa56ee8c9d5e6ae97a01d8dc288ab,0.6923076923076923,3.4999974387511537,21.43726876143903,79821879,8.574863584325001,13,https://hashdive.com/Analyze_User?user_address=0xb5e93145cf5aa56ee8c9d5e6ae97a01d8dc288ab
0xda991d2d542ff93324f5b0b45e71f34247587f3e,0.5,2.164869300274713,21.43220607271966,79821879,2433.933156,6,https://hashdive.com/Analyze_User?user_address=0xda991d2d542ff93324f5b0b45e71f34247587f3e
0x329f9b189e5a4080250532ce809d9369de03294c,0.85,3.0577697475875087,21.43052692097111,79821879,493.16881538980897,20,https://hashdive.com/Analyze_User?user_address=0x329f9b189e5a4080250532ce809d9369de03294c
0xd056e50848e1691e5e66a23294624f3202d5fc80,0.6363636363636364,7.233691624488328,21.430163446129914,79821879,1554.4492809666651,55,https://hashdive.com/Analyze_User?user_address=0xd056e50848e1691e5e66a23294624f3202d5fc80
0x28adc63bbec405c8d964ec0af15960cc2344f6fc,1.0,2.21973046422103,21.42916678309399,79821879,3933.555,5,https://hashdive.com/Analyze_User?user_address=0x28adc63bbec405c8d964ec0af15960cc2344f6fc
0x0e4c27dd0ef06d5a1a6bdf2acb2bd0b2c88bf590,0.42857142857142855,2.1645288610100875,21.428835723999864,79821879,120.169214852293,7,https://hashdive.com/Analyze_User?user_address=0x0e4c27dd0ef06d5a1a6bdf2acb2bd0b2c88bf590
0x33cd2a2846b0e943d8a06804813cfe451b2f2449,0.55,4.032033188918367,21.428757906921877,79821879,2651.414515,20,https://hashdive.com/Analyze_User?user_address=0x33cd2a2846b0e943d8a06804813cfe451b2f2449
0x923cbaa9935faf4c1d42ed69082c24c8e71434a8,0.6666666666666666,2.164226501313566,21.4258423630043,79821879,1122.4152623753,15,https://hashdive.com/Analyze_User?user_address=0x923cbaa9935faf4c1d42ed69082c24c8e71434a8
0x58eaf5adf2acd3a576ebbd6cabe22c7f7523bcd6,0.2222222222222222,2.1639203051791283,21.42281102127337,79821879,384.77538216053296,9,https://hashdive.com/Analyze_User?user_address=0x58eaf5adf2acd3a576ebbd6cabe22c7f7523bcd6
0xbb1cf30fb8ed40d1499b319e5013b221cfe023c7,0.3584905660377358,6.628488943813754,21.42159723271419,79821879,185.82479971359,53,https://hashdive.com/Analyze_User?user_address=0xbb1cf30fb8ed40d1499b319e5013b221cfe023c7
0x48fa5072cf1098597d21cdd3a305380b8e9cf9e7,0.4,2.1636002725825487,21.419642698567234,79821879,50.414466188251,5,https://hashdive.com/Analyze_User?user_address=0x48fa5072cf1098597d21cdd3a305380b8e9cf9e7
0x2e5793e24d43b4d5d89c0f4ca7067bfed0d127a4,0.45454545454545453,2.738967193544823,21.414203386356792,79821879,44.357403999999995,11,https://hashdive.com/Analyze_User?user_address=0x2e5793e24d43b4d5d89c0f4ca7067bfed0d127a4
0x1a151c4af0bd651bec7ef4166eedfb20bba6e6e8,0.8571428571428571,2.363848632159385,21.41368760897325,79821879,3850.0,7,https://hashdive.com/Analyze_User?user_address=0x1a151c4af0bd651bec7ef4166eedfb20bba6e6e8
0x1ee3073b47b9ae6549c9f75cd33be3eafc684114,0.6145833333333334,8.822932675944989,21.413113945079807,79821879,263.6913165985981,96,https://hashdive.com/Analyze_User?user_address=0x1ee3073b47b9ae6549c9f75cd33be3eafc684114
0x0f5830d72a09b6bb1f19793fa8003ef4415e5ff2,0.6,4.632894109373144,21.412197166002063,79821879,13003.456828577866,60,https://hashdive.com/Analyze_User?user_address=0x0f5830d72a09b6bb1f19793fa8003ef4415e5ff2
0x8b9ee3153dee423b0adbb8c2acac0c6297aac5f6,1.0,2.162552443740445,21.409269193030408,79829078,1071.5,5,https://hashdive.com/Analyze_User?user_address=0x8b9ee3153dee423b0adbb8c2acac0c6297aac5f6
0x5d4cae733651d9d4c16d4fc5fd9d0c2d90d486a2,1.0,2.162543849038979,21.409184105485892,79821879,2139.5,5,https://hashdive.com/Analyze_User?user_address=0x5d4cae733651d9d4c16d4fc5fd9d0c2d90d486a2
0x6cfb9801b3e0e1f628d39aff306537ad5d907e20,0.6363636363636364,7.217440727466194,21.408712533096278,79821879,1556.389842450908,55,https://hashdive.com/Analyze_User?user_address=0x6cfb9801b3e0e1f628d39aff306537ad5d907e20
0xac4c2d5080468bc122cc9a02fa540acf4b221af8,0.42857142857142855,2.6457513110360247,21.408380903774468,79821879,5.664084058625,7,https://hashdive.com/Analyze_User?user_address=0xac4c2d5080468bc122cc9a02fa540acf4b221af8
0x276392eb897c66178f05aa3da73af0cb0e4ad9ab,0.6428571428571429,7.293646959125004,21.400033936735497,79821879,1589.382984,56,https://hashdive.com/Analyze_User?user_address=0x276392eb897c66178f05aa3da73af0cb0e4ad9ab
0xd8be970f989d890716c1332edc6ea62ad665bc77,0.8,2.1614926409213484,21.39877714512135,79821879,64.623496,5,https://hashdive.com/Analyze_User?user_address=0xd8be970f989d890716c1332edc6ea62ad665bc77
0xc2216f623952469894551c722ba2e129e0560622,0.918918918918919,3.81617225449824,21.39250568400154,79821879,8098.225860994372,37,https://hashdive.com/Analyze_User?user_address=0xc2216f623952469894551c722ba2e129e0560622
0x3948931c41ea96a84e124ad94d6f2992474f605b,0.36363636363636365,2.1602904449761438,21.386875405263822,79821879,2286.1334551522064,11,https://hashdive.com/Analyze_User?user_address=0x3948931c41ea96a84e124ad94d6f2992474f605b
0xec3520b30e4e6ed3cd20586435cbb1ec55325dce,0.6666666666666666,2.1602461604190863,21.386436988148954,79821879,93.392878835554,6,https://hashdive.com/Analyze_User?user_address=0xec3520b30e4e6ed3cd20586435cbb1ec55325dce
0x8c6a8cef5f50c2824633129ce3c0b202a20e5a53,0.625,5.11384444503122,21.384222450588034,79821879,2468.000000000001,32,https://hashdive.com/Analyze_User?user_address=0x8c6a8cef5f50c2824633129ce3c0b202a20e5a53
0xb7bab9dd847df64fbc34a676013f0bbfc2792589,0.2033898305084746,4.338016086925091,21.381489068444182,79821879,2756.8995943490886,59,https://hashdive.com/Analyze_User?user_address=0xb7bab9dd847df64fbc34a676013f0bbfc2792589
0xba14155fb57934b75ff9007d104f5aa086c635a4,0.6666666666666666,2.408063656548201,21.38126605879043,79821879,63.289568,6,https://hashdive.com/Analyze_User?user_address=0xba14155fb57934b75ff9007d104f5aa086c635a4
0xc33a146752d17387e944a6fd112d05ebb43a4978,0.375,2.159472902414161,21.37878173390019,79821879,33.095425999999996,8,https://hashdive.com/Analyze_User?user_address=0xc33a146752d17387e944a6fd112d05ebb43a4978
0x6923f264ed1587ccb4bb9a89e200e6cbb6884571,0.6666666666666666,2.4494897419224504,21.376375822780712,79821879,0.5235999549979999,6,https://hashdive.com/Analyze_User?user_address=0x6923f264ed1587ccb4bb9a89e200e6cbb6884571
0x959555dd91356c2761cc9291f64cc8bc87e9ee49,0.5227272727272727,6.021824175100236,21.371159222820772,79821879,1624.0,44,https://hashdive.com/Analyze_User?user_address=0x959555dd91356c2761cc9291f64cc8bc87e9ee49
0xa2de3aa6e8c8a50a9e8dde171bbacf69e50c615c,0.9,2.8342225022423473,21.369925658169095,79821879,690.850139673106,10,https://hashdive.com/Analyze_User?user_address=0xa2de3aa6e8c8a50a9e8dde171bbacf69e50c615c
0x15b5d2843455393f8c6e5738cce4d94fccaeaed0,0.8571428571428571,2.1827596584720057,21.36897594954509,79821879,551.9409764476461,7,https://hashdive.com/Analyze_User?user_address=0x15b5d2843455393f8c6e5738cce4d94fccaeaed0
0xd0e3180cf8660fe8d28d92f76494a58f10a5e78d,0.1,2.1583000504718517,21.36717049967133,79821879,2085.8856508242957,10,https://hashdive.com/Analyze_User?user_address=0xd0e3180cf8660fe8d28d92f76494a58f10a5e78d
0xfc03ceac47a04c011d1ec4fa16f4794a243268d5,0.35,2.935507603339694,21.36622668752492,79821879,310.659447203957,20,https://hashdive.com/Analyze_User?user_address=0xfc03ceac47a04c011d1ec4fa16f4794a243268d5
0x8f38b4848ecac3fc4d44a3fab48c811c3d2063dc,1.0,2.1832581183994595,21.36595565078415,79821879,55.01830000000001,5,https://hashdive.com/Analyze_User?user_address=0x8f38b4848ecac3fc4d44a3fab48c811c3d2063dc
0x5c512273af6ac8aeef981c90c6433bae0b9571db,0.5,2.1581072158190477,21.365261436608574,79821879,62.66458820317301,8,https://hashdive.com/Analyze_User?user_address=0x5c512273af6ac8aeef981c90c6433bae0b9571db
0x39a3846906eb10f3b2afc912f6fa7108ff649b7b,0.8333333333333334,2.320646818989153,21.362118201903733,79821879,41.808337535709,6,https://hashdive.com/Analyze_User?user_address=0x39a3846906eb10f3b2afc912f6fa7108ff649b7b
0x6eee1efd3665a84c45bed355c5a32766f9c5bbc7,0.5,2.180471100911943,21.357730819637478,79821879,47.995326203190004,6,https://hashdive.com/Analyze_User?user_address=0x6eee1efd3665a84c45bed355c5a32766f9c5bbc7
0xb4bebe9b1790ac0a90aa8139b48e71a310f42309,0.38461538461538464,3.692755718415046,21.357116755017053,79825478,1267.6794133046255,78,https://hashdive.com/Analyze_User?user_address=0xb4bebe9b1790ac0a90aa8139b48e71a310f42309
0x5aee42db47f885c4e58bb0b3b33f3dec866fc284,0.7333333333333333,2.9111218304488937,21.356124111386976,79821879,2632.1,15,https://hashdive.com/Analyze_User?user_address=0x5aee42db47f885c4e58bb0b3b33f3dec866fc284
0x1be979117697145a34156954f7ee3cfe83ae6527,0.14285714285714285,2.157150216231685,21.355787140693682,79821879,1029.379830497525,7,https://hashdive.com/Analyze_User?user_address=0x1be979117697145a34156954f7ee3cfe83ae6527
0x9f35e45cb628cbb1884f1a6eb230a37d57794437,0.09523809523809523,2.1567684078379874,21.352007237596077,79821879,9765.677778590001,21,https://hashdive.com/Analyze_User?user_address=0x9f35e45cb628cbb1884f1a6eb230a37d57794437
0xeff9aac4925a2cb019d4b9709bc67bf2ab3e7f6c,0.7777777777777778,2.6943008146987673,21.35145861550746,79821879,22.189043565813,9,https://hashdive.com/Analyze_User?user_address=0xeff9aac4925a2cb019d4b9709bc67bf2ab3e7f6c
0x11560a0d3dfc544e36c90dd9164a1215aab90feb,0.6,4.700518995936405,21.348399280512574,79825478,3962.3799886708694,40,https://hashdive.com/Analyze_User?user_address=0x11560a0d3dfc544e36c90dd9164a1215aab90feb
0xa6da7a428a4a5bdf6aa5884c923fcecb32027ed8,0.6666666666666666,2.1562762685957213,21.34713505909764,79821879,280.323753556697,6,https://hashdive.com/Analyze_User?user_address=0xa6da7a428a4a5bdf6aa5884c923fcecb32027ed8
0x31e386c6090d80cbe1b92a07b86e7de5cd47b901,0.625,2.704895408802532,21.345001955395986,79821879,26.830129170976,8,https://hashdive.com/Analyze_User?user_address=0x31e386c6090d80cbe1b92a07b86e7de5cd47b901
0x82e9c33bb5b22ffefc066980297a83f9ac134614,0.375,3.4540574411216975,21.343403824722408,79821879,222.60071435035803,16,https://hashdive.com/Analyze_User?user_address=0x82e9c33bb5b22ffefc066980297a83f9ac134614
0x95464de8a4f2c33ea8c792ce2778187b8c040e6e,0.4,2.15560507023406,21.340490195317194,79821879,199.75969864071703,10,https://hashdive.com/Analyze_User?user_address=0x95464de8a4f2c33ea8c792ce2778187b8c040e6e
0xee66396dc9049f51f1795dc9e3820e126f961e07,0.5555555555555556,2.15555330530427,21.339977722512273,79821879,63.293816035885,9,https://hashdive.com/Analyze_User?user_address=0xee66396dc9049f51f1795dc9e3820e126f961e07
0xa33a34dd42a33fc4069cb009dec5625fcf2b71b0,0.3142857142857143,5.008685898327487,21.337887417076907,79830877,26.089178126474998,35,https://hashdive.com/Analyze_User?user_address=0xa33a34dd42a33fc4069cb009dec5625fcf2b71b0
0xedcef9902257cc0e58b971e9d6c388d38ae2d93d,0.65,3.82719497186404,21.337731810927558,79821879,100.742704,20,https://hashdive.com/Analyze_User?user_address=0xedcef9902257cc0e58b971e9d6c388d38ae2d93d
0x20a15eda601d957c44760e8818b76d18516b9d89,0.6229508196721312,7.441362818424717,21.336717913858823,79821879,1578.8,61,https://hashdive.com/Analyze_User?user_address=0x20a15eda601d957c44760e8818b76d18516b9d89
0xf1d4ac017893385ccd7544b3c0acb1baf237cdcb,0.76,4.366366778705914,21.331594102050346,79821879,36.12778,25,https://hashdive.com/Analyze_User?user_address=0xf1d4ac017893385ccd7544b3c0acb1baf237cdcb
0xc8b3d04b1cf30a9fcf5d796dd6c34fb041a702de,0.6451612903225806,4.931465185480046,21.33012939878686,79821879,2899.6896850000003,31,https://hashdive.com/Analyze_User?user_address=0xc8b3d04b1cf30a9fcf5d796dd6c34fb041a702de
0xcf39f7ca9d8011b06bf1176da5f32feb9715a51d,0.7407407407407407,4.669889437794241,21.32936841340729,79821879,35.488890000000005,27,https://hashdive.com/Analyze_User?user_address=0xcf39f7ca9d8011b06bf1176da5f32feb9715a51d
0x6fbb0b94ffe3c4f2b86ee4239190991d6828c895,0.7777777777777778,2.4888355113384546,21.32791550085502,79821879,454.640249402304,9,https://hashdive.com/Analyze_User?user_address=0x6fbb0b94ffe3c4f2b86ee4239190991d6828c895
0xe3af50d219449ec9ec3bd98bf971d3b4983ad9e1,0.7142857142857143,2.7834249564508573,21.31789042011445,79821879,73.21858270318097,21,https://hashdive.com/Analyze_User?user_address=0xe3af50d219449ec9ec3bd98bf971d3b4983ad9e1
0x732b36c914544ca0630632ff3791772cfc537f79,0.2,2.152978925226245,21.314491359739826,79830877,258.23040350095,5,https://hashdive.com/Analyze_User?user_address=0x732b36c914544ca0630632ff3791772cfc537f79
0xc0fa8c9f7501d2b18bfd20047d5f7440245bbcde,0.625,2.1519837879880392,21.30463950108159,79821879,50.634250038577,8,https://hashdive.com/Analyze_User?user_address=0xc0fa8c9f7501d2b18bfd20047d5f7440245bbcde
0xc007075b1905e8029ce648b031fc3d52c94e770e,0.5737704918032787,7.1858003007985705,21.298807126411074,79821879,1491.4307183725982,61,https://hashdive.com/Analyze_User?user_address=0xc007075b1905e8029ce648b031fc3d52c94e770e
0x43f7fe67f07f27b9100cf3c2dd09d6ce5be4d9e8,0.6470588235294118,3.314453357997019,21.29849984934946,79821879,3406.24,17,https://hashdive.com/Analyze_User?user_address=0x43f7fe67f07f27b9100cf3c2dd09d6ce5be4d9e8
0xdb3ff515daf4380ab647892c484836a4eda0698f,0.375,2.151111081184045,21.295999703722046,79821879,186.38907598493302,8,https://hashdive.com/Analyze_User?user_address=0xdb3ff515daf4380ab647892c484836a4eda0698f
0x8fa370be1178e0fc7ae269c67d975786008db5e6,1.0,2.224325386931583,21.292539825872034,79829078,15.411810284291999,6,https://hashdive.com/Analyze_User?user_address=0x8fa370be1178e0fc7ae269c67d975786008db5e6
0xf886cb65987d78204ee546e792c15dd53f50be9b,0.6,2.1506551769541717,21.2914862518463,79821879,83.10699684401199,5,https://hashdive.com/Analyze_User?user_address=0xf886cb65987d78204ee546e792c15dd53f50be9b
0xef67586f97b5b715c8b11c8d89c2f3bc3cfa4e9f,0.045454545454545456,3.9656730378119054,21.28968701289081,79825478,39.31280477598297,22,https://hashdive.com/Analyze_User?user_address=0xef67586f97b5b715c8b11c8d89c2f3bc3cfa4e9f
0x673cf78194af5d2841b74b71fbf8360fc935daa6,0.4444444444444444,2.1504577340395405,21.289531566991453,79821879,219.04480604333196,9,https://hashdive.com/Analyze_User?user_address=0x673cf78194af5d2841b74b71fbf8360fc935daa6
0x37699618b6ba8bc0a17f07d1952f1361a5fc17df,0.5,2.7295809680466014,21.288831390416828,79821879,1510.3997795512762,16,https://hashdive.com/Analyze_User?user_address=0x37699618b6ba8bc0a17f07d1952f1361a5fc17df
0xa9059f2a1c878f886f6b84716a0b19dd136b54f9,0.5434782608695652,6.167900971952399,21.279521713653025,79821879,1616.0,46,https://hashdive.com/Analyze_User?user_address=0xa9059f2a1c878f886f6b84716a0b19dd136b54f9
0x771370865ed2659181da2703e8eb3969767ca18f,0.375,2.148917742826398,21.27428565398134,79821879,393.801017420588,8,https://hashdive.com/Analyze_User?user_address=0x771370865ed2659181da2703e8eb3969767ca18f
0xcf454da86e0cc3154ee633923ea18cd2dd1bc5f5,0.2,2.148911714647655,21.274225975011785,79821879,44.260122095186,5,https://hashdive.com/Analyze_User?user_address=0xcf454da86e0cc3154ee633923ea18cd2dd1bc5f5
0xd9cdc589336821616a2a4aa4fd29af5c953be34a,1.0,2.1489063708592004,21.274173071506084,79821879,79.833695,5,https://hashdive.com/Analyze_User?user_address=0xd9cdc589336821616a2a4aa4fd29af5c953be34a
0xd503d85e2cd452f596b191143b2e97cb70ea4542,0.30434782608695654,2.1487882363339064,21.273003539705677,79821879,19268.90515800001,46,https://hashdive.com/Analyze_User?user_address=0xd503d85e2cd452f596b191143b2e97cb70ea4542
0x37e053beabee77acc15e641dfe8e395b2b2d024e,0.5817307692307693,7.604179664898011,21.270236587842838,79830877,359297.5099270017,208,https://hashdive.com/Analyze_User?user_address=0x37e053beabee77acc15e641dfe8e395b2b2d024e
0xadf0c797e203f77589bc28f1d90c2f9232367d13,0.1111111111111111,2.1482293916564505,21.267470977398858,79821879,6611.563098920019,18,https://hashdive.com/Analyze_User?user_address=0xadf0c797e203f77589bc28f1d90c2f9232367d13
0xea73e58cc678a659649861ac4421342f1979c700,0.8571428571428571,2.470204673808293,21.263282254733387,79821879,18.851296857905,7,https://hashdive.com/Analyze_User?user_address=0xea73e58cc678a659649861ac4421342f1979c700
0xcfd599c83ec5e939b5172948a7f2623713ca5948,0.5370370370370371,5.45131014407499,21.262591080609216,79821879,35.41598412491799,54,https://hashdive.com/Analyze_User?user_address=0xcfd599c83ec5e939b5172948a7f2623713ca5948
0x2b053cf579f249e4833cdbc48c9babc9b58d4e6b,0.6923076923076923,2.8212310517373425,21.262163487398226,79821879,94.024125404828,13,https://hashdive.com/Analyze_User?user_address=0x2b053cf579f249e4833cdbc48c9babc9b58d4e6b
0x7270a5beafa1bcd72dbd9c06e5b9982540c6ce9f,0.875,2.151411126979248,21.26067238144617,79821879,88.93958402535199,8,https://hashdive.com/Analyze_User?user_address=0x7270a5beafa1bcd72dbd9c06e5b9982540c6ce9f
0xfd1632b7dc8a0eb890ba38717665bbee480e65e9,0.6153846153846154,2.7003268758550356,21.258815556917806,79821879,489.98,26,https://hashdive.com/Analyze_User?user_address=0xfd1632b7dc8a0eb890ba38717665bbee480e65e9
0x031111cc9a97bc28830b8f928e48c59cda5867a4,0.9705882352941176,2.9363708557357464,21.256259587354826,79821879,6083.863618830051,34,https://hashdive.com/Analyze_User?user_address=0x031111cc9a97bc28830b8f928e48c59cda5867a4
0xdb41db36503173204ef3ef6aee9552ad1630e394,0.2,2.1469535002273274,21.254839652250542,79821879,232.484873863628,10,https://hashdive.com/Analyze_User?user_address=0xdb41db36503173204ef3ef6aee9552ad1630e394
0xbe0ff9db12c24d136cbf3c8ec359f961bb68370d,0.2857142857142857,2.1464316921882176,21.249673752663355,79821879,116.128461,7,https://hashdive.com/Analyze_User?user_address=0xbe0ff9db12c24d136cbf3c8ec359f961bb68370d
0xbdaa94ea88560187c8514a35669320d4cf823a84,0.5,3.8832773229108475,21.24879038220707,79830877,9.351378177442,16,https://hashdive.com/Analyze_User?user_address=0xbdaa94ea88560187c8514a35669320d4cf823a84
0xcf0373f6b138d7cfbb344fdfd4ea3797d1c5c515,0.6538461538461539,7.047408936815389,21.24637657788456,79821879,1529.997666,52,https://hashdive.com/Analyze_User?user_address=0xcf0373f6b138d7cfbb344fdfd4ea3797d1c5c515
0x147e7ea0464a8874cf25814c887fa5318018429e,0.5454545454545454,4.627287852601989,21.243670161155393,79821879,846.2062669098519,33,https://hashdive.com/Analyze_User?user_address=0x147e7ea0464a8874cf25814c887fa5318018429e
0xa8b259d443785746e0fcc1405cf63076a9105f43,0.6268656716417911,5.471591764254254,21.237666918896206,79821879,640.460653361825,67,https://hashdive.com/Analyze_User?user_address=0xa8b259d443785746e0fcc1405cf63076a9105f43
0xf87348c44ad75943783a977c4d9a5a0f145f3afc,0.5,2.1450949230502063,21.236439738197042,79821879,9574.964308189268,10,https://hashdive.com/Analyze_User?user_address=0xf87348c44ad75943783a977c4d9a5a0f145f3afc
0x38e617a39c42372720234a11f008a4011314f075,1.0,2.1449672741216137,21.235176013803976,79821879,11.446469785236998,5,https://hashdive.com/Analyze_User?user_address=0x38e617a39c42372720234a11f008a4011314f075
0x76ecdc1588acbdbf31c8f57e5202af182413e293,0.061528899937849595,10.0,21.231009220617093,79821879,85.13668200000004,1609,https://hashdive.com/Analyze_User?user_address=0x76ecdc1588acbdbf31c8f57e5202af182413e293
0x765256664f3b2caa01b1c71f9b188a12ad3a1aa8,0.625,2.3434742641331043,21.230878706262978,79821879,192.605918394519,8,https://hashdive.com/Analyze_User?user_address=0x765256664f3b2caa01b1c71f9b188a12ad3a1aa8
0x4a7c4a8088893c487864a2f52ae3df256e0cff7a,0.46153846153846156,2.4675981503219475,21.228100219107787,79821879,541.0151487338711,13,https://hashdive.com/Analyze_User?user_address=0x4a7c4a8088893c487864a2f52ae3df256e0cff7a
0x96d0a64d905487cdf0e42ebba8d887c095716969,0.875,2.8284254106146896,21.22739349654359,79821879,6082.9400000000005,8,https://hashdive.com/Analyze_User?user_address=0x96d0a64d905487cdf0e42ebba8d887c095716969
0xd6a5a19d3b82386388998becdbbe6198e16502d5,0.7857142857142857,3.503492579092932,21.227114702071518,79821879,1573.3000000000002,14,https://hashdive.com/Analyze_User?user_address=0xd6a5a19d3b82386388998becdbbe6198e16502d5
0x4fce6d70b52824ea321bc30a6d0ac0d70538f8a3,0.5,2.1437024551115784,21.222654305604625,79821879,160.124581020346,6,https://hashdive.com/Analyze_User?user_address=0x4fce6d70b52824ea321bc30a6d0ac0d70538f8a3
0x0a88efa508b0a094e2773309c8733622327568b2,0.6896551724137931,2.737337845253665,21.219978667358838,79821879,3857.3468529999996,29,https://hashdive.com/Analyze_User?user_address=0x0a88efa508b0a094e2773309c8733622327568b2
0xb87521abacf1be9dedc37a231f00605687ca7b4f,0.8421052631578947,3.966873892297821,21.218217011658197,79821879,118.93451278538,19,https://hashdive.com/Analyze_User?user_address=0xb87521abacf1be9dedc37a231f00605687ca7b4f
0xff76b1621b82b1fdc78c3f43af14a571674f6404,0.6666666666666666,2.6971084746541,21.217408718677984,79821879,938.9144499943479,18,https://hashdive.com/Analyze_User?user_address=0xff76b1621b82b1fdc78c3f43af14a571674f6404
0x1f09466ec55b1b5fd73c219991d0ea8052c1ba85,0.2857142857142857,2.496146038581868,21.21622969228507,79821879,7.649587000000001,7,https://hashdive.com/Analyze_User?user_address=0x1f09466ec55b1b5fd73c219991d0ea8052c1ba85
0x266e35d803def8c7175c3cb993be3a37981fad3a,0.875,2.8284261281536103,21.215849242764527,79821879,6077.0199999999995,8,https://hashdive.com/Analyze_User?user_address=0x266e35d803def8c7175c3cb993be3a37981fad3a
0xd6c074941e349995b0b6f648a5a19fa0628a6217,0.875,2.828425918440606,21.21582198873025,79821879,6075.85,8,https://hashdive.com/Analyze_User?user_address=0xd6c074941e349995b0b6f648a5a19fa0628a6217
0x6e4bf202c26f6cce5743fd007f0f919bf4b6acd6,0.6,2.5252984379576744,21.21513609523874,79821879,636.503037207915,10,https://hashdive.com/Analyze_User?user_address=0x6e4bf202c26f6cce5743fd007f0f919bf4b6acd6
0x2cf400dbb35fc478ba300e9bb6683c20b45dece5,0.7386363636363636,7.609518519474451,21.213728530084012,79821879,6000.157144000001,88,https://hashdive.com/Analyze_User?user_address=0x2cf400dbb35fc478ba300e9bb6683c20b45dece5
0x0ba180ca90cb269f7c3000f80254d58a993bb736,1.0,2.142785630851993,21.21357774543473,79821879,9.659848359783,5,https://hashdive.com/Analyze_User?user_address=0x0ba180ca90cb269f7c3000f80254d58a993bb736
0x6ca16cd8db619cc6b5ffd8d63fc88d9db9c90874,0.5,2.346364239037321,21.21326061752918,79821879,1393.5974993284399,6,https://hashdive.com/Analyze_User?user_address=0x6ca16cd8db619cc6b5ffd8d63fc88d9db9c90874
0xee7a752dbd6971b8bfddee4363edf62edde7d57e,0.6,2.747988758388977,21.20537152355892,79821879,106.51067562243199,10,https://hashdive.com/Analyze_User?user_address=0xee7a752dbd6971b8bfddee4363edf62edde7d57e
0xbe481896d233bd16c591375e8b393248c6ae0678,0.3275862068965517,6.329962961154096,21.203841217113577,79821879,24.708807410256004,58,https://hashdive.com/Analyze_User?user_address=0xbe481896d233bd16c591375e8b393248c6ae0678
0x326362f934d7a6c3a9ce80e5cf38f9d5a75092a8,0.5,3.106368257210216,21.200265012583394,79821879,2412.5775537519744,24,https://hashdive.com/Analyze_User?user_address=0x326362f934d7a6c3a9ce80e5cf38f9d5a75092a8
0xc5984484908e6583261455b2774508c72b2747b4,0.2857142857142857,2.1413004852710387,21.19887480418328,79821879,42.113932031664994,7,https://hashdive.com/Analyze_User?user_address=0xc5984484908e6583261455b2774508c72b2747b4
0x70d9479b442866dfcc7ff0fa11acae293f5de451,0.5714285714285714,2.141090172198196,21.19679270476214,79821879,1120.3331545552371,7,https://hashdive.com/Analyze_User?user_address=0x70d9479b442866dfcc7ff0fa11acae293f5de451
0x56de39c62e1bdd20095ea143d2508572f658b31e,0.42105263157894735,3.3165352649353546,21.19508321558979,79821879,2567.485355,19,https://hashdive.com/Analyze_User?user_address=0x56de39c62e1bdd20095ea143d2508572f658b31e
0xd2df2dee7d828c613908d367b4278f213dd534c4,0.8,2.9964370533746902,21.194310865333176,79821879,43.5,10,https://hashdive.com/Analyze_User?user_address=0xd2df2dee7d828c613908d367b4278f213dd534c4
0xf43b36dc38b999255f7561d7ae539b0315cef2ce,0.6666666666666666,2.1407660409836176,21.193583805737816,79821879,1467.4259400161152,9,https://hashdive.com/Analyze_User?user_address=0xf43b36dc38b999255f7561d7ae539b0315cef2ce
0x7896ac7ef779674d201f31ab8a48233b42444096,0.30434782608695654,2.140658055577892,21.19251475022113,79821879,0.671594123457,23,https://hashdive.com/Analyze_User?user_address=0x7896ac7ef779674d201f31ab8a48233b42444096
0x0f302a19961c33ff64f83ece2ffd860374947706,0.7333333333333333,3.3104238018912926,21.19188418538244,79821879,3050.21,15,https://hashdive.com/Analyze_User?user_address=0x0f302a19961c33ff64f83ece2ffd860374947706
0xb0ed34062810a180c3363ca6abdb860000c8c5a4,0.43636363636363634,8.560385308612226,21.191101179771167,79821879,3198.642954971341,110,https://hashdive.com/Analyze_User?user_address=0xb0ed34062810a180c3363ca6abdb860000c8c5a4
0x24631e5e2da66fddba40fbe09e661f7ea6997fed,0.23333333333333334,2.806422889847556,21.19042953791481,79821879,2151.6526046377094,30,https://hashdive.com/Analyze_User?user_address=0x24631e5e2da66fddba40fbe09e661f7ea6997fed
0x037987ac161c5bc76323ab282b8082f49817be83,0.3333333333333333,2.1948788024268193,21.19030357040089,79821879,378.97108009084104,6,https://hashdive.com/Analyze_User?user_address=0x037987ac161c5bc76323ab282b8082f49817be83
0x7bf451a230f37c9727afb96368996d0df02cc248,0.7727272727272727,6.417649014347733,21.190112746816556,79821879,74.76713586691298,66,https://hashdive.com/Analyze_User?user_address=0x7bf451a230f37c9727afb96368996d0df02cc248
0x82e3a4e64dbbc2881cf96183c8c91515beb52151,0.7349397590361446,6.710247266983252,21.186168215547333,79821879,1535.5993325374204,83,https://hashdive.com/Analyze_User?user_address=0x82e3a4e64dbbc2881cf96183c8c91515beb52151
0x52d1004bec64d69354694a354a828a20b48679c9,0.5,2.139950535637344,21.185510302809707,79821879,22370.27886212373,8,https://hashdive.com/Analyze_User?user_address=0x52d1004bec64d69354694a354a828a20b48679c9
0x1026ad255ad8b40d6a58eff480fc15f0cd4f3511,0.5714285714285714,2.5342108263758347,21.184596620546372,79821879,7.105500819135,7,https://hashdive.com/Analyze_User?user_address=0x1026ad255ad8b40d6a58eff480fc15f0cd4f3511
0xb1abce2a7c57b4853c5306b7b90c5b9b522fcf6b,0.4027777777777778,5.431481642946164,21.18024341012414,79821879,340.93743350195194,72,https://hashdive.com/Analyze_User?user_address=0xb1abce2a7c57b4853c5306b7b90c5b9b522fcf6b
0xadad51eac1ab9da095ec37d472cd5fe6ccc1f309,0.5,2.139264753285375,21.178721057525213,79821879,139.40214142418998,6,https://hashdive.com/Analyze_User?user_address=0xadad51eac1ab9da095ec37d472cd5fe6ccc1f309
0x4e5a65334dc81c197999537a8942517327b75721,0.2875816993464052,4.41067166094924,21.173218843014933,79821879,494.61381308023977,153,https://hashdive.com/Analyze_User?user_address=0x4e5a65334dc81c197999537a8942517327b75721
0x210de5b0f1357588b387011d75d741819c53c876,0.875,2.6213859976966285,21.172733058318922,79821879,2100.0,8,https://hashdive.com/Analyze_User?user_address=0x210de5b0f1357588b387011d75d741819c53c876
0x1c9cb73d052ff657c896139551262f959a672f3e,0.34375,2.1382122291444636,21.16830106853019,79821879,1456.3330490797382,32,https://hashdive.com/Analyze_User?user_address=0x1c9cb73d052ff657c896139551262f959a672f3e
0xd5394ee479749126db12b4030786537528372a38,0.6,2.1380907849517525,21.16709877102235,79821879,728.534951655514,5,https://hashdive.com/Analyze_User?user_address=0xd5394ee479749126db12b4030786537528372a38
0x08fbc333dfe6405c7d7a608bcbaa8716dfad3659,1.0,2.138090300439714,21.16709397435317,79829078,35.293408,5,https://hashdive.com/Analyze_User?user_address=0x08fbc333dfe6405c7d7a608bcbaa8716dfad3659
0x15677b390e70021868f8ae08c5c64d1f49e0ac11,0.8,2.1796607911207158,21.166929115978203,79821879,8.370960210326,5,https://hashdive.com/Analyze_User?user_address=0x15677b390e70021868f8ae08c5c64d1f49e0ac11
0x9c68fe60b81b4085b5412acd1cd05a8e8016327d,0.16666666666666666,2.138071492223647,21.166907773014103,79821879,91.98406100000001,6,https://hashdive.com/Analyze_User?user_address=0x9c68fe60b81b4085b5412acd1cd05a8e8016327d
0x1c472c144bb0aa472bdb1fc443c5b171940517b7,0.6666666666666666,2.408122856753,21.166420263706488,79821879,7.761193,6,https://hashdive.com/Analyze_User?user_address=0x1c472c144bb0aa472bdb1fc443c5b171940517b7
0x313cead619a15673f45044624894a1f4e472b883,0.7272727272727273,2.930543865797213,21.16516351121682,79821879,2833.8,11,https://hashdive.com/Analyze_User?user_address=0x313cead619a15673f45044624894a1f4e472b883
0x5cb622716990cada627caf3f19b68576d792719e,0.7,4.362427925245293,21.16336213252433,79821879,35.230000000000004,20,https://hashdive.com/Analyze_User?user_address=0x5cb622716990cada627caf3f19b68576d792719e
0xda3a2b7e6de1e4b91a687af1e225d50b4c8c5ad1,0.3076923076923077,2.136896790960819,21.15527823051211,79821879,3145.021502089896,13,https://hashdive.com/Analyze_User?user_address=0xda3a2b7e6de1e4b91a687af1e225d50b4c8c5ad1
0xa19dc4dd4dbf288dfa578b70e1051b3e959c02d1,0.6530612244897959,4.194425933557729,21.154189945390055,79821879,89.42192537871301,49,https://hashdive.com/Analyze_User?user_address=0xa19dc4dd4dbf288dfa578b70e1051b3e959c02d1
0x7ee90b2b92194f4df1f3dd793b08ecc6c4ace1e7,0.5454545454545454,2.5625686387954096,21.153880675103483,79821879,232.287618793989,11,https://hashdive.com/Analyze_User?user_address=0x7ee90b2b92194f4df1f3dd793b08ecc6c4ace1e7
0xa8916feeb0ebb75d369f80e3d203fe44f3439eba,0.5833333333333334,3.3785518232182175,21.153595205865262,79821879,111.335380466665,12,https://hashdive.com/Analyze_User?user_address=0xa8916feeb0ebb75d369f80e3d203fe44f3439eba
0x1805e9706fbeec4742bc21720f3bfa5be7fda4f3,0.5,2.1924713278812566,21.148449199451512,79821879,17.922032461693,6,https://hashdive.com/Analyze_User?user_address=0x1805e9706fbeec4742bc21720f3bfa5be7fda4f3
0x781fb7733b4ddb7375c26003f0ddeb475ce46763,0.38461538461538464,5.050434359211911,21.146669218789746,79821879,9813.63485012544,195,https://hashdive.com/Analyze_User?user_address=0x781fb7733b4ddb7375c26003f0ddeb475ce46763
0x268624647f90600eee2dac200782d80b81e06076,0.6,3.87991697388779,21.145300770144928,79821879,97.54562800000002,20,https://hashdive.com/Analyze_User?user_address=0x268624647f90600eee2dac200782d80b81e06076
0x8962bb0c406efd88552f7f661e983c7217c79b62,0.6666666666666666,2.7060887644788676,21.143243510935193,79821879,15.313849550927,9,https://hashdive.com/Analyze_User?user_address=0x8962bb0c406efd88552f7f661e983c7217c79b62
0xaa98809cdef8105c80d78a5454e0acf27a267106,0.36363636363636365,3.2222228316194634,21.14020912672227,79821879,10.530005477905,11,https://hashdive.com/Analyze_User?user_address=0xaa98809cdef8105c80d78a5454e0acf27a267106
0xc14fb905beeef9f447ef63645b506d002831df67,0.36363636363636365,5.698635405914289,21.138097691445857,79821879,33.754656054595,55,https://hashdive.com/Analyze_User?user_address=0xc14fb905beeef9f447ef63645b506d002831df67
0xb4cc494f262c2649cfe783d518b2b3a91bc2ef93,0.5882352941176471,3.596493853294419,21.137914299420974,79821879,86.09739799999997,17,https://hashdive.com/Analyze_User?user_address=0xb4cc494f262c2649cfe783d518b2b3a91bc2ef93
0x75a5f861bd28584d6915bc0d1727921692deb36d,0.3181818181818182,2.3180615951238517,21.13477583747538,79821879,4926.018458344737,22,https://hashdive.com/Analyze_User?user_address=0x75a5f861bd28584d6915bc0d1727921692deb36d
0xd283759d502c1292f00ac0dafaaf1a6f25e0ef98,1.0,2.134638188112087,21.132918062309663,79821879,181.218929538733,5,https://hashdive.com/Analyze_User?user_address=0xd283759d502c1292f00ac0dafaaf1a6f25e0ef98
0x2b738d7ce49b34b0190a47d0740acbf20b49e28c,0.6666666666666666,3.461247690493552,21.132910991847496,79830877,3074.3468940000002,15,https://hashdive.com/Analyze_User?user_address=0x2b738d7ce49b34b0190a47d0740acbf20b49e28c
0x850c40958eb2df6ff92ff16742f97150045a88de,0.8,2.134593350848305,21.132474173398215,79821879,45.796443438259004,5,https://hashdive.com/Analyze_User?user_address=0x850c40958eb2df6ff92ff16742f97150045a88de
0x664b671e48b63a8e53ec44e91b40f4f0e5bea286,0.4090909090909091,7.4169193598878405,21.1309926668188,79821879,3460.3232947208085,176,https://hashdive.com/Analyze_User?user_address=0x664b671e48b63a8e53ec44e91b40f4f0e5bea286
0xe71d34cecefc6198b699d7fdee6125f9a25a56d7,0.8571428571428571,2.310159387350643,21.12774115544716,79821879,35.667610378763,7,https://hashdive.com/Analyze_User?user_address=0xe71d34cecefc6198b699d7fdee6125f9a25a56d7
0x8d4b123f43368f6ec14552dcf20f8096ee83030c,0.05555555555555555,2.670778060486269,21.124811847246804,79821879,138.49527244147998,36,https://hashdive.com/Analyze_User?user_address=0x8d4b123f43368f6ec14552dcf20f8096ee83030c
0xeb9cf98b6ca01978c9ffffd404338c600fbef2dc,0.6896551724137931,7.040204431026298,21.124698925463008,79821879,1826.5132514681268,58,https://hashdive.com/Analyze_User?user_address=0xeb9cf98b6ca01978c9ffffd404338c600fbef2dc
0x1f22f214980d52d11a4c9bd535104e3e485a009f,0.5333333333333333,3.3622491911878125,21.122948106357438,79821879,3070.51,15,https://hashdive.com/Analyze_User?user_address=0x1f22f214980d52d11a4c9bd535104e3e485a009f
0x168cc1a720106e4b74cc75127a4c7c464ba42a65,0.8333333333333334,2.278511719277119,21.122391807574846,79821879,47.278224171929,6,https://hashdive.com/Analyze_User?user_address=0x168cc1a720106e4b74cc75127a4c7c464ba42a65
0x22056e4e81f676373d1d2bf2009df2eb26fe72de,0.559322033898305,7.169673411415322,21.12208205349787,79821879,1456.400013745266,59,https://hashdive.com/Analyze_User?user_address=0x22056e4e81f676373d1d2bf2009df2eb26fe72de
0x1486c0ff9d98032d7cab85446522c1582387071c,1.0,2.1330658169812455,21.11735158811433,79821879,109.134186,5,https://hashdive.com/Analyze_User?user_address=0x1486c0ff9d98032d7cab85446522c1582387071c
0x24d2858abb58ff1e42e8e1f81f8585021645f53d,0.5454545454545454,2.1696831445733507,21.116903717748933,79821879,3902.669698051572,11,https://hashdive.com/Analyze_User?user_address=0x24d2858abb58ff1e42e8e1f81f8585021645f53d
0x3fd014f85394d71fa8fcee106c08869c9ecf085f,0.5714285714285714,2.3213656325337033,21.11432266785556,79821879,28.532839216682003,7,https://hashdive.com/Analyze_User?user_address=0x3fd014f85394d71fa8fcee106c08869c9ecf085f
0x0e294c06195a2525d70f0c05caca76c4a3afd44f,0.3333333333333333,2.132009672056601,21.10689575336035,79821879,16.359182723467004,6,https://hashdive.com/Analyze_User?user_address=0x0e294c06195a2525d70f0c05caca76c4a3afd44f
0xbeb898a14fe1c843b9813abd6c4e9a467e10e23c,0.18181818181818182,3.207598492838858,21.103633209806482,79821879,12.341959999999998,11,https://hashdive.com/Analyze_User?user_address=0xbeb898a14fe1c843b9813abd6c4e9a467e10e23c
0x5abc82b16bb23b4fadf0d7c75a2c2fcb9f844b0e,0.5714285714285714,2.359515168257941,21.103263924491195,79821879,4422.4,14,https://hashdive.com/Analyze_User?user_address=0x5abc82b16bb23b4fadf0d7c75a2c2fcb9f844b0e
0xd5e46428819d790feededf4e8c7cb805c345ea20,0.6363636363636364,7.307374568825822,21.099465793279073,79821879,2622.5,66,https://hashdive.com/Analyze_User?user_address=0xd5e46428819d790feededf4e8c7cb805c345ea20
0x589bf3eb998b7b4927e77409312641c767d80885,0.5802469135802469,8.823543319985417,21.099271839121386,79821879,1814.000003174101,81,https://hashdive.com/Analyze_User?user_address=0x589bf3eb998b7b4927e77409312641c767d80885
0x65f77769081c336860eac38677fa00f2514bd572,0.4,2.130844281606879,21.0953583879081,79821879,136.50615189010497,5,https://hashdive.com/Analyze_User?user_address=0x65f77769081c336860eac38677fa00f2514bd572
0x94638728a4dcc0a6962fb9d6eedef2015619df1b,0.7222222222222222,4.088065726274772,21.094191716939367,79825478,185.5,18,https://hashdive.com/Analyze_User?user_address=0x94638728a4dcc0a6962fb9d6eedef2015619df1b
0x83ee8922ca66a9771e12df86427fe92bb2ed36c2,0.7,2.992413205197854,21.092077394518153,79821879,392.12237271666504,10,https://hashdive.com/Analyze_User?user_address=0x83ee8922ca66a9771e12df86427fe92bb2ed36c2
0x413d31ab44aeca33c9a2169cacf1bb396988e2ca,0.6666666666666666,2.1304013274248033,21.09097314150555,79821879,2160.1869803121235,9,https://hashdive.com/Analyze_User?user_address=0x413d31ab44aeca33c9a2169cacf1bb396988e2ca
0xf2661da4ebf75b8d9521c934320bef6d10229720,0.75,2.666664060938017,21.088920924968313,79821879,25.306659000000003,12,https://hashdive.com/Analyze_User?user_address=0xf2661da4ebf75b8d9521c934320bef6d10229720
0xbb393ae1d37a2324c766e23e036ab36e60578c58,0.5975609756097561,7.838563083529506,21.086597701335936,79821879,111.639412150059,82,https://hashdive.com/Analyze_User?user_address=0xbb393ae1d37a2324c766e23e036ab36e60578c58
0x6d54ca08e4ba305829e554d795127de26b1245eb,0.42162162162162165,10.0,21.086203825858156,79827278,181.22679517883086,370,https://hashdive.com/Analyze_User?user_address=0x6d54ca08e4ba305829e554d795127de26b1245eb
0x56a5c57ff12a5f97b75f3022b4d14729dc06dea0,0.25,2.5125348679862913,21.082444795721745,79821879,3585.6045238603274,44,https://hashdive.com/Analyze_User?user_address=0x56a5c57ff12a5f97b75f3022b4d14729dc06dea0
0xbec06446f23c305ecdec411b8743b59b03cc449e,0.7,4.387479820691771,21.078990729256187,79821879,39.535,20,https://hashdive.com/Analyze_User?user_address=0xbec06446f23c305ecdec411b8743b59b03cc449e
0xc3b80f2ef58b06530c8ba11f37ec0a8b0adc3553,0.3333333333333333,2.1289778026808874,21.07688024654078,79821879,1737.156424082857,12,https://hashdive.com/Analyze_User?user_address=0xc3b80f2ef58b06530c8ba11f37ec0a8b0adc3553
0x0300c2ff0cdfa1fce96df28de4e55e5e4400ebc3,0.42857142857142855,2.716573062819758,21.07602169296495,79821879,162.14764121433097,14,https://hashdive.com/Analyze_User?user_address=0x0300c2ff0cdfa1fce96df28de4e55e5e4400ebc3
0x69a313ad328f1ff3917357b56ea9f13ac431dd80,0.7,4.445036221225292,21.075814380901985,79821879,40.90429,20,https://hashdive.com/Analyze_User?user_address=0x69a313ad328f1ff3917357b56ea9f13ac431dd80
0x3a4c37085a75bdb97f91f37d04211c5eb5f986e7,0.7142857142857143,4.625360039386999,21.074778797578322,79821879,3659.6178822544953,28,https://hashdive.com/Analyze_User?user_address=0x3a4c37085a75bdb97f91f37d04211c5eb5f986e7
0xb833bb6ef827bbf58a97e4e453a38974ad4456f2,0.8571428571428571,2.5369680994251995,21.073346010002524,79821879,4012.914987,7,https://hashdive.com/Analyze_User?user_address=0xb833bb6ef827bbf58a97e4e453a38974ad4456f2
0xd73bbae843ad9d66801a43044a8fdcce00a26b37,0.286231884057971,10.0,21.073297428904887,79821879,450.49069567000055,276,https://hashdive.com/Analyze_User?user_address=0xd73bbae843ad9d66801a43044a8fdcce00a26b37
0x20cf082b9e7133dcd566f7e64f33fa9d91990201,0.42105263157894735,2.128601386913566,21.073153730444304,79821879,100.514428982093,19,https://hashdive.com/Analyze_User?user_address=0x20cf082b9e7133dcd566f7e64f33fa9d91990201
0xe430213ea3a11125cf164321c8614aa7a8c2b763,0.6727272727272727,6.900345843967865,21.07306181663892,79821879,1793.5025284177761,55,https://hashdive.com/Analyze_User?user_address=0xe430213ea3a11125cf164321c8614aa7a8c2b763
0x04d8812446cc9e8159d4e8d64d2129323ec00cdd,0.18181818181818182,2.893299331835547,21.072270533557486,79821879,110.913237134875,22,https://hashdive.com/Analyze_User?user_address=0x04d8812446cc9e8159d4e8d64d2129323ec00cdd
0x7cb1c20fe2ae9818c7af6a016b79b615ee03984e,0.5935483870967742,8.068066821625033,21.071032398369184,79821879,10142.167259785565,155,https://hashdive.com/Analyze_User?user_address=0x7cb1c20fe2ae9818c7af6a016b79b615ee03984e
0xc1d26dd977bf6033ec392d41cffc4ffde5a6aae4,0.625,2.1283513019044378,21.070677888853933,79821879,2848.507564246827,8,https://hashdive.com/Analyze_User?user_address=0xc1d26dd977bf6033ec392d41cffc4ffde5a6aae4
0x614dd68f937a6f6d46b19b7a03e2cc8cf35d4f6f,0.6,2.127983396381436,21.067035624176217,79821879,59.93906822865901,5,https://hashdive.com/Analyze_User?user_address=0x614dd68f937a6f6d46b19b7a03e2cc8cf35d4f6f
0x1917a28bb88e04ec1c975915b14834e4db6375a6,0.5432098765432098,3.5688200137343515,21.063786427232326,79821879,1551.2604566602795,81,https://hashdive.com/Analyze_User?user_address=0x1917a28bb88e04ec1c975915b14834e4db6375a6
0xa596dc0379c8e4fcd9e0698cb4512e320a0bda37,0.4375,2.453082120033115,21.05607910898032,79821879,2750.5135793414547,16,https://hashdive.com/Analyze_User?user_address=0xa596dc0379c8e4fcd9e0698cb4512e320a0bda37
0x4de6f278c5fe7713f1562b1b1628d4b6c6607229,0.5833333333333334,2.8046980500757117,21.055403230428205,79821879,415.70985125167203,24,https://hashdive.com/Analyze_User?user_address=0x4de6f278c5fe7713f1562b1b1628d4b6c6607229
0xa34273bb77b8b12a5e4007e1ca5cd4db3446ddc6,0.5,2.126514955002528,21.052498054525024,79821879,312.7080684341249,8,https://hashdive.com/Analyze_User?user_address=0xa34273bb77b8b12a5e4007e1ca5cd4db3446ddc6
0x60197983eb53eb6f5d65b6e2824a9f6d19bfcf5b,0.5,2.423945624253337,21.04912554075664,79827278,80.3944681418,10,https://hashdive.com/Analyze_User?user_address=0x60197983eb53eb6f5d65b6e2824a9f6d19bfcf5b
0xb820a226ccd013630d84f5a6ea4d674cd183cbe7,0.5830618892508144,10.0,21.047105919552216,79830877,42746.246210812424,307,https://hashdive.com/Analyze_User?user_address=0xb820a226ccd013630d84f5a6ea4d674cd183cbe7
0x7c1049ce7eb851e888feaa4a318deb9c78cf35dc,0.75,3.7887230071108586,21.04610297602898,79821879,4710.64561261,48,https://hashdive.com/Analyze_User?user_address=0x7c1049ce7eb851e888feaa4a318deb9c78cf35dc
0x03d8cbf70535b1cc7bc3f439d48009809c83bd2e,0.6363636363636364,2.841341013061774,21.045386765657632,79821879,3509.2099999999996,11,https://hashdive.com/Analyze_User?user_address=0x03d8cbf70535b1cc7bc3f439d48009809c83bd2e
0x14d16100d6b29c937804ea25b3d6b08d59845146,0.7142857142857143,5.722775576812493,21.045199980771876,79821879,45.271648002,42,https://hashdive.com/Analyze_User?user_address=0x14d16100d6b29c937804ea25b3d6b08d59845146
0xc349e3004132e6879592934bd3714d8460d2754f,0.5714285714285714,3.6637973589158896,21.040522987516837,79821879,2377.5900000000006,35,https://hashdive.com/Analyze_User?user_address=0xc349e3004132e6879592934bd3714d8460d2754f
0x53bffcbff36055113b8775ae488e9bda0988bc10,0.5,2.1250498145179537,21.03799316372774,79821879,29374.711315168606,8,https://hashdive.com/Analyze_User?user_address=0x53bffcbff36055113b8775ae488e9bda0988bc10
0x6f4a17f91332d03c5b87a853379a48d149f9ea6b,0.6363636363636364,3.1112703500661603,21.03724290636189,79821879,74.377649,11,https://hashdive.com/Analyze_User?user_address=0x6f4a17f91332d03c5b87a853379a48d149f9ea6b
0x58b6b6b24f30d7b8973c8130fcdef9b4697fe367,0.5,2.12482978260548,21.035814847794253,79821879,61.00387840284101,6,https://hashdive.com/Analyze_User?user_address=0x58b6b6b24f30d7b8973c8130fcdef9b4697fe367
0xa0657277ea04b4dcfa7eb6abc1f659ec1022a98d,1.0,2.124543378118287,21.03297944337104,79821879,233.80509969391602,5,https://hashdive.com/Analyze_User?user_address=0xa0657277ea04b4dcfa7eb6abc1f659ec1022a98d
0x153bfc53d846dd80638394af0bb2214e49d3c666,0.7142857142857143,2.6035749165534345,21.032253306661918,79821879,3536.7312849698988,14,https://hashdive.com/Analyze_User?user_address=0x153bfc53d846dd80638394af0bb2214e49d3c666
0x4f0a51583fc71fe4ad980219c27baab9806800ad,0.4,2.1242362057064725,21.029938436494078,79821879,1363.3366652127502,5,https://hashdive.com/Analyze_User?user_address=0x4f0a51583fc71fe4ad980219c27baab9806800ad
0x8cb732c878fe8fb605a76f823c8324c7baad8ff2,0.7222222222222222,3.183314602318078,21.029841570713007,79821879,27.798902464967,18,https://hashdive.com/Analyze_User?user_address=0x8cb732c878fe8fb605a76f823c8324c7baad8ff2
0xad4741dd0825eb77a0cff95baed4f313e2dc1d5a,0.6875,3.268942685462291,21.02764918097523,79821879,137.74038749784398,16,https://hashdive.com/Analyze_User?user_address=0xad4741dd0825eb77a0cff95baed4f313e2dc1d5a
0xf46d6a4a4f2e5447ca5afcfb927d7cc3a2c74bc6,0.16666666666666666,2.890269032603156,21.025305998459434,79821879,211.96412681989,18,https://hashdive.com/Analyze_User?user_address=0xf46d6a4a4f2e5447ca5afcfb927d7cc3a2c74bc6
0xb33c48b715206acc7251831281b29e3593973ed6,0.4318181818181818,5.453588024228073,21.024748345485737,79821879,132.86957805322507,88,https://hashdive.com/Analyze_User?user_address=0xb33c48b715206acc7251831281b29e3593973ed6
0xa765d20d15f7a4bcacd495bebb9a687ca3476bf0,1.0,2.123687126889868,21.02450255620969,79821879,2400.5,5,https://hashdive.com/Analyze_User?user_address=0xa765d20d15f7a4bcacd495bebb9a687ca3476bf0
0x0912aa364c29bb87a14a90d9f2a8fcd42b3df8cd,0.75,2.421336043798212,21.023118001401954,79821879,155.128924,8,https://hashdive.com/Analyze_User?user_address=0x0912aa364c29bb87a14a90d9f2a8fcd42b3df8cd
0xf01a6af52ed599bc9a0a01fefa050f8617af9c79,0.15254237288135594,2.395401895918959,21.02051288709476,79821879,387.085614616407,59,https://hashdive.com/Analyze_User?user_address=0xf01a6af52ed599bc9a0a01fefa050f8617af9c79
0xf5c1f4093afe496dd2d9a108b5bfd0e37cf7d728,0.75,2.123271178658228,21.020384668716456,79821879,667.2867292649911,12,https://hashdive.com/Analyze_User?user_address=0xf5c1f4093afe496dd2d9a108b5bfd0e37cf7d728
0xe71fb8ec10acad9ccd11c19a2aef10ad199f283a,0.19047619047619047,3.092190205578133,21.018250487218303,79821879,2630.8393391641052,21,https://hashdive.com/Analyze_User?user_address=0xe71fb8ec10acad9ccd11c19a2aef10ad199f283a
0x66bd936922dbc602e1378111f86a218215ab7bc3,0.5454545454545454,2.9651125504625946,21.015868801231356,79821879,13.820991411109997,11,https://hashdive.com/Analyze_User?user_address=0x66bd936922dbc602e1378111f86a218215ab7bc3
0x3c1013300022d6aa888b21064781b9212e3fe86e,0.6666666666666666,4.155925290366025,21.014908778884838,79821879,8.646773866694998,21,https://hashdive.com/Analyze_User?user_address=0x3c1013300022d6aa888b21064781b9212e3fe86e
0xf4c744d7c8d4318b11115eafcd9951fce6d19705,0.16666666666666666,2.122688826287455,21.014619380245804,79821879,151.95522631942197,6,https://hashdive.com/Analyze_User?user_address=0xf4c744d7c8d4318b11115eafcd9951fce6d19705
0x40add44b3a4b26f5d3567ee38dcec38a1f1113dd,0.4956521739130435,9.572113392352003,21.012796377259328,79821879,29.650612922816002,115,https://hashdive.com/Analyze_User?user_address=0x40add44b3a4b26f5d3567ee38dcec38a1f1113dd
0x986839eccafcdc263865db740ff88b836dfb013e,0.6666666666666666,2.1224140160401745,21.011898758797727,79827278,374.458070199007,9,https://hashdive.com/Analyze_User?user_address=0x986839eccafcdc263865db740ff88b836dfb013e
0xaff553aa54e236ac3e6b522f01fcb5f8d7dc5e4d,0.4642857142857143,4.354701894770558,21.00928096824493,79821879,259.97726699970497,28,https://hashdive.com/Analyze_User?user_address=0xaff553aa54e236ac3e6b522f01fcb5f8d7dc5e4d
0xee0f755c3cd5ff4d0034aef5beb3a037cca30cc6,0.7222222222222222,3.8100021748182806,21.007073652111714,79821879,16.54085114719,18,https://hashdive.com/Analyze_User?user_address=0xee0f755c3cd5ff4d0034aef5beb3a037cca30cc6
0x14a389b7f40c6ce76cbc2975a554e422bdf5b394,0.42105263157894735,4.986713473312331,21.005873377760985,79821879,380.588791452086,57,https://hashdive.com/Analyze_User?user_address=0x14a389b7f40c6ce76cbc2975a554e422bdf5b394
0x193ed266c34f7707b876c7f0b531ca25b61c0b31,0.6886792452830188,8.39387558293495,21.004349499778026,79821879,5420.823823999999,106,https://hashdive.com/Analyze_User?user_address=0x193ed266c34f7707b876c7f0b531ca25b61c0b31
0x397e636a4e84ff113a9ff622190a5de77a5ace08,0.47619047619047616,4.056238976763418,21.002750777339315,79821879,122.177179315691,21,https://hashdive.com/Analyze_User?user_address=0x397e636a4e84ff113a9ff622190a5de77a5ace08
0x65c96fa56d682fc493de136416cfdcb3264b64b8,0.6,2.121320619504776,21.001074133097283,79821879,0.099801161725,5,https://hashdive.com/Analyze_User?user_address=0x65c96fa56d682fc493de136416cfdcb3264b64b8
0x7612987d9d5a04fd5dea03e3ce765e711113b2dc,0.2,2.1213190864465545,21.00105895582089,79821879,17.172796001409,5,https://hashdive.com/Analyze_User?user_address=0x7612987d9d5a04fd5dea03e3ce765e711113b2dc
0x3b0d2352c38902ffc8a7a711b8ffe34c6608ee2f,0.8,2.1213172846295136,21.001041117832187,79821879,10.137182662499999,5,https://hashdive.com/Analyze_User?user_address=0x3b0d2352c38902ffc8a7a711b8ffe34c6608ee2f
