{
  "hash": "e373c93da8a1b0c55aa861d727499d6b",
  "metadata": {
    "deltaPath": [
      0,
      37
    ],
    "activeScriptHash": "6a47bfc5b7667a5df7fe5439ea897b73"
  },
  "delta": {
    "newElement": {
      "plotlyChart": {
        "useContainerWidth": true,
        "theme": "streamlit",
        "id": "$$ID-c6b279cf8440bbb79035fde332910a6d-None",
        "spec": "{\"data\":[{\"histfunc\":\"sum\",\"hovertemplate\":\"ROI bin: %{x}%\\u003cbr\\u003eTotal Invested: %{y:,.0f} USD\\u003cextra\\u003e\\u003c\\u002fextra\\u003e\",\"marker\":{\"color\":\"green\"},\"name\":\"Positive\",\"x\":[88.67956603869813,400.0,161.780785342356,127.27318181954546,500.0,1.3172026344052687,36.98647397294795,44.92768985537971,286.1017444069776,78.57170714341429,143.9030339098388,100.0,49.25389850779701,66.66666666666666,61.29052258104516,72.41401724205173,72.41401724205173,69.49173898347796,44.92768985537971,100.0,23.456917284586424],\"xbins\":{\"end\":500,\"size\":10,\"start\":-100},\"y\":[0.999997,1.0,0.999997,0.999997,0.999977,0.999998,0.999998,0.999998,0.999996,1.999996,0.9999969909770001,2.0,0.999998,0.999999,0.999998,0.999997,0.999997,0.999998,0.999998,1.0,0.999995],\"type\":\"histogram\"},{\"histfunc\":\"sum\",\"hovertemplate\":\"ROI bin: %{x}%\\u003cbr\\u003eTotal Invested: %{y:,.0f} USD\\u003cextra\\u003e\\u003c\\u002fextra\\u003e\",\"marker\":{\"color\":\"red\"},\"name\":\"Negative\",\"x\":[-99.99989998489772,-100.0,-100.0,-100.0,-99.99989997779508,-100.0,-100.0,-100.0,-99.9998999992,-99.99995237956911,-97.59615384615384,-100.0,-100.0,-100.0,-99.9999867997624,-99.99997643935863,-99.9999627463255,-100.0,-92.02379053283458,-94.06975365058987,-100.0,-100.0,-100.0,-99.99989999980001,-100.0,-100.0,-99.99989999980001,-99.99994997398647,-100.0],\"xbins\":{\"end\":500,\"size\":10,\"start\":-100},\"y\":[0.999849,0.999997,1.0,1.0,0.999778,0.999958,0.999997,0.999996,0.999992,2.099939,0.999999,0.999964,0.999999,1.0,0.999982,1.999988,0.999998,0.999997343209,0.9999970390490001,0.9999970744200001,0.999997,0.999993,1.0,0.999998,0.999999,0.999993,0.999998,1.99896,0.999996],\"type\":\"histogram\"}],\"layout\":{\"template\":{\"data\":{\"candlestick\":[{\"decreasing\":{\"line\":{\"color\":\"#000033\"}},\"increasing\":{\"line\":{\"color\":\"#000032\"}},\"type\":\"candlestick\"}],\"contourcarpet\":[{\"colorscale\":[[0.0,\"#000011\"],[0.1111111111111111,\"#000012\"],[0.2222222222222222,\"#000013\"],[0.3333333333333333,\"#000014\"],[0.4444444444444444,\"#000015\"],[0.5555555555555556,\"#000016\"],[0.6666666666666666,\"#000017\"],[0.7777777777777778,\"#000018\"],[0.8888888888888888,\"#000019\"],[1.0,\"#000020\"]],\"type\":\"contourcarpet\"}],\"contour\":[{\"colorscale\":[[0.0,\"#000011\"],[0.1111111111111111,\"#000012\"],[0.2222222222222222,\"#000013\"],[0.3333333333333333,\"#000014\"],[0.4444444444444444,\"#000015\"],[0.5555555555555556,\"#000016\"],[0.6666666666666666,\"#000017\"],[0.7777777777777778,\"#000018\"],[0.8888888888888888,\"#000019\"],[1.0,\"#000020\"]],\"type\":\"contour\"}],\"heatmap\":[{\"colorscale\":[[0.0,\"#000011\"],[0.1111111111111111,\"#000012\"],[0.2222222222222222,\"#000013\"],[0.3333333333333333,\"#000014\"],[0.4444444444444444,\"#000015\"],[0.5555555555555556,\"#000016\"],[0.6666666666666666,\"#000017\"],[0.7777777777777778,\"#000018\"],[0.8888888888888888,\"#000019\"],[1.0,\"#000020\"]],\"type\":\"heatmap\"}],\"histogram2d\":[{\"colorscale\":[[0.0,\"#000011\"],[0.1111111111111111,\"#000012\"],[0.2222222222222222,\"#000013\"],[0.3333333333333333,\"#000014\"],[0.4444444444444444,\"#000015\"],[0.5555555555555556,\"#000016\"],[0.6666666666666666,\"#000017\"],[0.7777777777777778,\"#000018\"],[0.8888888888888888,\"#000019\"],[1.0,\"#000020\"]],\"type\":\"histogram2d\"}],\"icicle\":[{\"textfont\":{\"color\":\"white\"},\"type\":\"icicle\"}],\"sankey\":[{\"textfont\":{\"color\":\"#000036\"},\"type\":\"sankey\"}],\"scatter\":[{\"marker\":{\"line\":{\"width\":0}},\"type\":\"scatter\"}],\"table\":[{\"cells\":{\"fill\":{\"color\":\"#000038\"},\"font\":{\"color\":\"#000037\"},\"line\":{\"color\":\"#000039\"}},\"header\":{\"fill\":{\"color\":\"#000040\"},\"font\":{\"color\":\"#000036\"},\"line\":{\"color\":\"#000039\"}},\"type\":\"table\"}],\"waterfall\":[{\"connector\":{\"line\":{\"color\":\"#000036\",\"width\":2}},\"decreasing\":{\"marker\":{\"color\":\"#000033\"}},\"increasing\":{\"marker\":{\"color\":\"#000032\"}},\"totals\":{\"marker\":{\"color\":\"#000034\"}},\"type\":\"waterfall\"}]},\"layout\":{\"coloraxis\":{\"colorscale\":[[0.0,\"#000011\"],[0.1111111111111111,\"#000012\"],[0.2222222222222222,\"#000013\"],[0.3333333333333333,\"#000014\"],[0.4444444444444444,\"#000015\"],[0.5555555555555556,\"#000016\"],[0.6666666666666666,\"#000017\"],[0.7777777777777778,\"#000018\"],[0.8888888888888888,\"#000019\"],[1.0,\"#000020\"]]},\"colorscale\":{\"diverging\":[[0.0,\"#000021\"],[0.1,\"#000022\"],[0.2,\"#000023\"],[0.3,\"#000024\"],[0.4,\"#000025\"],[0.5,\"#000026\"],[0.6,\"#000027\"],[0.7,\"#000028\"],[0.8,\"#000029\"],[0.9,\"#000030\"],[1.0,\"#000031\"]],\"sequential\":[[0.0,\"#000011\"],[0.1111111111111111,\"#000012\"],[0.2222222222222222,\"#000013\"],[0.3333333333333333,\"#000014\"],[0.4444444444444444,\"#000015\"],[0.5555555555555556,\"#000016\"],[0.6666666666666666,\"#000017\"],[0.7777777777777778,\"#000018\"],[0.8888888888888888,\"#000019\"],[1.0,\"#000020\"]],\"sequentialminus\":[[0.0,\"#000011\"],[0.1111111111111111,\"#000012\"],[0.2222222222222222,\"#000013\"],[0.3333333333333333,\"#000014\"],[0.4444444444444444,\"#000015\"],[0.5555555555555556,\"#000016\"],[0.6666666666666666,\"#000017\"],[0.7777777777777778,\"#000018\"],[0.8888888888888888,\"#000019\"],[1.0,\"#000020\"]]},\"colorway\":[\"#000001\",\"#000002\",\"#000003\",\"#000004\",\"#000005\",\"#000006\",\"#000007\",\"#000008\",\"#000009\",\"#000010\"]}},\"shapes\":[{\"line\":{\"dash\":\"dash\"},\"opacity\":0.6,\"type\":\"line\",\"x0\":0,\"x1\":0,\"xref\":\"x\",\"y0\":0,\"y1\":1,\"yref\":\"y domain\"}],\"margin\":{\"l\":10,\"r\":10,\"t\":60,\"b\":10},\"barmode\":\"overlay\",\"bargap\":0.08,\"title\":{\"text\":\"Distribution of ROI weighted by invested capital\"},\"xaxis\":{\"title\":{\"text\":\"Overall PnL (%)\"},\"tickmode\":\"array\",\"tickvals\":[-100,-50,0,50,100,150,200,250,300,350,400,450,500,500],\"ticktext\":[\"-100%\",\"-50%\",\"0%\",\"50%\",\"100%\",\"150%\",\"200%\",\"250%\",\"300%\",\"350%\",\"400%\",\"450%\",\"500%\",\"500%+\"],\"tickangle\":0},\"yaxis\":{\"title\":{\"text\":\"Total Invested (USD)\"}},\"annotations\":[{\"align\":\"center\",\"font\":{\"color\":\"gray\",\"size\":40},\"opacity\":0.25,\"showarrow\":false,\"text\":\"hashdive.com\",\"x\":0.5,\"xref\":\"paper\",\"y\":0.5,\"yref\":\"paper\"}]}}",
        "config": "{}"
      }
    }
  }
}